Date,Energy_Consumption_Wh,Hour,Is_Anomaly
2016-01-11 17:00:00,60,17,False
2016-01-11 17:10:00,60,17,False
2016-01-11 17:20:00,50,17,False
2016-01-11 17:30:00,50,17,False
2016-01-11 17:40:00,60,17,False
2016-01-11 17:50:00,50,17,False
2016-01-11 18:00:00,60,18,False
2016-01-11 18:10:00,60,18,False
2016-01-11 18:20:00,60,18,False
2016-01-11 18:30:00,70,18,False
2016-01-11 18:40:00,230,18,True
2016-01-11 18:50:00,580,18,True
2016-01-11 19:00:00,430,19,True
2016-01-11 19:10:00,250,19,True
2016-01-11 19:20:00,100,19,False
2016-01-11 19:30:00,100,19,False
2016-01-11 19:40:00,90,19,False
2016-01-11 19:50:00,70,19,False
2016-01-11 20:00:00,80,20,False
2016-01-11 20:10:00,140,20,False
2016-01-11 20:20:00,120,20,False
2016-01-11 20:30:00,190,20,True
2016-01-11 20:40:00,110,20,False
2016-01-11 20:50:00,110,20,False
2016-01-11 21:00:00,110,21,False
2016-01-11 21:10:00,110,21,False
2016-01-11 21:20:00,100,21,False
2016-01-11 21:30:00,100,21,False
2016-01-11 21:40:00,100,21,False
2016-01-11 21:50:00,100,21,False
2016-01-11 22:00:00,110,22,False
2016-01-11 22:10:00,400,22,True
2016-01-11 22:20:00,400,22,True
2016-01-11 22:30:00,390,22,True
2016-01-11 22:40:00,240,22,True
2016-01-11 22:50:00,60,22,False
2016-01-11 23:00:00,60,23,False
2016-01-11 23:10:00,60,23,False
2016-01-11 23:20:00,50,23,False
2016-01-11 23:30:00,70,23,False
2016-01-11 23:40:00,60,23,False
2016-01-11 23:50:00,40,23,False
2016-01-12 00:00:00,40,0,False
2016-01-12 00:10:00,30,0,False
2016-01-12 00:20:00,40,0,False
2016-01-12 00:30:00,50,0,False
2016-01-12 00:40:00,310,0,True
2016-01-12 00:50:00,380,0,True
2016-01-12 01:00:00,380,1,True
2016-01-12 01:10:00,370,1,True
2016-01-12 01:20:00,120,1,False
2016-01-12 01:30:00,50,1,False
2016-01-12 01:40:00,40,1,False
2016-01-12 01:50:00,50,1,False
2016-01-12 02:00:00,40,2,False
2016-01-12 02:10:00,50,2,False
2016-01-12 02:20:00,50,2,False
2016-01-12 02:30:00,50,2,False
2016-01-12 02:40:00,40,2,False
2016-01-12 02:50:00,40,2,False
2016-01-12 03:00:00,30,3,False
2016-01-12 03:10:00,20,3,False
2016-01-12 03:20:00,20,3,False
2016-01-12 03:30:00,40,3,False
2016-01-12 03:40:00,50,3,False
2016-01-12 03:50:00,50,3,False
2016-01-12 04:00:00,40,4,False
2016-01-12 04:10:00,50,4,False
2016-01-12 04:20:00,40,4,False
2016-01-12 04:30:00,40,4,False
2016-01-12 04:40:00,40,4,False
2016-01-12 04:50:00,60,4,False
2016-01-12 05:00:00,50,5,False
2016-01-12 05:10:00,50,5,False
2016-01-12 05:20:00,40,5,False
2016-01-12 05:30:00,40,5,False
2016-01-12 05:40:00,40,5,False
2016-01-12 05:50:00,40,5,False
2016-01-12 06:00:00,50,6,False
2016-01-12 06:10:00,70,6,False
2016-01-12 06:20:00,40,6,False
2016-01-12 06:30:00,30,6,False
2016-01-12 06:40:00,20,6,False
2016-01-12 06:50:00,30,6,False
2016-01-12 07:00:00,40,7,False
2016-01-12 07:10:00,50,7,False
2016-01-12 07:20:00,60,7,False
2016-01-12 07:30:00,60,7,False
2016-01-12 07:40:00,70,7,False
2016-01-12 07:50:00,60,7,False
2016-01-12 08:00:00,140,8,False
2016-01-12 08:10:00,110,8,False
2016-01-12 08:20:00,90,8,False
2016-01-12 08:30:00,60,8,False
2016-01-12 08:40:00,60,8,False
2016-01-12 08:50:00,60,8,False
2016-01-12 09:00:00,50,9,False
2016-01-12 09:10:00,60,9,False
2016-01-12 09:20:00,50,9,False
2016-01-12 09:30:00,30,9,False
2016-01-12 09:40:00,40,9,False
2016-01-12 09:50:00,30,9,False
2016-01-12 10:00:00,260,10,True
2016-01-12 10:10:00,500,10,True
2016-01-12 10:20:00,450,10,True
2016-01-12 10:30:00,50,10,False
2016-01-12 10:40:00,60,10,False
2016-01-12 10:50:00,60,10,False
2016-01-12 11:00:00,50,11,False
2016-01-12 11:10:00,50,11,False
2016-01-12 11:20:00,50,11,False
2016-01-12 11:30:00,60,11,False
2016-01-12 11:40:00,60,11,False
2016-01-12 11:50:00,60,11,False
2016-01-12 12:00:00,60,12,False
2016-01-12 12:10:00,190,12,True
2016-01-12 12:20:00,220,12,True
2016-01-12 12:30:00,170,12,False
2016-01-12 12:40:00,390,12,True
2016-01-12 12:50:00,90,12,False
2016-01-12 13:00:00,60,13,False
2016-01-12 13:10:00,290,13,True
2016-01-12 13:20:00,130,13,False
2016-01-12 13:30:00,140,13,False
2016-01-12 13:40:00,240,13,True
2016-01-12 13:50:00,50,13,False
2016-01-12 14:00:00,60,14,False
2016-01-12 14:10:00,60,14,False
2016-01-12 14:20:00,60,14,False
2016-01-12 14:30:00,370,14,True
2016-01-12 14:40:00,200,14,True
2016-01-12 14:50:00,70,14,False
2016-01-12 15:00:00,50,15,False
2016-01-12 15:10:00,40,15,False
2016-01-12 15:20:00,40,15,False
2016-01-12 15:30:00,30,15,False
2016-01-12 15:40:00,30,15,False
2016-01-12 15:50:00,30,15,False
2016-01-12 16:00:00,30,16,False
2016-01-12 16:10:00,40,16,False
2016-01-12 16:20:00,50,16,False
2016-01-12 16:30:00,40,16,False
2016-01-12 16:40:00,40,16,False
2016-01-12 16:50:00,40,16,False
2016-01-12 17:00:00,60,17,False
2016-01-12 17:10:00,60,17,False
2016-01-12 17:20:00,210,17,True
2016-01-12 17:30:00,380,17,True
2016-01-12 17:40:00,370,17,True
2016-01-12 17:50:00,230,17,True
2016-01-12 18:00:00,80,18,False
2016-01-12 18:10:00,90,18,False
2016-01-12 18:20:00,70,18,False
2016-01-12 18:30:00,40,18,False
2016-01-12 18:40:00,40,18,False
2016-01-12 18:50:00,30,18,False
2016-01-12 19:00:00,50,19,False
2016-01-12 19:10:00,50,19,False
2016-01-12 19:20:00,60,19,False
2016-01-12 19:30:00,50,19,False
2016-01-12 19:40:00,60,19,False
2016-01-12 19:50:00,60,19,False
2016-01-12 20:00:00,60,20,False
2016-01-12 20:10:00,50,20,False
2016-01-12 20:20:00,50,20,False
2016-01-12 20:30:00,50,20,False
2016-01-12 20:40:00,50,20,False
2016-01-12 20:50:00,50,20,False
2016-01-12 21:00:00,60,21,False
2016-01-12 21:10:00,60,21,False
2016-01-12 21:20:00,40,21,False
2016-01-12 21:30:00,30,21,False
2016-01-12 21:40:00,30,21,False
2016-01-12 21:50:00,30,21,False
2016-01-12 22:00:00,40,22,False
2016-01-12 22:10:00,50,22,False
2016-01-12 22:20:00,50,22,False
2016-01-12 22:30:00,50,22,False
2016-01-12 22:40:00,40,22,False
2016-01-12 22:50:00,50,22,False
2016-01-12 23:00:00,40,23,False
2016-01-12 23:10:00,40,23,False
2016-01-12 23:20:00,40,23,False
2016-01-12 23:30:00,40,23,False
2016-01-12 23:40:00,50,23,False
2016-01-12 23:50:00,50,23,False
2016-01-13 00:00:00,50,0,False
2016-01-13 00:10:00,30,0,False
2016-01-13 00:20:00,20,0,False
2016-01-13 00:30:00,30,0,False
2016-01-13 00:40:00,20,0,False
2016-01-13 00:50:00,40,0,False
2016-01-13 01:00:00,50,1,False
2016-01-13 01:10:00,60,1,False
2016-01-13 01:20:00,50,1,False
2016-01-13 01:30:00,40,1,False
2016-01-13 01:40:00,40,1,False
2016-01-13 01:50:00,50,1,False
2016-01-13 02:00:00,40,2,False
2016-01-13 02:10:00,40,2,False
2016-01-13 02:20:00,50,2,False
2016-01-13 02:30:00,50,2,False
2016-01-13 02:40:00,50,2,False
2016-01-13 02:50:00,40,2,False
2016-01-13 03:00:00,30,3,False
2016-01-13 03:10:00,20,3,False
2016-01-13 03:20:00,20,3,False
2016-01-13 03:30:00,20,3,False
2016-01-13 03:40:00,50,3,False
2016-01-13 03:50:00,50,3,False
2016-01-13 04:00:00,50,4,False
2016-01-13 04:10:00,40,4,False
2016-01-13 04:20:00,40,4,False
2016-01-13 04:30:00,50,4,False
2016-01-13 04:40:00,40,4,False
2016-01-13 04:50:00,50,4,False
2016-01-13 05:00:00,50,5,False
2016-01-13 05:10:00,50,5,False
2016-01-13 05:20:00,40,5,False
2016-01-13 05:30:00,40,5,False
2016-01-13 05:40:00,50,5,False
2016-01-13 05:50:00,20,5,False
2016-01-13 06:00:00,20,6,False
2016-01-13 06:10:00,50,6,False
2016-01-13 06:20:00,30,6,False
2016-01-13 06:30:00,50,6,False
2016-01-13 06:40:00,50,6,False
2016-01-13 06:50:00,200,6,True
2016-01-13 07:00:00,110,7,False
2016-01-13 07:10:00,80,7,False
2016-01-13 07:20:00,50,7,False
2016-01-13 07:30:00,50,7,False
2016-01-13 07:40:00,50,7,False
2016-01-13 07:50:00,40,7,False
2016-01-13 08:00:00,40,8,False
2016-01-13 08:10:00,30,8,False
2016-01-13 08:20:00,180,8,True
2016-01-13 08:30:00,350,8,True
2016-01-13 08:40:00,350,8,True
2016-01-13 08:50:00,300,8,True
2016-01-13 09:00:00,400,9,True
2016-01-13 09:10:00,390,9,True
2016-01-13 09:20:00,290,9,True
2016-01-13 09:30:00,60,9,False
2016-01-13 09:40:00,70,9,False
2016-01-13 09:50:00,110,9,False
2016-01-13 10:00:00,90,10,False
2016-01-13 10:10:00,60,10,False
2016-01-13 10:20:00,70,10,False
2016-01-13 10:30:00,80,10,False
2016-01-13 10:40:00,60,10,False
2016-01-13 10:50:00,40,10,False
2016-01-13 11:00:00,30,11,False
2016-01-13 11:10:00,70,11,False
2016-01-13 11:20:00,50,11,False
2016-01-13 11:30:00,80,11,False
2016-01-13 11:40:00,80,11,False
2016-01-13 11:50:00,50,11,False
2016-01-13 12:00:00,40,12,False
2016-01-13 12:10:00,50,12,False
2016-01-13 12:20:00,40,12,False
2016-01-13 12:30:00,40,12,False
2016-01-13 12:40:00,50,12,False
2016-01-13 12:50:00,30,12,False
2016-01-13 13:00:00,30,13,False
2016-01-13 13:10:00,20,13,False
2016-01-13 13:20:00,20,13,False
2016-01-13 13:30:00,50,13,False
2016-01-13 13:40:00,40,13,False
2016-01-13 13:50:00,50,13,False
2016-01-13 14:00:00,40,14,False
2016-01-13 14:10:00,60,14,False
2016-01-13 14:20:00,40,14,False
2016-01-13 14:30:00,40,14,False
2016-01-13 14:40:00,50,14,False
2016-01-13 14:50:00,40,14,False
2016-01-13 15:00:00,40,15,False
2016-01-13 15:10:00,30,15,False
2016-01-13 15:20:00,30,15,False
2016-01-13 15:30:00,30,15,False
2016-01-13 15:40:00,40,15,False
2016-01-13 15:50:00,80,15,False
2016-01-13 16:00:00,70,16,False
2016-01-13 16:10:00,80,16,False
2016-01-13 16:20:00,70,16,False
2016-01-13 16:30:00,80,16,False
2016-01-13 16:40:00,80,16,False
2016-01-13 16:50:00,100,16,False
2016-01-13 17:00:00,90,17,False
2016-01-13 17:10:00,100,17,False
2016-01-13 17:20:00,90,17,False
2016-01-13 17:30:00,110,17,False
2016-01-13 17:40:00,90,17,False
2016-01-13 17:50:00,100,17,False
2016-01-13 18:00:00,100,18,False
2016-01-13 18:10:00,110,18,False
2016-01-13 18:20:00,100,18,False
2016-01-13 18:30:00,90,18,False
2016-01-13 18:40:00,90,18,False
2016-01-13 18:50:00,180,18,True
2016-01-13 19:00:00,140,19,False
2016-01-13 19:10:00,100,19,False
2016-01-13 19:20:00,110,19,False
2016-01-13 19:30:00,340,19,True
2016-01-13 19:40:00,380,19,True
2016-01-13 19:50:00,210,19,True
2016-01-13 20:00:00,150,20,False
2016-01-13 20:10:00,330,20,True
2016-01-13 20:20:00,420,20,True
2016-01-13 20:30:00,330,20,True
2016-01-13 20:40:00,130,20,False
2016-01-13 20:50:00,130,20,False
2016-01-13 21:00:00,110,21,False
2016-01-13 21:10:00,250,21,True
2016-01-13 21:20:00,520,21,True
2016-01-13 21:30:00,360,21,True
2016-01-13 21:40:00,330,21,True
2016-01-13 21:50:00,310,21,True
2016-01-13 22:00:00,270,22,True
2016-01-13 22:10:00,230,22,True
2016-01-13 22:20:00,170,22,False
2016-01-13 22:30:00,60,22,False
2016-01-13 22:40:00,30,22,False
2016-01-13 22:50:00,30,22,False
2016-01-13 23:00:00,30,23,False
2016-01-13 23:10:00,40,23,False
2016-01-13 23:20:00,50,23,False
2016-01-13 23:30:00,50,23,False
2016-01-13 23:40:00,40,23,False
2016-01-13 23:50:00,40,23,False
2016-01-14 00:00:00,50,0,False
2016-01-14 00:10:00,50,0,False
2016-01-14 00:20:00,40,0,False
2016-01-14 00:30:00,60,0,False
2016-01-14 00:40:00,40,0,False
2016-01-14 00:50:00,40,0,False
2016-01-14 01:00:00,50,1,False
2016-01-14 01:10:00,40,1,False
2016-01-14 01:20:00,30,1,False
2016-01-14 01:30:00,30,1,False
2016-01-14 01:40:00,30,1,False
2016-01-14 01:50:00,40,1,False
2016-01-14 02:00:00,40,2,False
2016-01-14 02:10:00,50,2,False
2016-01-14 02:20:00,40,2,False
2016-01-14 02:30:00,40,2,False
2016-01-14 02:40:00,40,2,False
2016-01-14 02:50:00,50,2,False
2016-01-14 03:00:00,50,3,False
2016-01-14 03:10:00,50,3,False
2016-01-14 03:20:00,40,3,False
2016-01-14 03:30:00,50,3,False
2016-01-14 03:40:00,40,3,False
2016-01-14 03:50:00,40,3,False
2016-01-14 04:00:00,20,4,False
2016-01-14 04:10:00,30,4,False
2016-01-14 04:20:00,30,4,False
2016-01-14 04:30:00,40,4,False
2016-01-14 04:40:00,50,4,False
2016-01-14 04:50:00,40,4,False
2016-01-14 05:00:00,40,5,False
2016-01-14 05:10:00,50,5,False
2016-01-14 05:20:00,40,5,False
2016-01-14 05:30:00,50,5,False
2016-01-14 05:40:00,50,5,False
2016-01-14 05:50:00,40,5,False
2016-01-14 06:00:00,50,6,False
2016-01-14 06:10:00,40,6,False
2016-01-14 06:20:00,40,6,False
2016-01-14 06:30:00,40,6,False
2016-01-14 06:40:00,40,6,False
2016-01-14 06:50:00,30,6,False
2016-01-14 07:00:00,70,7,False
2016-01-14 07:10:00,360,7,True
2016-01-14 07:20:00,400,7,True
2016-01-14 07:30:00,70,7,False
2016-01-14 07:40:00,70,7,False
2016-01-14 07:50:00,390,7,True
2016-01-14 08:00:00,100,8,False
2016-01-14 08:10:00,80,8,False
2016-01-14 08:20:00,70,8,False
2016-01-14 08:30:00,170,8,False
2016-01-14 08:40:00,360,8,True
2016-01-14 08:50:00,180,8,True
2016-01-14 09:00:00,130,9,False
2016-01-14 09:10:00,70,9,False
2016-01-14 09:20:00,70,9,False
2016-01-14 09:30:00,180,9,True
2016-01-14 09:40:00,170,9,False
2016-01-14 09:50:00,390,9,True
2016-01-14 10:00:00,420,10,True
2016-01-14 10:10:00,340,10,True
2016-01-14 10:20:00,550,10,True
2016-01-14 10:30:00,690,10,True
2016-01-14 10:40:00,620,10,True
2016-01-14 10:50:00,610,10,True
2016-01-14 11:00:00,490,11,True
2016-01-14 11:10:00,260,11,True
2016-01-14 11:20:00,240,11,True
2016-01-14 11:30:00,220,11,True
2016-01-14 11:40:00,130,11,False
2016-01-14 11:50:00,90,11,False
2016-01-14 12:00:00,290,12,True
2016-01-14 12:10:00,410,12,True
2016-01-14 12:20:00,320,12,True
2016-01-14 12:30:00,260,12,True
2016-01-14 12:40:00,210,12,True
2016-01-14 12:50:00,210,12,True
2016-01-14 13:00:00,140,13,False
2016-01-14 13:10:00,60,13,False
2016-01-14 13:20:00,50,13,False
2016-01-14 13:30:00,60,13,False
2016-01-14 13:40:00,50,13,False
2016-01-14 13:50:00,60,13,False
2016-01-14 14:00:00,140,14,False
2016-01-14 14:10:00,270,14,True
2016-01-14 14:20:00,200,14,True
2016-01-14 14:30:00,60,14,False
2016-01-14 14:40:00,50,14,False
2016-01-14 14:50:00,60,14,False
2016-01-14 15:00:00,80,15,False
2016-01-14 15:10:00,50,15,False
2016-01-14 15:20:00,40,15,False
2016-01-14 15:30:00,50,15,False
2016-01-14 15:40:00,50,15,False
2016-01-14 15:50:00,40,15,False
2016-01-14 16:00:00,30,16,False
2016-01-14 16:10:00,30,16,False
2016-01-14 16:20:00,200,16,True
2016-01-14 16:30:00,450,16,True
2016-01-14 16:40:00,400,16,True
2016-01-14 16:50:00,740,16,True
2016-01-14 17:00:00,910,17,True
2016-01-14 17:10:00,610,17,True
2016-01-14 17:20:00,510,17,True
2016-01-14 17:30:00,190,17,True
2016-01-14 17:40:00,110,17,False
2016-01-14 17:50:00,100,17,False
2016-01-14 18:00:00,90,18,False
2016-01-14 18:10:00,110,18,False
2016-01-14 18:20:00,100,18,False
2016-01-14 18:30:00,110,18,False
2016-01-14 18:40:00,100,18,False
2016-01-14 18:50:00,790,18,True
2016-01-14 19:00:00,380,19,True
2016-01-14 19:10:00,360,19,True
2016-01-14 19:20:00,360,19,True
2016-01-14 19:30:00,100,19,False
2016-01-14 19:40:00,100,19,False
2016-01-14 19:50:00,90,19,False
2016-01-14 20:00:00,90,20,False
2016-01-14 20:10:00,110,20,False
2016-01-14 20:20:00,140,20,False
2016-01-14 20:30:00,110,20,False
2016-01-14 20:40:00,100,20,False
2016-01-14 20:50:00,110,20,False
2016-01-14 21:00:00,130,21,False
2016-01-14 21:10:00,140,21,False
2016-01-14 21:20:00,130,21,False
2016-01-14 21:30:00,120,21,False
2016-01-14 21:40:00,100,21,False
2016-01-14 21:50:00,80,21,False
2016-01-14 22:00:00,50,22,False
2016-01-14 22:10:00,50,22,False
2016-01-14 22:20:00,50,22,False
2016-01-14 22:30:00,40,22,False
2016-01-14 22:40:00,50,22,False
2016-01-14 22:50:00,50,22,False
2016-01-14 23:00:00,50,23,False
2016-01-14 23:10:00,40,23,False
2016-01-14 23:20:00,30,23,False
2016-01-14 23:30:00,30,23,False
2016-01-14 23:40:00,40,23,False
2016-01-14 23:50:00,40,23,False
2016-01-15 00:00:00,50,0,False
2016-01-15 00:10:00,60,0,False
2016-01-15 00:20:00,50,0,False
2016-01-15 00:30:00,60,0,False
2016-01-15 00:40:00,50,0,False
2016-01-15 00:50:00,50,0,False
2016-01-15 01:00:00,50,1,False
2016-01-15 01:10:00,50,1,False
2016-01-15 01:20:00,50,1,False
2016-01-15 01:30:00,50,1,False
2016-01-15 01:40:00,60,1,False
2016-01-15 01:50:00,50,1,False
2016-01-15 02:00:00,50,2,False
2016-01-15 02:10:00,50,2,False
2016-01-15 02:20:00,50,2,False
2016-01-15 02:30:00,40,2,False
2016-01-15 02:40:00,50,2,False
2016-01-15 02:50:00,40,2,False
2016-01-15 03:00:00,30,3,False
2016-01-15 03:10:00,40,3,False
2016-01-15 03:20:00,30,3,False
2016-01-15 03:30:00,60,3,False
2016-01-15 03:40:00,50,3,False
2016-01-15 03:50:00,50,3,False
2016-01-15 04:00:00,40,4,False
2016-01-15 04:10:00,50,4,False
2016-01-15 04:20:00,60,4,False
2016-01-15 04:30:00,50,4,False
2016-01-15 04:40:00,50,4,False
2016-01-15 04:50:00,50,4,False
2016-01-15 05:00:00,50,5,False
2016-01-15 05:10:00,40,5,False
2016-01-15 05:20:00,50,5,False
2016-01-15 05:30:00,50,5,False
2016-01-15 05:40:00,50,5,False
2016-01-15 05:50:00,60,5,False
2016-01-15 06:00:00,50,6,False
2016-01-15 06:10:00,40,6,False
2016-01-15 06:20:00,50,6,False
2016-01-15 06:30:00,50,6,False
2016-01-15 06:40:00,50,6,False
2016-01-15 06:50:00,30,6,False
2016-01-15 07:00:00,70,7,False
2016-01-15 07:10:00,50,7,False
2016-01-15 07:20:00,50,7,False
2016-01-15 07:30:00,50,7,False
2016-01-15 07:40:00,50,7,False
2016-01-15 07:50:00,40,7,False
2016-01-15 08:00:00,50,8,False
2016-01-15 08:10:00,50,8,False
2016-01-15 08:20:00,150,8,False
2016-01-15 08:30:00,390,8,True
2016-01-15 08:40:00,390,8,True
2016-01-15 08:50:00,380,8,True
2016-01-15 09:00:00,400,9,True
2016-01-15 09:10:00,370,9,True
2016-01-15 09:20:00,310,9,True
2016-01-15 09:30:00,40,9,False
2016-01-15 09:40:00,50,9,False
2016-01-15 09:50:00,70,9,False
2016-01-15 10:00:00,60,10,False
2016-01-15 10:10:00,90,10,False
2016-01-15 10:20:00,60,10,False
2016-01-15 10:30:00,60,10,False
2016-01-15 10:40:00,100,10,False
2016-01-15 10:50:00,380,10,True
2016-01-15 11:00:00,390,11,True
2016-01-15 11:10:00,130,11,False
2016-01-15 11:20:00,60,11,False
2016-01-15 11:30:00,60,11,False
2016-01-15 11:40:00,50,11,False
2016-01-15 11:50:00,60,11,False
2016-01-15 12:00:00,60,12,False
2016-01-15 12:10:00,240,12,True
2016-01-15 12:20:00,80,12,False
2016-01-15 12:30:00,80,12,False
2016-01-15 12:40:00,400,12,True
2016-01-15 12:50:00,400,12,True
2016-01-15 13:00:00,460,13,True
2016-01-15 13:10:00,170,13,False
2016-01-15 13:20:00,210,13,True
2016-01-15 13:30:00,190,13,True
2016-01-15 13:40:00,70,13,False
2016-01-15 13:50:00,80,13,False
2016-01-15 14:00:00,60,14,False
2016-01-15 14:10:00,70,14,False
2016-01-15 14:20:00,60,14,False
2016-01-15 14:30:00,70,14,False
2016-01-15 14:40:00,60,14,False
2016-01-15 14:50:00,60,14,False
2016-01-15 15:00:00,60,15,False
2016-01-15 15:10:00,60,15,False
2016-01-15 15:20:00,60,15,False
2016-01-15 15:30:00,50,15,False
2016-01-15 15:40:00,50,15,False
2016-01-15 15:50:00,60,15,False
2016-01-15 16:00:00,50,16,False
2016-01-15 16:10:00,50,16,False
2016-01-15 16:20:00,70,16,False
2016-01-15 16:30:00,50,16,False
2016-01-15 16:40:00,60,16,False
2016-01-15 16:50:00,60,16,False
2016-01-15 17:00:00,90,17,False
2016-01-15 17:10:00,100,17,False
2016-01-15 17:20:00,90,17,False
2016-01-15 17:30:00,100,17,False
2016-01-15 17:40:00,110,17,False
2016-01-15 17:50:00,100,17,False
2016-01-15 18:00:00,80,18,False
2016-01-15 18:10:00,110,18,False
2016-01-15 18:20:00,260,18,True
2016-01-15 18:30:00,350,18,True
2016-01-15 18:40:00,500,18,True
2016-01-15 18:50:00,370,18,True
2016-01-15 19:00:00,330,19,True
2016-01-15 19:10:00,100,19,False
2016-01-15 19:20:00,110,19,False
2016-01-15 19:30:00,140,19,False
2016-01-15 19:40:00,310,19,True
2016-01-15 19:50:00,330,19,True
2016-01-15 20:00:00,190,20,True
2016-01-15 20:10:00,160,20,False
2016-01-15 20:20:00,160,20,False
2016-01-15 20:30:00,480,20,True
2016-01-15 20:40:00,280,20,True
2016-01-15 20:50:00,130,20,False
2016-01-15 21:00:00,150,21,False
2016-01-15 21:10:00,140,21,False
2016-01-15 21:20:00,130,21,False
2016-01-15 21:30:00,130,21,False
2016-01-15 21:40:00,340,21,True
2016-01-15 21:50:00,490,21,True
2016-01-15 22:00:00,230,22,True
2016-01-15 22:10:00,360,22,True
2016-01-15 22:20:00,410,22,True
2016-01-15 22:30:00,150,22,False
2016-01-15 22:40:00,80,22,False
2016-01-15 22:50:00,80,22,False
2016-01-15 23:00:00,70,23,False
2016-01-15 23:10:00,70,23,False
2016-01-15 23:20:00,70,23,False
2016-01-15 23:30:00,60,23,False
2016-01-15 23:40:00,60,23,False
2016-01-15 23:50:00,50,23,False
2016-01-16 00:00:00,50,0,False
2016-01-16 00:10:00,50,0,False
2016-01-16 00:20:00,30,0,False
2016-01-16 00:30:00,20,0,False
2016-01-16 00:40:00,40,0,False
2016-01-16 00:50:00,50,0,False
2016-01-16 01:00:00,50,1,False
2016-01-16 01:10:00,50,1,False
2016-01-16 01:20:00,60,1,False
2016-01-16 01:30:00,50,1,False
2016-01-16 01:40:00,60,1,False
2016-01-16 01:50:00,50,1,False
2016-01-16 02:00:00,40,2,False
2016-01-16 02:10:00,50,2,False
2016-01-16 02:20:00,50,2,False
2016-01-16 02:30:00,50,2,False
2016-01-16 02:40:00,50,2,False
2016-01-16 02:50:00,40,2,False
2016-01-16 03:00:00,30,3,False
2016-01-16 03:10:00,30,3,False
2016-01-16 03:20:00,40,3,False
2016-01-16 03:30:00,50,3,False
2016-01-16 03:40:00,50,3,False
2016-01-16 03:50:00,50,3,False
2016-01-16 04:00:00,50,4,False
2016-01-16 04:10:00,60,4,False
2016-01-16 04:20:00,50,4,False
2016-01-16 04:30:00,50,4,False
2016-01-16 04:40:00,40,4,False
2016-01-16 04:50:00,50,4,False
2016-01-16 05:00:00,50,5,False
2016-01-16 05:10:00,50,5,False
2016-01-16 05:20:00,50,5,False
2016-01-16 05:30:00,30,5,False
2016-01-16 05:40:00,30,5,False
2016-01-16 05:50:00,30,5,False
2016-01-16 06:00:00,50,6,False
2016-01-16 06:10:00,50,6,False
2016-01-16 06:20:00,40,6,False
2016-01-16 06:30:00,60,6,False
2016-01-16 06:40:00,60,6,False
2016-01-16 06:50:00,50,6,False
2016-01-16 07:00:00,50,7,False
2016-01-16 07:10:00,50,7,False
2016-01-16 07:20:00,220,7,True
2016-01-16 07:30:00,390,7,True
2016-01-16 07:40:00,380,7,True
2016-01-16 07:50:00,390,7,True
2016-01-16 08:00:00,390,8,True
2016-01-16 08:10:00,240,8,True
2016-01-16 08:20:00,40,8,False
2016-01-16 08:30:00,70,8,False
2016-01-16 08:40:00,50,8,False
2016-01-16 08:50:00,50,8,False
2016-01-16 09:00:00,70,9,False
2016-01-16 09:10:00,60,9,False
2016-01-16 09:20:00,70,9,False
2016-01-16 09:30:00,60,9,False
2016-01-16 09:40:00,50,9,False
2016-01-16 09:50:00,60,9,False
2016-01-16 10:00:00,60,10,False
2016-01-16 10:10:00,80,10,False
2016-01-16 10:20:00,100,10,False
2016-01-16 10:30:00,60,10,False
2016-01-16 10:40:00,70,10,False
2016-01-16 10:50:00,60,10,False
2016-01-16 11:00:00,60,11,False
2016-01-16 11:10:00,50,11,False
2016-01-16 11:20:00,50,11,False
2016-01-16 11:30:00,40,11,False
2016-01-16 11:40:00,50,11,False
2016-01-16 11:50:00,70,11,False
2016-01-16 12:00:00,60,12,False
2016-01-16 12:10:00,60,12,False
2016-01-16 12:20:00,80,12,False
2016-01-16 12:30:00,80,12,False
2016-01-16 12:40:00,80,12,False
2016-01-16 12:50:00,90,12,False
2016-01-16 13:00:00,90,13,False
2016-01-16 13:10:00,100,13,False
2016-01-16 13:20:00,80,13,False
2016-01-16 13:30:00,90,13,False
2016-01-16 13:40:00,80,13,False
2016-01-16 13:50:00,80,13,False
2016-01-16 14:00:00,80,14,False
2016-01-16 14:10:00,80,14,False
2016-01-16 14:20:00,90,14,False
2016-01-16 14:30:00,70,14,False
2016-01-16 14:40:00,50,14,False
2016-01-16 14:50:00,60,14,False
2016-01-16 15:00:00,70,15,False
2016-01-16 15:10:00,80,15,False
2016-01-16 15:20:00,70,15,False
2016-01-16 15:30:00,370,15,True
2016-01-16 15:40:00,410,15,True
2016-01-16 15:50:00,250,15,True
2016-01-16 16:00:00,80,16,False
2016-01-16 16:10:00,70,16,False
2016-01-16 16:20:00,70,16,False
2016-01-16 16:30:00,80,16,False
2016-01-16 16:40:00,70,16,False
2016-01-16 16:50:00,80,16,False
2016-01-16 17:00:00,80,17,False
2016-01-16 17:10:00,150,17,False
2016-01-16 17:20:00,380,17,True
2016-01-16 17:30:00,290,17,True
2016-01-16 17:40:00,270,17,True
2016-01-16 17:50:00,420,17,True
2016-01-16 18:00:00,280,18,True
2016-01-16 18:10:00,300,18,True
2016-01-16 18:20:00,350,18,True
2016-01-16 18:30:00,270,18,True
2016-01-16 18:40:00,560,18,True
2016-01-16 18:50:00,1080,18,True
2016-01-16 19:00:00,750,19,True
2016-01-16 19:10:00,390,19,True
2016-01-16 19:20:00,350,19,True
2016-01-16 19:30:00,340,19,True
2016-01-16 19:40:00,290,19,True
2016-01-16 19:50:00,230,19,True
2016-01-16 20:00:00,120,20,False
2016-01-16 20:10:00,110,20,False
2016-01-16 20:20:00,100,20,False
2016-01-16 20:30:00,110,20,False
2016-01-16 20:40:00,130,20,False
2016-01-16 20:50:00,140,20,False
2016-01-16 21:00:00,110,21,False
2016-01-16 21:10:00,100,21,False
2016-01-16 21:20:00,100,21,False
2016-01-16 21:30:00,110,21,False
2016-01-16 21:40:00,110,21,False
2016-01-16 21:50:00,190,21,True
2016-01-16 22:00:00,450,22,True
2016-01-16 22:10:00,210,22,True
2016-01-16 22:20:00,100,22,False
2016-01-16 22:30:00,90,22,False
2016-01-16 22:40:00,90,22,False
2016-01-16 22:50:00,80,22,False
2016-01-16 23:00:00,70,23,False
2016-01-16 23:10:00,70,23,False
2016-01-16 23:20:00,70,23,False
2016-01-16 23:30:00,60,23,False
2016-01-16 23:40:00,30,23,False
2016-01-16 23:50:00,30,23,False
2016-01-17 00:00:00,30,0,False
2016-01-17 00:10:00,40,0,False
2016-01-17 00:20:00,50,0,False
2016-01-17 00:30:00,60,0,False
2016-01-17 00:40:00,50,0,False
2016-01-17 00:50:00,50,0,False
2016-01-17 01:00:00,50,1,False
2016-01-17 01:10:00,50,1,False
2016-01-17 01:20:00,50,1,False
2016-01-17 01:30:00,50,1,False
2016-01-17 01:40:00,50,1,False
2016-01-17 01:50:00,60,1,False
2016-01-17 02:00:00,50,2,False
2016-01-17 02:10:00,60,2,False
2016-01-17 02:20:00,50,2,False
2016-01-17 02:30:00,40,2,False
2016-01-17 02:40:00,30,2,False
2016-01-17 02:50:00,30,2,False
2016-01-17 03:00:00,30,3,False
2016-01-17 03:10:00,60,3,False
2016-01-17 03:20:00,50,3,False
2016-01-17 03:30:00,60,3,False
2016-01-17 03:40:00,50,3,False
2016-01-17 03:50:00,50,3,False
2016-01-17 04:00:00,50,4,False
2016-01-17 04:10:00,40,4,False
2016-01-17 04:20:00,60,4,False
2016-01-17 04:30:00,50,4,False
2016-01-17 04:40:00,60,4,False
2016-01-17 04:50:00,50,4,False
2016-01-17 05:00:00,50,5,False
2016-01-17 05:10:00,40,5,False
2016-01-17 05:20:00,50,5,False
2016-01-17 05:30:00,50,5,False
2016-01-17 05:40:00,30,5,False
2016-01-17 05:50:00,40,5,False
2016-01-17 06:00:00,30,6,False
2016-01-17 06:10:00,50,6,False
2016-01-17 06:20:00,50,6,False
2016-01-17 06:30:00,40,6,False
2016-01-17 06:40:00,50,6,False
2016-01-17 06:50:00,50,6,False
2016-01-17 07:00:00,170,7,False
2016-01-17 07:10:00,400,7,True
2016-01-17 07:20:00,390,7,True
2016-01-17 07:30:00,370,7,True
2016-01-17 07:40:00,390,7,True
2016-01-17 07:50:00,370,7,True
2016-01-17 08:00:00,380,8,True
2016-01-17 08:10:00,100,8,False
2016-01-17 08:20:00,90,8,False
2016-01-17 08:30:00,470,8,True
2016-01-17 08:40:00,320,8,True
2016-01-17 08:50:00,270,8,True
2016-01-17 09:00:00,260,9,True
2016-01-17 09:10:00,230,9,True
2016-01-17 09:20:00,470,9,True
2016-01-17 09:30:00,400,9,True
2016-01-17 09:40:00,290,9,True
2016-01-17 09:50:00,100,9,False
2016-01-17 10:00:00,90,10,False
2016-01-17 10:10:00,90,10,False
2016-01-17 10:20:00,90,10,False
2016-01-17 10:30:00,90,10,False
2016-01-17 10:40:00,100,10,False
2016-01-17 10:50:00,80,10,False
2016-01-17 11:00:00,180,11,True
2016-01-17 11:10:00,440,11,True
2016-01-17 11:20:00,300,11,True
2016-01-17 11:30:00,250,11,True
2016-01-17 11:40:00,280,11,True
2016-01-17 11:50:00,460,11,True
2016-01-17 12:00:00,120,12,False
2016-01-17 12:10:00,120,12,False
2016-01-17 12:20:00,110,12,False
2016-01-17 12:30:00,130,12,False
2016-01-17 12:40:00,110,12,False
2016-01-17 12:50:00,120,12,False
2016-01-17 13:00:00,120,13,False
2016-01-17 13:10:00,120,13,False
2016-01-17 13:20:00,130,13,False
2016-01-17 13:30:00,120,13,False
2016-01-17 13:40:00,120,13,False
2016-01-17 13:50:00,410,13,True
2016-01-17 14:00:00,420,14,True
2016-01-17 14:10:00,140,14,False
2016-01-17 14:20:00,60,14,False
2016-01-17 14:30:00,60,14,False
2016-01-17 14:40:00,70,14,False
2016-01-17 14:50:00,80,14,False
2016-01-17 15:00:00,100,15,False
2016-01-17 15:10:00,80,15,False
2016-01-17 15:20:00,80,15,False
2016-01-17 15:30:00,70,15,False
2016-01-17 15:40:00,80,15,False
2016-01-17 15:50:00,80,15,False
2016-01-17 16:00:00,90,16,False
2016-01-17 16:10:00,80,16,False
2016-01-17 16:20:00,80,16,False
2016-01-17 16:30:00,80,16,False
2016-01-17 16:40:00,80,16,False
2016-01-17 16:50:00,80,16,False
2016-01-17 17:00:00,90,17,False
2016-01-17 17:10:00,130,17,False
2016-01-17 17:20:00,380,17,True
2016-01-17 17:30:00,800,17,True
2016-01-17 17:40:00,790,17,True
2016-01-17 17:50:00,540,17,True
2016-01-17 18:00:00,120,18,False
2016-01-17 18:10:00,110,18,False
2016-01-17 18:20:00,160,18,False
2016-01-17 18:30:00,140,18,False
2016-01-17 18:40:00,550,18,True
2016-01-17 18:50:00,530,18,True
2016-01-17 19:00:00,100,19,False
2016-01-17 19:10:00,100,19,False
2016-01-17 19:20:00,90,19,False
2016-01-17 19:30:00,90,19,False
2016-01-17 19:40:00,100,19,False
2016-01-17 19:50:00,130,19,False
2016-01-17 20:00:00,110,20,False
2016-01-17 20:10:00,120,20,False
2016-01-17 20:20:00,100,20,False
2016-01-17 20:30:00,110,20,False
2016-01-17 20:40:00,100,20,False
2016-01-17 20:50:00,120,20,False
2016-01-17 21:00:00,250,21,True
2016-01-17 21:10:00,110,21,False
2016-01-17 21:20:00,110,21,False
2016-01-17 21:30:00,150,21,False
2016-01-17 21:40:00,110,21,False
2016-01-17 21:50:00,50,21,False
2016-01-17 22:00:00,40,22,False
2016-01-17 22:10:00,50,22,False
2016-01-17 22:20:00,50,22,False
2016-01-17 22:30:00,70,22,False
2016-01-17 22:40:00,60,22,False
2016-01-17 22:50:00,60,22,False
2016-01-17 23:00:00,70,23,False
2016-01-17 23:10:00,50,23,False
2016-01-17 23:20:00,70,23,False
2016-01-17 23:30:00,60,23,False
2016-01-17 23:40:00,70,23,False
2016-01-17 23:50:00,60,23,False
2016-01-18 00:00:00,60,0,False
2016-01-18 00:10:00,50,0,False
2016-01-18 00:20:00,40,0,False
2016-01-18 00:30:00,30,0,False
2016-01-18 00:40:00,40,0,False
2016-01-18 00:50:00,50,0,False
2016-01-18 01:00:00,50,1,False
2016-01-18 01:10:00,40,1,False
2016-01-18 01:20:00,50,1,False
2016-01-18 01:30:00,40,1,False
2016-01-18 01:40:00,40,1,False
2016-01-18 01:50:00,40,1,False
2016-01-18 02:00:00,60,2,False
2016-01-18 02:10:00,50,2,False
2016-01-18 02:20:00,50,2,False
2016-01-18 02:30:00,40,2,False
2016-01-18 02:40:00,40,2,False
2016-01-18 02:50:00,20,2,False
2016-01-18 03:00:00,30,3,False
2016-01-18 03:10:00,20,3,False
2016-01-18 03:20:00,50,3,False
2016-01-18 03:30:00,60,3,False
2016-01-18 03:40:00,40,3,False
2016-01-18 03:50:00,50,3,False
2016-01-18 04:00:00,40,4,False
2016-01-18 04:10:00,40,4,False
2016-01-18 04:20:00,50,4,False
2016-01-18 04:30:00,50,4,False
2016-01-18 04:40:00,40,4,False
2016-01-18 04:50:00,50,4,False
2016-01-18 05:00:00,40,5,False
2016-01-18 05:10:00,50,5,False
2016-01-18 05:20:00,30,5,False
2016-01-18 05:30:00,20,5,False
2016-01-18 05:40:00,30,5,False
2016-01-18 05:50:00,30,5,False
2016-01-18 06:00:00,50,6,False
2016-01-18 06:10:00,80,6,False
2016-01-18 06:20:00,40,6,False
2016-01-18 06:30:00,50,6,False
2016-01-18 06:40:00,40,6,False
2016-01-18 06:50:00,70,6,False
2016-01-18 07:00:00,100,7,False
2016-01-18 07:10:00,60,7,False
2016-01-18 07:20:00,50,7,False
2016-01-18 07:30:00,40,7,False
2016-01-18 07:40:00,40,7,False
2016-01-18 07:50:00,40,7,False
2016-01-18 08:00:00,20,8,False
2016-01-18 08:10:00,20,8,False
2016-01-18 08:20:00,30,8,False
2016-01-18 08:30:00,50,8,False
2016-01-18 08:40:00,50,8,False
2016-01-18 08:50:00,40,8,False
2016-01-18 09:00:00,40,9,False
2016-01-18 09:10:00,40,9,False
2016-01-18 09:20:00,40,9,False
2016-01-18 09:30:00,50,9,False
2016-01-18 09:40:00,50,9,False
2016-01-18 09:50:00,50,9,False
2016-01-18 10:00:00,40,10,False
2016-01-18 10:10:00,40,10,False
2016-01-18 10:20:00,20,10,False
2016-01-18 10:30:00,20,10,False
2016-01-18 10:40:00,30,10,False
2016-01-18 10:50:00,40,10,False
2016-01-18 11:00:00,50,11,False
2016-01-18 11:10:00,50,11,False
2016-01-18 11:20:00,40,11,False
2016-01-18 11:30:00,40,11,False
2016-01-18 11:40:00,50,11,False
2016-01-18 11:50:00,40,11,False
2016-01-18 12:00:00,40,12,False
2016-01-18 12:10:00,50,12,False
2016-01-18 12:20:00,40,12,False
2016-01-18 12:30:00,50,12,False
2016-01-18 12:40:00,40,12,False
2016-01-18 12:50:00,20,12,False
2016-01-18 13:00:00,20,13,False
2016-01-18 13:10:00,30,13,False
2016-01-18 13:20:00,40,13,False
2016-01-18 13:30:00,50,13,False
2016-01-18 13:40:00,50,13,False
2016-01-18 13:50:00,50,13,False
2016-01-18 14:00:00,40,14,False
2016-01-18 14:10:00,40,14,False
2016-01-18 14:20:00,40,14,False
2016-01-18 14:30:00,40,14,False
2016-01-18 14:40:00,40,14,False
2016-01-18 14:50:00,50,14,False
2016-01-18 15:00:00,50,15,False
2016-01-18 15:10:00,30,15,False
2016-01-18 15:20:00,20,15,False
2016-01-18 15:30:00,30,15,False
2016-01-18 15:40:00,30,15,False
2016-01-18 15:50:00,40,15,False
2016-01-18 16:00:00,50,16,False
2016-01-18 16:10:00,50,16,False
2016-01-18 16:20:00,50,16,False
2016-01-18 16:30:00,40,16,False
2016-01-18 16:40:00,40,16,False
2016-01-18 16:50:00,50,16,False
2016-01-18 17:00:00,40,17,False
2016-01-18 17:10:00,40,17,False
2016-01-18 17:20:00,40,17,False
2016-01-18 17:30:00,40,17,False
2016-01-18 17:40:00,20,17,False
2016-01-18 17:50:00,30,17,False
2016-01-18 18:00:00,30,18,False
2016-01-18 18:10:00,70,18,False
2016-01-18 18:20:00,230,18,True
2016-01-18 18:30:00,660,18,True
2016-01-18 18:40:00,510,18,True
2016-01-18 18:50:00,300,18,True
2016-01-18 19:00:00,300,19,True
2016-01-18 19:10:00,350,19,True
2016-01-18 19:20:00,90,19,False
2016-01-18 19:30:00,100,19,False
2016-01-18 19:40:00,130,19,False
2016-01-18 19:50:00,200,19,True
2016-01-18 20:00:00,480,20,True
2016-01-18 20:10:00,430,20,True
2016-01-18 20:20:00,630,20,True
2016-01-18 20:30:00,600,20,True
2016-01-18 20:40:00,470,20,True
2016-01-18 20:50:00,740,20,True
2016-01-18 21:00:00,600,21,True
2016-01-18 21:10:00,560,21,True
2016-01-18 21:20:00,440,21,True
2016-01-18 21:30:00,280,21,True
2016-01-18 21:40:00,110,21,False
2016-01-18 21:50:00,80,21,False
2016-01-18 22:00:00,70,22,False
2016-01-18 22:10:00,50,22,False
2016-01-18 22:20:00,50,22,False
2016-01-18 22:30:00,60,22,False
2016-01-18 22:40:00,60,22,False
2016-01-18 22:50:00,50,22,False
2016-01-18 23:00:00,60,23,False
2016-01-18 23:10:00,50,23,False
2016-01-18 23:20:00,50,23,False
2016-01-18 23:30:00,40,23,False
2016-01-18 23:40:00,30,23,False
2016-01-18 23:50:00,40,23,False
2016-01-19 00:00:00,50,0,False
2016-01-19 00:10:00,50,0,False
2016-01-19 00:20:00,50,0,False
2016-01-19 00:30:00,40,0,False
2016-01-19 00:40:00,50,0,False
2016-01-19 00:50:00,40,0,False
2016-01-19 01:00:00,50,1,False
2016-01-19 01:10:00,40,1,False
2016-01-19 01:20:00,50,1,False
2016-01-19 01:30:00,50,1,False
2016-01-19 01:40:00,40,1,False
2016-01-19 01:50:00,40,1,False
2016-01-19 02:00:00,30,2,False
2016-01-19 02:10:00,20,2,False
2016-01-19 02:20:00,20,2,False
2016-01-19 02:30:00,40,2,False
2016-01-19 02:40:00,50,2,False
2016-01-19 02:50:00,40,2,False
2016-01-19 03:00:00,50,3,False
2016-01-19 03:10:00,50,3,False
2016-01-19 03:20:00,40,3,False
2016-01-19 03:30:00,40,3,False
2016-01-19 03:40:00,50,3,False
2016-01-19 03:50:00,50,3,False
2016-01-19 04:00:00,50,4,False
2016-01-19 04:10:00,40,4,False
2016-01-19 04:20:00,50,4,False
2016-01-19 04:30:00,20,4,False
2016-01-19 04:40:00,30,4,False
2016-01-19 04:50:00,10,4,False
2016-01-19 05:00:00,40,5,False
2016-01-19 05:10:00,60,5,False
2016-01-19 05:20:00,40,5,False
2016-01-19 05:30:00,50,5,False
2016-01-19 05:40:00,40,5,False
2016-01-19 05:50:00,40,5,False
2016-01-19 06:00:00,40,6,False
2016-01-19 06:10:00,70,6,False
2016-01-19 06:20:00,50,6,False
2016-01-19 06:30:00,50,6,False
2016-01-19 06:40:00,40,6,False
2016-01-19 06:50:00,30,6,False
2016-01-19 07:00:00,30,7,False
2016-01-19 07:10:00,20,7,False
2016-01-19 07:20:00,50,7,False
2016-01-19 07:30:00,50,7,False
2016-01-19 07:40:00,50,7,False
2016-01-19 07:50:00,50,7,False
2016-01-19 08:00:00,40,8,False
2016-01-19 08:10:00,40,8,False
2016-01-19 08:20:00,50,8,False
2016-01-19 08:30:00,40,8,False
2016-01-19 08:40:00,40,8,False
2016-01-19 08:50:00,40,8,False
2016-01-19 09:00:00,40,9,False
2016-01-19 09:10:00,20,9,False
2016-01-19 09:20:00,30,9,False
2016-01-19 09:30:00,30,9,False
2016-01-19 09:40:00,40,9,False
2016-01-19 09:50:00,40,9,False
2016-01-19 10:00:00,40,10,False
2016-01-19 10:10:00,50,10,False
2016-01-19 10:20:00,50,10,False
2016-01-19 10:30:00,50,10,False
2016-01-19 10:40:00,40,10,False
2016-01-19 10:50:00,40,10,False
2016-01-19 11:00:00,40,11,False
2016-01-19 11:10:00,20,11,False
2016-01-19 11:20:00,20,11,False
2016-01-19 11:30:00,30,11,False
2016-01-19 11:40:00,50,11,False
2016-01-19 11:50:00,40,11,False
2016-01-19 12:00:00,50,12,False
2016-01-19 12:10:00,40,12,False
2016-01-19 12:20:00,40,12,False
2016-01-19 12:30:00,40,12,False
2016-01-19 12:40:00,40,12,False
2016-01-19 12:50:00,50,12,False
2016-01-19 13:00:00,50,13,False
2016-01-19 13:10:00,50,13,False
2016-01-19 13:20:00,30,13,False
2016-01-19 13:30:00,30,13,False
2016-01-19 13:40:00,20,13,False
2016-01-19 13:50:00,20,13,False
2016-01-19 14:00:00,50,14,False
2016-01-19 14:10:00,50,14,False
2016-01-19 14:20:00,50,14,False
2016-01-19 14:30:00,40,14,False
2016-01-19 14:40:00,40,14,False
2016-01-19 14:50:00,40,14,False
2016-01-19 15:00:00,40,15,False
2016-01-19 15:10:00,40,15,False
2016-01-19 15:20:00,50,15,False
2016-01-19 15:30:00,60,15,False
2016-01-19 15:40:00,20,15,False
2016-01-19 15:50:00,20,15,False
2016-01-19 16:00:00,30,16,False
2016-01-19 16:10:00,40,16,False
2016-01-19 16:20:00,40,16,False
2016-01-19 16:30:00,50,16,False
2016-01-19 16:40:00,40,16,False
2016-01-19 16:50:00,50,16,False
2016-01-19 17:00:00,50,17,False
2016-01-19 17:10:00,40,17,False
2016-01-19 17:20:00,40,17,False
2016-01-19 17:30:00,50,17,False
2016-01-19 17:40:00,60,17,False
2016-01-19 17:50:00,190,17,True
2016-01-19 18:00:00,350,18,True
2016-01-19 18:10:00,210,18,True
2016-01-19 18:20:00,140,18,False
2016-01-19 18:30:00,110,18,False
2016-01-19 18:40:00,120,18,False
2016-01-19 18:50:00,120,18,False
2016-01-19 19:00:00,110,19,False
2016-01-19 19:10:00,260,19,True
2016-01-19 19:20:00,550,19,True
2016-01-19 19:30:00,480,19,True
2016-01-19 19:40:00,360,19,True
2016-01-19 19:50:00,360,19,True
2016-01-19 20:00:00,290,20,True
2016-01-19 20:10:00,460,20,True
2016-01-19 20:20:00,570,20,True
2016-01-19 20:30:00,470,20,True
2016-01-19 20:40:00,450,20,True
2016-01-19 20:50:00,450,20,True
2016-01-19 21:00:00,380,21,True
2016-01-19 21:10:00,110,21,False
2016-01-19 21:20:00,110,21,False
2016-01-19 21:30:00,110,21,False
2016-01-19 21:40:00,100,21,False
2016-01-19 21:50:00,110,21,False
2016-01-19 22:00:00,120,22,False
2016-01-19 22:10:00,70,22,False
2016-01-19 22:20:00,50,22,False
2016-01-19 22:30:00,40,22,False
2016-01-19 22:40:00,30,22,False
2016-01-19 22:50:00,30,22,False
2016-01-19 23:00:00,50,23,False
2016-01-19 23:10:00,50,23,False
2016-01-19 23:20:00,50,23,False
2016-01-19 23:30:00,40,23,False
2016-01-19 23:40:00,50,23,False
2016-01-19 23:50:00,40,23,False
2016-01-20 00:00:00,40,0,False
2016-01-20 00:10:00,50,0,False
2016-01-20 00:20:00,40,0,False
2016-01-20 00:30:00,30,0,False
2016-01-20 00:40:00,30,0,False
2016-01-20 00:50:00,30,0,False
2016-01-20 01:00:00,30,1,False
2016-01-20 01:10:00,50,1,False
2016-01-20 01:20:00,40,1,False
2016-01-20 01:30:00,50,1,False
2016-01-20 01:40:00,50,1,False
2016-01-20 01:50:00,50,1,False
2016-01-20 02:00:00,40,2,False
2016-01-20 02:10:00,40,2,False
2016-01-20 02:20:00,40,2,False
2016-01-20 02:30:00,30,2,False
2016-01-20 02:40:00,20,2,False
2016-01-20 02:50:00,20,2,False
2016-01-20 03:00:00,30,3,False
2016-01-20 03:10:00,50,3,False
2016-01-20 03:20:00,50,3,False
2016-01-20 03:30:00,40,3,False
2016-01-20 03:40:00,50,3,False
2016-01-20 03:50:00,40,3,False
2016-01-20 04:00:00,40,4,False
2016-01-20 04:10:00,50,4,False
2016-01-20 04:20:00,50,4,False
2016-01-20 04:30:00,50,4,False
2016-01-20 04:40:00,30,4,False
2016-01-20 04:50:00,30,4,False
2016-01-20 05:00:00,20,5,False
2016-01-20 05:10:00,20,5,False
2016-01-20 05:20:00,40,5,False
2016-01-20 05:30:00,50,5,False
2016-01-20 05:40:00,50,5,False
2016-01-20 05:50:00,50,5,False
2016-01-20 06:00:00,40,6,False
2016-01-20 06:10:00,80,6,False
2016-01-20 06:20:00,40,6,False
2016-01-20 06:30:00,50,6,False
2016-01-20 06:40:00,340,6,True
2016-01-20 06:50:00,150,6,False
2016-01-20 07:00:00,50,7,False
2016-01-20 07:10:00,40,7,False
2016-01-20 07:20:00,60,7,False
2016-01-20 07:30:00,60,7,False
2016-01-20 07:40:00,60,7,False
2016-01-20 07:50:00,50,7,False
2016-01-20 08:00:00,70,8,False
2016-01-20 08:10:00,60,8,False
2016-01-20 08:20:00,60,8,False
2016-01-20 08:30:00,60,8,False
2016-01-20 08:40:00,350,8,True
2016-01-20 08:50:00,360,8,True
2016-01-20 09:00:00,80,9,False
2016-01-20 09:10:00,50,9,False
2016-01-20 09:20:00,60,9,False
2016-01-20 09:30:00,80,9,False
2016-01-20 09:40:00,50,9,False
2016-01-20 09:50:00,80,9,False
2016-01-20 10:00:00,90,10,False
2016-01-20 10:10:00,90,10,False
2016-01-20 10:20:00,70,10,False
2016-01-20 10:30:00,90,10,False
2016-01-20 10:40:00,60,10,False
2016-01-20 10:50:00,70,10,False
2016-01-20 11:00:00,90,11,False
2016-01-20 11:10:00,70,11,False
2016-01-20 11:20:00,110,11,False
2016-01-20 11:30:00,70,11,False
2016-01-20 11:40:00,70,11,False
2016-01-20 11:50:00,80,11,False
2016-01-20 12:00:00,330,12,True
2016-01-20 12:10:00,220,12,True
2016-01-20 12:20:00,70,12,False
2016-01-20 12:30:00,60,12,False
2016-01-20 12:40:00,50,12,False
2016-01-20 12:50:00,60,12,False
2016-01-20 13:00:00,80,13,False
2016-01-20 13:10:00,70,13,False
2016-01-20 13:20:00,80,13,False
2016-01-20 13:30:00,70,13,False
2016-01-20 13:40:00,80,13,False
2016-01-20 13:50:00,70,13,False
2016-01-20 14:00:00,80,14,False
2016-01-20 14:10:00,50,14,False
2016-01-20 14:20:00,40,14,False
2016-01-20 14:30:00,30,14,False
2016-01-20 14:40:00,50,14,False
2016-01-20 14:50:00,80,14,False
2016-01-20 15:00:00,80,15,False
2016-01-20 15:10:00,80,15,False
2016-01-20 15:20:00,70,15,False
2016-01-20 15:30:00,90,15,False
2016-01-20 15:40:00,80,15,False
2016-01-20 15:50:00,80,15,False
2016-01-20 16:00:00,80,16,False
2016-01-20 16:10:00,70,16,False
2016-01-20 16:20:00,60,16,False
2016-01-20 16:30:00,50,16,False
2016-01-20 16:40:00,80,16,False
2016-01-20 16:50:00,80,16,False
2016-01-20 17:00:00,60,17,False
2016-01-20 17:10:00,70,17,False
2016-01-20 17:20:00,340,17,True
2016-01-20 17:30:00,360,17,True
2016-01-20 17:40:00,160,17,False
2016-01-20 17:50:00,120,17,False
2016-01-20 18:00:00,90,18,False
2016-01-20 18:10:00,90,18,False
2016-01-20 18:20:00,90,18,False
2016-01-20 18:30:00,80,18,False
2016-01-20 18:40:00,170,18,False
2016-01-20 18:50:00,830,18,True
2016-01-20 19:00:00,540,19,True
2016-01-20 19:10:00,340,19,True
2016-01-20 19:20:00,410,19,True
2016-01-20 19:30:00,390,19,True
2016-01-20 19:40:00,360,19,True
2016-01-20 19:50:00,330,19,True
2016-01-20 20:00:00,210,20,True
2016-01-20 20:10:00,100,20,False
2016-01-20 20:20:00,160,20,False
2016-01-20 20:30:00,390,20,True
2016-01-20 20:40:00,440,20,True
2016-01-20 20:50:00,400,20,True
2016-01-20 21:00:00,420,21,True
2016-01-20 21:10:00,390,21,True
2016-01-20 21:20:00,410,21,True
2016-01-20 21:30:00,210,21,True
2016-01-20 21:40:00,70,21,False
2016-01-20 21:50:00,60,21,False
2016-01-20 22:00:00,50,22,False
2016-01-20 22:10:00,70,22,False
2016-01-20 22:20:00,160,22,False
2016-01-20 22:30:00,360,22,True
2016-01-20 22:40:00,150,22,False
2016-01-20 22:50:00,60,22,False
2016-01-20 23:00:00,60,23,False
2016-01-20 23:10:00,50,23,False
2016-01-20 23:20:00,50,23,False
2016-01-20 23:30:00,50,23,False
2016-01-20 23:40:00,50,23,False
2016-01-20 23:50:00,50,23,False
2016-01-21 00:00:00,60,0,False
2016-01-21 00:10:00,50,0,False
2016-01-21 00:20:00,40,0,False
2016-01-21 00:30:00,20,0,False
2016-01-21 00:40:00,30,0,False
2016-01-21 00:50:00,50,0,False
2016-01-21 01:00:00,50,1,False
2016-01-21 01:10:00,60,1,False
2016-01-21 01:20:00,60,1,False
2016-01-21 01:30:00,60,1,False
2016-01-21 01:40:00,40,1,False
2016-01-21 01:50:00,60,1,False
2016-01-21 02:00:00,40,2,False
2016-01-21 02:10:00,40,2,False
2016-01-21 02:20:00,40,2,False
2016-01-21 02:30:00,30,2,False
2016-01-21 02:40:00,40,2,False
2016-01-21 02:50:00,60,2,False
2016-01-21 03:00:00,50,3,False
2016-01-21 03:10:00,50,3,False
2016-01-21 03:20:00,40,3,False
2016-01-21 03:30:00,50,3,False
2016-01-21 03:40:00,50,3,False
2016-01-21 03:50:00,60,3,False
2016-01-21 04:00:00,50,4,False
2016-01-21 04:10:00,40,4,False
2016-01-21 04:20:00,30,4,False
2016-01-21 04:30:00,30,4,False
2016-01-21 04:40:00,40,4,False
2016-01-21 04:50:00,50,4,False
2016-01-21 05:00:00,50,5,False
2016-01-21 05:10:00,60,5,False
2016-01-21 05:20:00,60,5,False
2016-01-21 05:30:00,50,5,False
2016-01-21 05:40:00,40,5,False
2016-01-21 05:50:00,50,5,False
2016-01-21 06:00:00,50,6,False
2016-01-21 06:10:00,60,6,False
2016-01-21 06:20:00,30,6,False
2016-01-21 06:30:00,30,6,False
2016-01-21 06:40:00,50,6,False
2016-01-21 06:50:00,50,6,False
2016-01-21 07:00:00,50,7,False
2016-01-21 07:10:00,40,7,False
2016-01-21 07:20:00,60,7,False
2016-01-21 07:30:00,40,7,False
2016-01-21 07:40:00,50,7,False
2016-01-21 07:50:00,40,7,False
2016-01-21 08:00:00,30,8,False
2016-01-21 08:10:00,20,8,False
2016-01-21 08:20:00,20,8,False
2016-01-21 08:30:00,40,8,False
2016-01-21 08:40:00,40,8,False
2016-01-21 08:50:00,40,8,False
2016-01-21 09:00:00,50,9,False
2016-01-21 09:10:00,60,9,False
2016-01-21 09:20:00,60,9,False
2016-01-21 09:30:00,60,9,False
2016-01-21 09:40:00,50,9,False
2016-01-21 09:50:00,40,9,False
2016-01-21 10:00:00,30,10,False
2016-01-21 10:10:00,50,10,False
2016-01-21 10:20:00,70,10,False
2016-01-21 10:30:00,60,10,False
2016-01-21 10:40:00,60,10,False
2016-01-21 10:50:00,60,10,False
2016-01-21 11:00:00,60,11,False
2016-01-21 11:10:00,60,11,False
2016-01-21 11:20:00,50,11,False
2016-01-21 11:30:00,50,11,False
2016-01-21 11:40:00,40,11,False
2016-01-21 11:50:00,50,11,False
2016-01-21 12:00:00,50,12,False
2016-01-21 12:10:00,60,12,False
2016-01-21 12:20:00,60,12,False
2016-01-21 12:30:00,50,12,False
2016-01-21 12:40:00,50,12,False
2016-01-21 12:50:00,50,12,False
2016-01-21 13:00:00,50,13,False
2016-01-21 13:10:00,50,13,False
2016-01-21 13:20:00,290,13,True
2016-01-21 13:30:00,360,13,True
2016-01-21 13:40:00,230,13,True
2016-01-21 13:50:00,60,13,False
2016-01-21 14:00:00,70,14,False
2016-01-21 14:10:00,70,14,False
2016-01-21 14:20:00,80,14,False
2016-01-21 14:30:00,60,14,False
2016-01-21 14:40:00,60,14,False
2016-01-21 14:50:00,40,14,False
2016-01-21 15:00:00,50,15,False
2016-01-21 15:10:00,50,15,False
2016-01-21 15:20:00,40,15,False
2016-01-21 15:30:00,40,15,False
2016-01-21 15:40:00,40,15,False
2016-01-21 15:50:00,50,15,False
2016-01-21 16:00:00,40,16,False
2016-01-21 16:10:00,50,16,False
2016-01-21 16:20:00,40,16,False
2016-01-21 16:30:00,40,16,False
2016-01-21 16:40:00,40,16,False
2016-01-21 16:50:00,40,16,False
2016-01-21 17:00:00,50,17,False
2016-01-21 17:10:00,40,17,False
2016-01-21 17:20:00,20,17,False
2016-01-21 17:30:00,20,17,False
2016-01-21 17:40:00,30,17,False
2016-01-21 17:50:00,50,17,False
2016-01-21 18:00:00,70,18,False
2016-01-21 18:10:00,90,18,False
2016-01-21 18:20:00,110,18,False
2016-01-21 18:30:00,200,18,True
2016-01-21 18:40:00,430,18,True
2016-01-21 18:50:00,1070,18,True
2016-01-21 19:00:00,890,19,True
2016-01-21 19:10:00,590,19,True
2016-01-21 19:20:00,100,19,False
2016-01-21 19:30:00,100,19,False
2016-01-21 19:40:00,120,19,False
2016-01-21 19:50:00,150,19,False
2016-01-21 20:00:00,120,20,False
2016-01-21 20:10:00,120,20,False
2016-01-21 20:20:00,160,20,False
2016-01-21 20:30:00,480,20,True
2016-01-21 20:40:00,460,20,True
2016-01-21 20:50:00,360,20,True
2016-01-21 21:00:00,330,21,True
2016-01-21 21:10:00,310,21,True
2016-01-21 21:20:00,250,21,True
2016-01-21 21:30:00,220,21,True
2016-01-21 21:40:00,90,21,False
2016-01-21 21:50:00,80,21,False
2016-01-21 22:00:00,80,22,False
2016-01-21 22:10:00,70,22,False
2016-01-21 22:20:00,50,22,False
2016-01-21 22:30:00,50,22,False
2016-01-21 22:40:00,40,22,False
2016-01-21 22:50:00,40,22,False
2016-01-21 23:00:00,40,23,False
2016-01-21 23:10:00,30,23,False
2016-01-21 23:20:00,50,23,False
2016-01-21 23:30:00,50,23,False
2016-01-21 23:40:00,40,23,False
2016-01-21 23:50:00,50,23,False
2016-01-22 00:00:00,40,0,False
2016-01-22 00:10:00,40,0,False
2016-01-22 00:20:00,40,0,False
2016-01-22 00:30:00,40,0,False
2016-01-22 00:40:00,50,0,False
2016-01-22 00:50:00,30,0,False
2016-01-22 01:00:00,30,1,False
2016-01-22 01:10:00,20,1,False
2016-01-22 01:20:00,40,1,False
2016-01-22 01:30:00,40,1,False
2016-01-22 01:40:00,50,1,False
2016-01-22 01:50:00,40,1,False
2016-01-22 02:00:00,50,2,False
2016-01-22 02:10:00,50,2,False
2016-01-22 02:20:00,40,2,False
2016-01-22 02:30:00,40,2,False
2016-01-22 02:40:00,30,2,False
2016-01-22 02:50:00,20,2,False
2016-01-22 03:00:00,30,3,False
2016-01-22 03:10:00,30,3,False
2016-01-22 03:20:00,40,3,False
2016-01-22 03:30:00,50,3,False
2016-01-22 03:40:00,40,3,False
2016-01-22 03:50:00,50,3,False
2016-01-22 04:00:00,30,4,False
2016-01-22 04:10:00,40,4,False
2016-01-22 04:20:00,40,4,False
2016-01-22 04:30:00,50,4,False
2016-01-22 04:40:00,40,4,False
2016-01-22 04:50:00,20,4,False
2016-01-22 05:00:00,20,5,False
2016-01-22 05:10:00,30,5,False
2016-01-22 05:20:00,40,5,False
2016-01-22 05:30:00,40,5,False
2016-01-22 05:40:00,50,5,False
2016-01-22 05:50:00,50,5,False
2016-01-22 06:00:00,40,6,False
2016-01-22 06:10:00,50,6,False
2016-01-22 06:20:00,40,6,False
2016-01-22 06:30:00,40,6,False
2016-01-22 06:40:00,30,6,False
2016-01-22 06:50:00,30,6,False
2016-01-22 07:00:00,20,7,False
2016-01-22 07:10:00,30,7,False
2016-01-22 07:20:00,70,7,False
2016-01-22 07:30:00,50,7,False
2016-01-22 07:40:00,60,7,False
2016-01-22 07:50:00,40,7,False
2016-01-22 08:00:00,40,8,False
2016-01-22 08:10:00,40,8,False
2016-01-22 08:20:00,60,8,False
2016-01-22 08:30:00,50,8,False
2016-01-22 08:40:00,30,8,False
2016-01-22 08:50:00,80,8,False
2016-01-22 09:00:00,340,9,True
2016-01-22 09:10:00,50,9,False
2016-01-22 09:20:00,50,9,False
2016-01-22 09:30:00,60,9,False
2016-01-22 09:40:00,60,9,False
2016-01-22 09:50:00,60,9,False
2016-01-22 10:00:00,60,10,False
2016-01-22 10:10:00,50,10,False
2016-01-22 10:20:00,60,10,False
2016-01-22 10:30:00,30,10,False
2016-01-22 10:40:00,30,10,False
2016-01-22 10:50:00,30,10,False
2016-01-22 11:00:00,340,11,True
2016-01-22 11:10:00,400,11,True
2016-01-22 11:20:00,70,11,False
2016-01-22 11:30:00,50,11,False
2016-01-22 11:40:00,40,11,False
2016-01-22 11:50:00,40,11,False
2016-01-22 12:00:00,40,12,False
2016-01-22 12:10:00,40,12,False
2016-01-22 12:20:00,30,12,False
2016-01-22 12:30:00,30,12,False
2016-01-22 12:40:00,20,12,False
2016-01-22 12:50:00,30,12,False
2016-01-22 13:00:00,40,13,False
2016-01-22 13:10:00,50,13,False
2016-01-22 13:20:00,40,13,False
2016-01-22 13:30:00,40,13,False
2016-01-22 13:40:00,50,13,False
2016-01-22 13:50:00,50,13,False
2016-01-22 14:00:00,40,14,False
2016-01-22 14:10:00,30,14,False
2016-01-22 14:20:00,20,14,False
2016-01-22 14:30:00,20,14,False
2016-01-22 14:40:00,20,14,False
2016-01-22 14:50:00,40,14,False
2016-01-22 15:00:00,50,15,False
2016-01-22 15:10:00,50,15,False
2016-01-22 15:20:00,40,15,False
2016-01-22 15:30:00,40,15,False
2016-01-22 15:40:00,40,15,False
2016-01-22 15:50:00,40,15,False
2016-01-22 16:00:00,40,16,False
2016-01-22 16:10:00,20,16,False
2016-01-22 16:20:00,30,16,False
2016-01-22 16:30:00,20,16,False
2016-01-22 16:40:00,40,16,False
2016-01-22 16:50:00,40,16,False
2016-01-22 17:00:00,40,17,False
2016-01-22 17:10:00,40,17,False
2016-01-22 17:20:00,40,17,False
2016-01-22 17:30:00,40,17,False
2016-01-22 17:40:00,50,17,False
2016-01-22 17:50:00,50,17,False
2016-01-22 18:00:00,20,18,False
2016-01-22 18:10:00,20,18,False
2016-01-22 18:20:00,20,18,False
2016-01-22 18:30:00,30,18,False
2016-01-22 18:40:00,40,18,False
2016-01-22 18:50:00,40,18,False
2016-01-22 19:00:00,50,19,False
2016-01-22 19:10:00,40,19,False
2016-01-22 19:20:00,50,19,False
2016-01-22 19:30:00,40,19,False
2016-01-22 19:40:00,30,19,False
2016-01-22 19:50:00,20,19,False
2016-01-22 20:00:00,20,20,False
2016-01-22 20:10:00,20,20,False
2016-01-22 20:20:00,50,20,False
2016-01-22 20:30:00,50,20,False
2016-01-22 20:40:00,40,20,False
2016-01-22 20:50:00,40,20,False
2016-01-22 21:00:00,40,21,False
2016-01-22 21:10:00,40,21,False
2016-01-22 21:20:00,40,21,False
2016-01-22 21:30:00,30,21,False
2016-01-22 21:40:00,20,21,False
2016-01-22 21:50:00,30,21,False
2016-01-22 22:00:00,30,22,False
2016-01-22 22:10:00,40,22,False
2016-01-22 22:20:00,40,22,False
2016-01-22 22:30:00,40,22,False
2016-01-22 22:40:00,40,22,False
2016-01-22 22:50:00,40,22,False
2016-01-22 23:00:00,50,23,False
2016-01-22 23:10:00,40,23,False
2016-01-22 23:20:00,20,23,False
2016-01-22 23:30:00,20,23,False
2016-01-22 23:40:00,20,23,False
2016-01-22 23:50:00,40,23,False
2016-01-23 00:00:00,40,0,False
2016-01-23 00:10:00,50,0,False
2016-01-23 00:20:00,40,0,False
2016-01-23 00:30:00,50,0,False
2016-01-23 00:40:00,40,0,False
2016-01-23 00:50:00,40,0,False
2016-01-23 01:00:00,20,1,False
2016-01-23 01:10:00,20,1,False
2016-01-23 01:20:00,20,1,False
2016-01-23 01:30:00,30,1,False
2016-01-23 01:40:00,50,1,False
2016-01-23 01:50:00,50,1,False
2016-01-23 02:00:00,40,2,False
2016-01-23 02:10:00,40,2,False
2016-01-23 02:20:00,40,2,False
2016-01-23 02:30:00,40,2,False
2016-01-23 02:40:00,30,2,False
2016-01-23 02:50:00,20,2,False
2016-01-23 03:00:00,30,3,False
2016-01-23 03:10:00,30,3,False
2016-01-23 03:20:00,40,3,False
2016-01-23 03:30:00,40,3,False
2016-01-23 03:40:00,50,3,False
2016-01-23 03:50:00,40,3,False
2016-01-23 04:00:00,40,4,False
2016-01-23 04:10:00,30,4,False
2016-01-23 04:20:00,50,4,False
2016-01-23 04:30:00,20,4,False
2016-01-23 04:40:00,20,4,False
2016-01-23 04:50:00,20,4,False
2016-01-23 05:00:00,40,5,False
2016-01-23 05:10:00,40,5,False
2016-01-23 05:20:00,50,5,False
2016-01-23 05:30:00,40,5,False
2016-01-23 05:40:00,40,5,False
2016-01-23 05:50:00,50,5,False
2016-01-23 06:00:00,50,6,False
2016-01-23 06:10:00,10,6,False
2016-01-23 06:20:00,20,6,False
2016-01-23 06:30:00,20,6,False
2016-01-23 06:40:00,40,6,False
2016-01-23 06:50:00,40,6,False
2016-01-23 07:00:00,40,7,False
2016-01-23 07:10:00,50,7,False
2016-01-23 07:20:00,50,7,False
2016-01-23 07:30:00,40,7,False
2016-01-23 07:40:00,40,7,False
2016-01-23 07:50:00,20,7,False
2016-01-23 08:00:00,20,8,False
2016-01-23 08:10:00,40,8,False
2016-01-23 08:20:00,120,8,False
2016-01-23 08:30:00,160,8,False
2016-01-23 08:40:00,220,8,True
2016-01-23 08:50:00,130,8,False
2016-01-23 09:00:00,210,9,True
2016-01-23 09:10:00,140,9,False
2016-01-23 09:20:00,130,9,False
2016-01-23 09:30:00,190,9,True
2016-01-23 09:40:00,130,9,False
2016-01-23 09:50:00,120,9,False
2016-01-23 10:00:00,120,10,False
2016-01-23 10:10:00,120,10,False
2016-01-23 10:20:00,200,10,True
2016-01-23 10:30:00,120,10,False
2016-01-23 10:40:00,110,10,False
2016-01-23 10:50:00,120,10,False
2016-01-23 11:00:00,130,11,False
2016-01-23 11:10:00,130,11,False
2016-01-23 11:20:00,170,11,False
2016-01-23 11:30:00,110,11,False
2016-01-23 11:40:00,140,11,False
2016-01-23 11:50:00,110,11,False
2016-01-23 12:00:00,120,12,False
2016-01-23 12:10:00,110,12,False
2016-01-23 12:20:00,110,12,False
2016-01-23 12:30:00,250,12,True
2016-01-23 12:40:00,250,12,True
2016-01-23 12:50:00,100,12,False
2016-01-23 13:00:00,120,13,False
2016-01-23 13:10:00,120,13,False
2016-01-23 13:20:00,140,13,False
2016-01-23 13:30:00,190,13,True
2016-01-23 13:40:00,150,13,False
2016-01-23 13:50:00,150,13,False
2016-01-23 14:00:00,150,14,False
2016-01-23 14:10:00,150,14,False
2016-01-23 14:20:00,140,14,False
2016-01-23 14:30:00,130,14,False
2016-01-23 14:40:00,180,14,True
2016-01-23 14:50:00,280,14,True
2016-01-23 15:00:00,170,15,False
2016-01-23 15:10:00,130,15,False
2016-01-23 15:20:00,80,15,False
2016-01-23 15:30:00,80,15,False
2016-01-23 15:40:00,70,15,False
2016-01-23 15:50:00,80,15,False
2016-01-23 16:00:00,60,16,False
2016-01-23 16:10:00,40,16,False
2016-01-23 16:20:00,50,16,False
2016-01-23 16:30:00,70,16,False
2016-01-23 16:40:00,80,16,False
2016-01-23 16:50:00,120,16,False
2016-01-23 17:00:00,120,17,False
2016-01-23 17:10:00,420,17,True
2016-01-23 17:20:00,410,17,True
2016-01-23 17:30:00,240,17,True
2016-01-23 17:40:00,220,17,True
2016-01-23 17:50:00,60,17,False
2016-01-23 18:00:00,70,18,False
2016-01-23 18:10:00,90,18,False
2016-01-23 18:20:00,110,18,False
2016-01-23 18:30:00,90,18,False
2016-01-23 18:40:00,100,18,False
2016-01-23 18:50:00,90,18,False
2016-01-23 19:00:00,90,19,False
2016-01-23 19:10:00,90,19,False
2016-01-23 19:20:00,70,19,False
2016-01-23 19:30:00,70,19,False
2016-01-23 19:40:00,80,19,False
2016-01-23 19:50:00,100,19,False
2016-01-23 20:00:00,100,20,False
2016-01-23 20:10:00,90,20,False
2016-01-23 20:20:00,110,20,False
2016-01-23 20:30:00,110,20,False
2016-01-23 20:40:00,110,20,False
2016-01-23 20:50:00,110,20,False
2016-01-23 21:00:00,100,21,False
2016-01-23 21:10:00,80,21,False
2016-01-23 21:20:00,90,21,False
2016-01-23 21:30:00,100,21,False
2016-01-23 21:40:00,110,21,False
2016-01-23 21:50:00,100,21,False
2016-01-23 22:00:00,100,22,False
2016-01-23 22:10:00,90,22,False
2016-01-23 22:20:00,70,22,False
2016-01-23 22:30:00,70,22,False
2016-01-23 22:40:00,60,22,False
2016-01-23 22:50:00,50,22,False
2016-01-23 23:00:00,50,23,False
2016-01-23 23:10:00,60,23,False
2016-01-23 23:20:00,80,23,False
2016-01-23 23:30:00,70,23,False
2016-01-23 23:40:00,80,23,False
2016-01-23 23:50:00,80,23,False
2016-01-24 00:00:00,60,0,False
2016-01-24 00:10:00,40,0,False
2016-01-24 00:20:00,40,0,False
2016-01-24 00:30:00,20,0,False
2016-01-24 00:40:00,20,0,False
2016-01-24 00:50:00,30,0,False
2016-01-24 01:00:00,50,1,False
2016-01-24 01:10:00,40,1,False
2016-01-24 01:20:00,50,1,False
2016-01-24 01:30:00,40,1,False
2016-01-24 01:40:00,40,1,False
2016-01-24 01:50:00,40,1,False
2016-01-24 02:00:00,50,2,False
2016-01-24 02:10:00,30,2,False
2016-01-24 02:20:00,30,2,False
2016-01-24 02:30:00,20,2,False
2016-01-24 02:40:00,20,2,False
2016-01-24 02:50:00,40,2,False
2016-01-24 03:00:00,40,3,False
2016-01-24 03:10:00,50,3,False
2016-01-24 03:20:00,40,3,False
2016-01-24 03:30:00,50,3,False
2016-01-24 03:40:00,50,3,False
2016-01-24 03:50:00,40,3,False
2016-01-24 04:00:00,20,4,False
2016-01-24 04:10:00,30,4,False
2016-01-24 04:20:00,20,4,False
2016-01-24 04:30:00,30,4,False
2016-01-24 04:40:00,40,4,False
2016-01-24 04:50:00,50,4,False
2016-01-24 05:00:00,50,5,False
2016-01-24 05:10:00,40,5,False
2016-01-24 05:20:00,40,5,False
2016-01-24 05:30:00,40,5,False
2016-01-24 05:40:00,40,5,False
2016-01-24 05:50:00,30,5,False
2016-01-24 06:00:00,20,6,False
2016-01-24 06:10:00,30,6,False
2016-01-24 06:20:00,30,6,False
2016-01-24 06:30:00,40,6,False
2016-01-24 06:40:00,40,6,False
2016-01-24 06:50:00,50,6,False
2016-01-24 07:00:00,40,7,False
2016-01-24 07:10:00,40,7,False
2016-01-24 07:20:00,40,7,False
2016-01-24 07:30:00,50,7,False
2016-01-24 07:40:00,40,7,False
2016-01-24 07:50:00,220,7,True
2016-01-24 08:00:00,360,8,True
2016-01-24 08:10:00,360,8,True
2016-01-24 08:20:00,590,8,True
2016-01-24 08:30:00,850,8,True
2016-01-24 08:40:00,690,8,True
2016-01-24 08:50:00,800,8,True
2016-01-24 09:00:00,710,9,True
2016-01-24 09:10:00,680,9,True
2016-01-24 09:20:00,290,9,True
2016-01-24 09:30:00,190,9,True
2016-01-24 09:40:00,120,9,False
2016-01-24 09:50:00,140,9,False
2016-01-24 10:00:00,260,10,True
2016-01-24 10:10:00,310,10,True
2016-01-24 10:20:00,230,10,True
2016-01-24 10:30:00,180,10,True
2016-01-24 10:40:00,320,10,True
2016-01-24 10:50:00,620,10,True
2016-01-24 11:00:00,620,11,True
2016-01-24 11:10:00,530,11,True
2016-01-24 11:20:00,180,11,True
2016-01-24 11:30:00,180,11,True
2016-01-24 11:40:00,120,11,False
2016-01-24 11:50:00,140,11,False
2016-01-24 12:00:00,100,12,False
2016-01-24 12:10:00,120,12,False
2016-01-24 12:20:00,100,12,False
2016-01-24 12:30:00,130,12,False
2016-01-24 12:40:00,270,12,True
2016-01-24 12:50:00,520,12,True
2016-01-24 13:00:00,580,13,True
2016-01-24 13:10:00,520,13,True
2016-01-24 13:20:00,350,13,True
2016-01-24 13:30:00,340,13,True
2016-01-24 13:40:00,330,13,True
2016-01-24 13:50:00,290,13,True
2016-01-24 14:00:00,300,14,True
2016-01-24 14:10:00,280,14,True
2016-01-24 14:20:00,220,14,True
2016-01-24 14:30:00,90,14,False
2016-01-24 14:40:00,90,14,False
2016-01-24 14:50:00,100,14,False
2016-01-24 15:00:00,90,15,False
2016-01-24 15:10:00,80,15,False
2016-01-24 15:20:00,80,15,False
2016-01-24 15:30:00,80,15,False
2016-01-24 15:40:00,90,15,False
2016-01-24 15:50:00,90,15,False
2016-01-24 16:00:00,90,16,False
2016-01-24 16:10:00,80,16,False
2016-01-24 16:20:00,70,16,False
2016-01-24 16:30:00,50,16,False
2016-01-24 16:40:00,60,16,False
2016-01-24 16:50:00,40,16,False
2016-01-24 17:00:00,60,17,False
2016-01-24 17:10:00,60,17,False
2016-01-24 17:20:00,140,17,False
2016-01-24 17:30:00,80,17,False
2016-01-24 17:40:00,70,17,False
2016-01-24 17:50:00,60,17,False
2016-01-24 18:00:00,70,18,False
2016-01-24 18:10:00,60,18,False
2016-01-24 18:20:00,70,18,False
2016-01-24 18:30:00,70,18,False
2016-01-24 18:40:00,70,18,False
2016-01-24 18:50:00,60,18,False
2016-01-24 19:00:00,40,19,False
2016-01-24 19:10:00,40,19,False
2016-01-24 19:20:00,60,19,False
2016-01-24 19:30:00,350,19,True
2016-01-24 19:40:00,410,19,True
2016-01-24 19:50:00,80,19,False
2016-01-24 20:00:00,100,20,False
2016-01-24 20:10:00,80,20,False
2016-01-24 20:20:00,270,20,True
2016-01-24 20:30:00,280,20,True
2016-01-24 20:40:00,90,20,False
2016-01-24 20:50:00,90,20,False
2016-01-24 21:00:00,90,21,False
2016-01-24 21:10:00,90,21,False
2016-01-24 21:20:00,80,21,False
2016-01-24 21:30:00,70,21,False
2016-01-24 21:40:00,70,21,False
2016-01-24 21:50:00,90,21,False
2016-01-24 22:00:00,100,22,False
2016-01-24 22:10:00,90,22,False
2016-01-24 22:20:00,280,22,True
2016-01-24 22:30:00,390,22,True
2016-01-24 22:40:00,150,22,False
2016-01-24 22:50:00,50,22,False
2016-01-24 23:00:00,50,23,False
2016-01-24 23:10:00,40,23,False
2016-01-24 23:20:00,50,23,False
2016-01-24 23:30:00,30,23,False
2016-01-24 23:40:00,20,23,False
2016-01-24 23:50:00,40,23,False
2016-01-25 00:00:00,50,0,False
2016-01-25 00:10:00,50,0,False
2016-01-25 00:20:00,50,0,False
2016-01-25 00:30:00,40,0,False
2016-01-25 00:40:00,50,0,False
2016-01-25 00:50:00,50,0,False
2016-01-25 01:00:00,50,1,False
2016-01-25 01:10:00,50,1,False
2016-01-25 01:20:00,60,1,False
2016-01-25 01:30:00,50,1,False
2016-01-25 01:40:00,40,1,False
2016-01-25 01:50:00,40,1,False
2016-01-25 02:00:00,20,2,False
2016-01-25 02:10:00,30,2,False
2016-01-25 02:20:00,40,2,False
2016-01-25 02:30:00,50,2,False
2016-01-25 02:40:00,50,2,False
2016-01-25 02:50:00,60,2,False
2016-01-25 03:00:00,40,3,False
2016-01-25 03:10:00,50,3,False
2016-01-25 03:20:00,50,3,False
2016-01-25 03:30:00,40,3,False
2016-01-25 03:40:00,50,3,False
2016-01-25 03:50:00,60,3,False
2016-01-25 04:00:00,50,4,False
2016-01-25 04:10:00,60,4,False
2016-01-25 04:20:00,30,4,False
2016-01-25 04:30:00,30,4,False
2016-01-25 04:40:00,20,4,False
2016-01-25 04:50:00,40,4,False
2016-01-25 05:00:00,50,5,False
2016-01-25 05:10:00,50,5,False
2016-01-25 05:20:00,60,5,False
2016-01-25 05:30:00,50,5,False
2016-01-25 05:40:00,40,5,False
2016-01-25 05:50:00,50,5,False
2016-01-25 06:00:00,40,6,False
2016-01-25 06:10:00,50,6,False
2016-01-25 06:20:00,40,6,False
2016-01-25 06:30:00,50,6,False
2016-01-25 06:40:00,60,6,False
2016-01-25 06:50:00,30,6,False
2016-01-25 07:00:00,20,7,False
2016-01-25 07:10:00,30,7,False
2016-01-25 07:20:00,50,7,False
2016-01-25 07:30:00,50,7,False
2016-01-25 07:40:00,40,7,False
2016-01-25 07:50:00,60,7,False
2016-01-25 08:00:00,50,8,False
2016-01-25 08:10:00,50,8,False
2016-01-25 08:20:00,50,8,False
2016-01-25 08:30:00,50,8,False
2016-01-25 08:40:00,40,8,False
2016-01-25 08:50:00,50,8,False
2016-01-25 09:00:00,50,9,False
2016-01-25 09:10:00,20,9,False
2016-01-25 09:20:00,40,9,False
2016-01-25 09:30:00,30,9,False
2016-01-25 09:40:00,50,9,False
2016-01-25 09:50:00,40,9,False
2016-01-25 10:00:00,50,10,False
2016-01-25 10:10:00,50,10,False
2016-01-25 10:20:00,40,10,False
2016-01-25 10:30:00,50,10,False
2016-01-25 10:40:00,50,10,False
2016-01-25 10:50:00,60,10,False
2016-01-25 11:00:00,50,11,False
2016-01-25 11:10:00,50,11,False
2016-01-25 11:20:00,40,11,False
2016-01-25 11:30:00,40,11,False
2016-01-25 11:40:00,30,11,False
2016-01-25 11:50:00,20,11,False
2016-01-25 12:00:00,40,12,False
2016-01-25 12:10:00,50,12,False
2016-01-25 12:20:00,60,12,False
2016-01-25 12:30:00,40,12,False
2016-01-25 12:40:00,50,12,False
2016-01-25 12:50:00,50,12,False
2016-01-25 13:00:00,40,13,False
2016-01-25 13:10:00,50,13,False
2016-01-25 13:20:00,60,13,False
2016-01-25 13:30:00,50,13,False
2016-01-25 13:40:00,60,13,False
2016-01-25 13:50:00,40,13,False
2016-01-25 14:00:00,50,14,False
2016-01-25 14:10:00,30,14,False
2016-01-25 14:20:00,30,14,False
2016-01-25 14:30:00,20,14,False
2016-01-25 14:40:00,40,14,False
2016-01-25 14:50:00,60,14,False
2016-01-25 15:00:00,50,15,False
2016-01-25 15:10:00,50,15,False
2016-01-25 15:20:00,50,15,False
2016-01-25 15:30:00,40,15,False
2016-01-25 15:40:00,50,15,False
2016-01-25 15:50:00,50,15,False
2016-01-25 16:00:00,40,16,False
2016-01-25 16:10:00,60,16,False
2016-01-25 16:20:00,50,16,False
2016-01-25 16:30:00,50,16,False
2016-01-25 16:40:00,50,16,False
2016-01-25 16:50:00,50,16,False
2016-01-25 17:00:00,30,17,False
2016-01-25 17:10:00,30,17,False
2016-01-25 17:20:00,30,17,False
2016-01-25 17:30:00,40,17,False
2016-01-25 17:40:00,60,17,False
2016-01-25 17:50:00,50,17,False
2016-01-25 18:00:00,50,18,False
2016-01-25 18:10:00,40,18,False
2016-01-25 18:20:00,50,18,False
2016-01-25 18:30:00,40,18,False
2016-01-25 18:40:00,50,18,False
2016-01-25 18:50:00,50,18,False
2016-01-25 19:00:00,50,19,False
2016-01-25 19:10:00,60,19,False
2016-01-25 19:20:00,50,19,False
2016-01-25 19:30:00,40,19,False
2016-01-25 19:40:00,360,19,True
2016-01-25 19:50:00,380,19,True
2016-01-25 20:00:00,390,20,True
2016-01-25 20:10:00,390,20,True
2016-01-25 20:20:00,320,20,True
2016-01-25 20:30:00,80,20,False
2016-01-25 20:40:00,70,20,False
2016-01-25 20:50:00,80,20,False
2016-01-25 21:00:00,80,21,False
2016-01-25 21:10:00,70,21,False
2016-01-25 21:20:00,80,21,False
2016-01-25 21:30:00,80,21,False
2016-01-25 21:40:00,80,21,False
2016-01-25 21:50:00,80,21,False
2016-01-25 22:00:00,60,22,False
2016-01-25 22:10:00,50,22,False
2016-01-25 22:20:00,40,22,False
2016-01-25 22:30:00,70,22,False
2016-01-25 22:40:00,80,22,False
2016-01-25 22:50:00,80,22,False
2016-01-25 23:00:00,90,23,False
2016-01-25 23:10:00,80,23,False
2016-01-25 23:20:00,130,23,False
2016-01-25 23:30:00,370,23,True
2016-01-25 23:40:00,370,23,True
2016-01-25 23:50:00,160,23,False
2016-01-26 00:00:00,250,0,True
2016-01-26 00:10:00,380,0,True
2016-01-26 00:20:00,380,0,True
2016-01-26 00:30:00,100,0,False
2016-01-26 00:40:00,40,0,False
2016-01-26 00:50:00,30,0,False
2016-01-26 01:00:00,30,1,False
2016-01-26 01:10:00,30,1,False
2016-01-26 01:20:00,50,1,False
2016-01-26 01:30:00,50,1,False
2016-01-26 01:40:00,50,1,False
2016-01-26 01:50:00,50,1,False
2016-01-26 02:00:00,50,2,False
2016-01-26 02:10:00,40,2,False
2016-01-26 02:20:00,50,2,False
2016-01-26 02:30:00,40,2,False
2016-01-26 02:40:00,40,2,False
2016-01-26 02:50:00,50,2,False
2016-01-26 03:00:00,50,3,False
2016-01-26 03:10:00,50,3,False
2016-01-26 03:20:00,40,3,False
2016-01-26 03:30:00,20,3,False
2016-01-26 03:40:00,20,3,False
2016-01-26 03:50:00,30,3,False
2016-01-26 04:00:00,50,4,False
2016-01-26 04:10:00,50,4,False
2016-01-26 04:20:00,50,4,False
2016-01-26 04:30:00,50,4,False
2016-01-26 04:40:00,50,4,False
2016-01-26 04:50:00,40,4,False
2016-01-26 05:00:00,40,5,False
2016-01-26 05:10:00,40,5,False
2016-01-26 05:20:00,50,5,False
2016-01-26 05:30:00,50,5,False
2016-01-26 05:40:00,50,5,False
2016-01-26 05:50:00,50,5,False
2016-01-26 06:00:00,20,6,False
2016-01-26 06:10:00,20,6,False
2016-01-26 06:20:00,20,6,False
2016-01-26 06:30:00,40,6,False
2016-01-26 06:40:00,50,6,False
2016-01-26 06:50:00,50,6,False
2016-01-26 07:00:00,50,7,False
2016-01-26 07:10:00,50,7,False
2016-01-26 07:20:00,40,7,False
2016-01-26 07:30:00,40,7,False
2016-01-26 07:40:00,70,7,False
2016-01-26 07:50:00,380,7,True
2016-01-26 08:00:00,190,8,True
2016-01-26 08:10:00,60,8,False
2016-01-26 08:20:00,60,8,False
2016-01-26 08:30:00,40,8,False
2016-01-26 08:40:00,20,8,False
2016-01-26 08:50:00,20,8,False
2016-01-26 09:00:00,40,9,False
2016-01-26 09:10:00,40,9,False
2016-01-26 09:20:00,40,9,False
2016-01-26 09:30:00,50,9,False
2016-01-26 09:40:00,50,9,False
2016-01-26 09:50:00,40,9,False
2016-01-26 10:00:00,50,10,False
2016-01-26 10:10:00,40,10,False
2016-01-26 10:20:00,30,10,False
2016-01-26 10:30:00,50,10,False
2016-01-26 10:40:00,40,10,False
2016-01-26 10:50:00,40,10,False
2016-01-26 11:00:00,50,11,False
2016-01-26 11:10:00,30,11,False
2016-01-26 11:20:00,20,11,False
2016-01-26 11:30:00,20,11,False
2016-01-26 11:40:00,40,11,False
2016-01-26 11:50:00,40,11,False
2016-01-26 12:00:00,40,12,False
2016-01-26 12:10:00,50,12,False
2016-01-26 12:20:00,40,12,False
2016-01-26 12:30:00,50,12,False
2016-01-26 12:40:00,50,12,False
2016-01-26 12:50:00,40,12,False
2016-01-26 13:00:00,40,13,False
2016-01-26 13:10:00,40,13,False
2016-01-26 13:20:00,40,13,False
2016-01-26 13:30:00,50,13,False
2016-01-26 13:40:00,50,13,False
2016-01-26 13:50:00,30,13,False
2016-01-26 14:00:00,20,14,False
2016-01-26 14:10:00,20,14,False
2016-01-26 14:20:00,30,14,False
2016-01-26 14:30:00,40,14,False
2016-01-26 14:40:00,50,14,False
2016-01-26 14:50:00,40,14,False
2016-01-26 15:00:00,50,15,False
2016-01-26 15:10:00,50,15,False
2016-01-26 15:20:00,40,15,False
2016-01-26 15:30:00,50,15,False
2016-01-26 15:40:00,40,15,False
2016-01-26 15:50:00,30,15,False
2016-01-26 16:00:00,50,16,False
2016-01-26 16:10:00,40,16,False
2016-01-26 16:20:00,50,16,False
2016-01-26 16:30:00,40,16,False
2016-01-26 16:40:00,50,16,False
2016-01-26 16:50:00,40,16,False
2016-01-26 17:00:00,20,17,False
2016-01-26 17:10:00,20,17,False
2016-01-26 17:20:00,20,17,False
2016-01-26 17:30:00,40,17,False
2016-01-26 17:40:00,50,17,False
2016-01-26 17:50:00,50,17,False
2016-01-26 18:00:00,50,18,False
2016-01-26 18:10:00,40,18,False
2016-01-26 18:20:00,40,18,False
2016-01-26 18:30:00,40,18,False
2016-01-26 18:40:00,40,18,False
2016-01-26 18:50:00,40,18,False
2016-01-26 19:00:00,50,19,False
2016-01-26 19:10:00,40,19,False
2016-01-26 19:20:00,40,19,False
2016-01-26 19:30:00,20,19,False
2016-01-26 19:40:00,20,19,False
2016-01-26 19:50:00,30,19,False
2016-01-26 20:00:00,20,20,False
2016-01-26 20:10:00,50,20,False
2016-01-26 20:20:00,50,20,False
2016-01-26 20:30:00,60,20,False
2016-01-26 20:40:00,540,20,True
2016-01-26 20:50:00,610,20,True
2016-01-26 21:00:00,90,21,False
2016-01-26 21:10:00,50,21,False
2016-01-26 21:20:00,60,21,False
2016-01-26 21:30:00,60,21,False
2016-01-26 21:40:00,70,21,False
2016-01-26 21:50:00,70,21,False
2016-01-26 22:00:00,60,22,False
2016-01-26 22:10:00,70,22,False
2016-01-26 22:20:00,40,22,False
2016-01-26 22:30:00,40,22,False
2016-01-26 22:40:00,40,22,False
2016-01-26 22:50:00,310,22,True
2016-01-26 23:00:00,390,23,True
2016-01-26 23:10:00,380,23,True
2016-01-26 23:20:00,370,23,True
2016-01-26 23:30:00,370,23,True
2016-01-26 23:40:00,90,23,False
2016-01-26 23:50:00,60,23,False
2016-01-27 00:00:00,50,0,False
2016-01-27 00:10:00,50,0,False
2016-01-27 00:20:00,50,0,False
2016-01-27 00:30:00,40,0,False
2016-01-27 00:40:00,50,0,False
2016-01-27 00:50:00,30,0,False
2016-01-27 01:00:00,20,1,False
2016-01-27 01:10:00,20,1,False
2016-01-27 01:20:00,30,1,False
2016-01-27 01:30:00,40,1,False
2016-01-27 01:40:00,50,1,False
2016-01-27 01:50:00,50,1,False
2016-01-27 02:00:00,40,2,False
2016-01-27 02:10:00,40,2,False
2016-01-27 02:20:00,40,2,False
2016-01-27 02:30:00,40,2,False
2016-01-27 02:40:00,40,2,False
2016-01-27 02:50:00,40,2,False
2016-01-27 03:00:00,20,3,False
2016-01-27 03:10:00,30,3,False
2016-01-27 03:20:00,20,3,False
2016-01-27 03:30:00,40,3,False
2016-01-27 03:40:00,40,3,False
2016-01-27 03:50:00,40,3,False
2016-01-27 04:00:00,40,4,False
2016-01-27 04:10:00,50,4,False
2016-01-27 04:20:00,50,4,False
2016-01-27 04:30:00,40,4,False
2016-01-27 04:40:00,40,4,False
2016-01-27 04:50:00,30,4,False
2016-01-27 05:00:00,20,5,False
2016-01-27 05:10:00,20,5,False
2016-01-27 05:20:00,20,5,False
2016-01-27 05:30:00,50,5,False
2016-01-27 05:40:00,50,5,False
2016-01-27 05:50:00,40,5,False
2016-01-27 06:00:00,40,6,False
2016-01-27 06:10:00,50,6,False
2016-01-27 06:20:00,40,6,False
2016-01-27 06:30:00,40,6,False
2016-01-27 06:40:00,40,6,False
2016-01-27 06:50:00,20,6,False
2016-01-27 07:00:00,60,7,False
2016-01-27 07:10:00,20,7,False
2016-01-27 07:20:00,40,7,False
2016-01-27 07:30:00,110,7,False
2016-01-27 07:40:00,310,7,True
2016-01-27 07:50:00,50,7,False
2016-01-27 08:00:00,60,8,False
2016-01-27 08:10:00,60,8,False
2016-01-27 08:20:00,60,8,False
2016-01-27 08:30:00,60,8,False
2016-01-27 08:40:00,60,8,False
2016-01-27 08:50:00,60,8,False
2016-01-27 09:00:00,50,9,False
2016-01-27 09:10:00,60,9,False
2016-01-27 09:20:00,40,9,False
2016-01-27 09:30:00,50,9,False
2016-01-27 09:40:00,390,9,True
2016-01-27 09:50:00,340,9,True
2016-01-27 10:00:00,40,10,False
2016-01-27 10:10:00,20,10,False
2016-01-27 10:20:00,20,10,False
2016-01-27 10:30:00,20,10,False
2016-01-27 10:40:00,30,10,False
2016-01-27 10:50:00,40,10,False
2016-01-27 11:00:00,50,11,False
2016-01-27 11:10:00,50,11,False
2016-01-27 11:20:00,40,11,False
2016-01-27 11:30:00,40,11,False
2016-01-27 11:40:00,40,11,False
2016-01-27 11:50:00,40,11,False
2016-01-27 12:00:00,40,12,False
2016-01-27 12:10:00,40,12,False
2016-01-27 12:20:00,30,12,False
2016-01-27 12:30:00,30,12,False
2016-01-27 12:40:00,30,12,False
2016-01-27 12:50:00,20,12,False
2016-01-27 13:00:00,40,13,False
2016-01-27 13:10:00,40,13,False
2016-01-27 13:20:00,40,13,False
2016-01-27 13:30:00,40,13,False
2016-01-27 13:40:00,50,13,False
2016-01-27 13:50:00,40,13,False
2016-01-27 14:00:00,60,14,False
2016-01-27 14:10:00,40,14,False
2016-01-27 14:20:00,30,14,False
2016-01-27 14:30:00,40,14,False
2016-01-27 14:40:00,40,14,False
2016-01-27 14:50:00,40,14,False
2016-01-27 15:00:00,30,15,False
2016-01-27 15:10:00,20,15,False
2016-01-27 15:20:00,30,15,False
2016-01-27 15:30:00,20,15,False
2016-01-27 15:40:00,50,15,False
2016-01-27 15:50:00,40,15,False
2016-01-27 16:00:00,30,16,False
2016-01-27 16:10:00,50,16,False
2016-01-27 16:20:00,40,16,False
2016-01-27 16:30:00,40,16,False
2016-01-27 16:40:00,50,16,False
2016-01-27 16:50:00,40,16,False
2016-01-27 17:00:00,40,17,False
2016-01-27 17:10:00,40,17,False
2016-01-27 17:20:00,40,17,False
2016-01-27 17:30:00,30,17,False
2016-01-27 17:40:00,30,17,False
2016-01-27 17:50:00,20,17,False
2016-01-27 18:00:00,30,18,False
2016-01-27 18:10:00,40,18,False
2016-01-27 18:20:00,40,18,False
2016-01-27 18:30:00,50,18,False
2016-01-27 18:40:00,40,18,False
2016-01-27 18:50:00,40,18,False
2016-01-27 19:00:00,40,19,False
2016-01-27 19:10:00,40,19,False
2016-01-27 19:20:00,50,19,False
2016-01-27 19:30:00,40,19,False
2016-01-27 19:40:00,30,19,False
2016-01-27 19:50:00,40,19,False
2016-01-27 20:00:00,30,20,False
2016-01-27 20:10:00,20,20,False
2016-01-27 20:20:00,20,20,False
2016-01-27 20:30:00,30,20,False
2016-01-27 20:40:00,40,20,False
2016-01-27 20:50:00,40,20,False
2016-01-27 21:00:00,50,21,False
2016-01-27 21:10:00,30,21,False
2016-01-27 21:20:00,40,21,False
2016-01-27 21:30:00,40,21,False
2016-01-27 21:40:00,50,21,False
2016-01-27 21:50:00,40,21,False
2016-01-27 22:00:00,50,22,False
2016-01-27 22:10:00,40,22,False
2016-01-27 22:20:00,40,22,False
2016-01-27 22:30:00,40,22,False
2016-01-27 22:40:00,30,22,False
2016-01-27 22:50:00,30,22,False
2016-01-27 23:00:00,20,23,False
2016-01-27 23:10:00,30,23,False
2016-01-27 23:20:00,20,23,False
2016-01-27 23:30:00,50,23,False
2016-01-27 23:40:00,40,23,False
2016-01-27 23:50:00,40,23,False
2016-01-28 00:00:00,40,0,False
2016-01-28 00:10:00,40,0,False
2016-01-28 00:20:00,40,0,False
2016-01-28 00:30:00,50,0,False
2016-01-28 00:40:00,50,0,False
2016-01-28 00:50:00,40,0,False
2016-01-28 01:00:00,40,1,False
2016-01-28 01:10:00,40,1,False
2016-01-28 01:20:00,20,1,False
2016-01-28 01:30:00,20,1,False
2016-01-28 01:40:00,30,1,False
2016-01-28 01:50:00,30,1,False
2016-01-28 02:00:00,50,2,False
2016-01-28 02:10:00,50,2,False
2016-01-28 02:20:00,30,2,False
2016-01-28 02:30:00,40,2,False
2016-01-28 02:40:00,50,2,False
2016-01-28 02:50:00,30,2,False
2016-01-28 03:00:00,50,3,False
2016-01-28 03:10:00,50,3,False
2016-01-28 03:20:00,40,3,False
2016-01-28 03:30:00,40,3,False
2016-01-28 03:40:00,40,3,False
2016-01-28 03:50:00,30,3,False
2016-01-28 04:00:00,10,4,False
2016-01-28 04:10:00,20,4,False
2016-01-28 04:20:00,30,4,False
2016-01-28 04:30:00,50,4,False
2016-01-28 04:40:00,50,4,False
2016-01-28 04:50:00,40,4,False
2016-01-28 05:00:00,40,5,False
2016-01-28 05:10:00,40,5,False
2016-01-28 05:20:00,40,5,False
2016-01-28 05:30:00,40,5,False
2016-01-28 05:40:00,40,5,False
2016-01-28 05:50:00,50,5,False
2016-01-28 06:00:00,40,6,False
2016-01-28 06:10:00,40,6,False
2016-01-28 06:20:00,20,6,False
2016-01-28 06:30:00,20,6,False
2016-01-28 06:40:00,20,6,False
2016-01-28 06:50:00,40,6,False
2016-01-28 07:00:00,50,7,False
2016-01-28 07:10:00,40,7,False
2016-01-28 07:20:00,40,7,False
2016-01-28 07:30:00,40,7,False
2016-01-28 07:40:00,40,7,False
2016-01-28 07:50:00,30,7,False
2016-01-28 08:00:00,40,8,False
2016-01-28 08:10:00,50,8,False
2016-01-28 08:20:00,30,8,False
2016-01-28 08:30:00,40,8,False
2016-01-28 08:40:00,10,8,False
2016-01-28 08:50:00,20,8,False
2016-01-28 09:00:00,40,9,False
2016-01-28 09:10:00,40,9,False
2016-01-28 09:20:00,40,9,False
2016-01-28 09:30:00,50,9,False
2016-01-28 09:40:00,50,9,False
2016-01-28 09:50:00,40,9,False
2016-01-28 10:00:00,40,10,False
2016-01-28 10:10:00,40,10,False
2016-01-28 10:20:00,40,10,False
2016-01-28 10:30:00,30,10,False
2016-01-28 10:40:00,20,10,False
2016-01-28 10:50:00,20,10,False
2016-01-28 11:00:00,30,11,False
2016-01-28 11:10:00,50,11,False
2016-01-28 11:20:00,40,11,False
2016-01-28 11:30:00,40,11,False
2016-01-28 11:40:00,40,11,False
2016-01-28 11:50:00,50,11,False
2016-01-28 12:00:00,40,12,False
2016-01-28 12:10:00,40,12,False
2016-01-28 12:20:00,50,12,False
2016-01-28 12:30:00,50,12,False
2016-01-28 12:40:00,40,12,False
2016-01-28 12:50:00,30,12,False
2016-01-28 13:00:00,10,13,False
2016-01-28 13:10:00,20,13,False
2016-01-28 13:20:00,30,13,False
2016-01-28 13:30:00,50,13,False
2016-01-28 13:40:00,50,13,False
2016-01-28 13:50:00,40,13,False
2016-01-28 14:00:00,50,14,False
2016-01-28 14:10:00,40,14,False
2016-01-28 14:20:00,40,14,False
2016-01-28 14:30:00,40,14,False
2016-01-28 14:40:00,40,14,False
2016-01-28 14:50:00,50,14,False
2016-01-28 15:00:00,50,15,False
2016-01-28 15:10:00,20,15,False
2016-01-28 15:20:00,20,15,False
2016-01-28 15:30:00,20,15,False
2016-01-28 15:40:00,20,15,False
2016-01-28 15:50:00,40,15,False
2016-01-28 16:00:00,50,16,False
2016-01-28 16:10:00,50,16,False
2016-01-28 16:20:00,40,16,False
2016-01-28 16:30:00,50,16,False
2016-01-28 16:40:00,30,16,False
2016-01-28 16:50:00,40,16,False
2016-01-28 17:00:00,40,17,False
2016-01-28 17:10:00,40,17,False
2016-01-28 17:20:00,40,17,False
2016-01-28 17:30:00,50,17,False
2016-01-28 17:40:00,50,17,False
2016-01-28 17:50:00,30,17,False
2016-01-28 18:00:00,20,18,False
2016-01-28 18:10:00,20,18,False
2016-01-28 18:20:00,20,18,False
2016-01-28 18:30:00,50,18,False
2016-01-28 18:40:00,40,18,False
2016-01-28 18:50:00,50,18,False
2016-01-28 19:00:00,50,19,False
2016-01-28 19:10:00,40,19,False
2016-01-28 19:20:00,40,19,False
2016-01-28 19:30:00,40,19,False
2016-01-28 19:40:00,40,19,False
2016-01-28 19:50:00,30,19,False
2016-01-28 20:00:00,20,20,False
2016-01-28 20:10:00,20,20,False
2016-01-28 20:20:00,30,20,False
2016-01-28 20:30:00,40,20,False
2016-01-28 20:40:00,40,20,False
2016-01-28 20:50:00,50,20,False
2016-01-28 21:00:00,30,21,False
2016-01-28 21:10:00,40,21,False
2016-01-28 21:20:00,50,21,False
2016-01-28 21:30:00,40,21,False
2016-01-28 21:40:00,50,21,False
2016-01-28 21:50:00,40,21,False
2016-01-28 22:00:00,40,22,False
2016-01-28 22:10:00,40,22,False
2016-01-28 22:20:00,20,22,False
2016-01-28 22:30:00,20,22,False
2016-01-28 22:40:00,30,22,False
2016-01-28 22:50:00,20,22,False
2016-01-28 23:00:00,50,23,False
2016-01-28 23:10:00,40,23,False
2016-01-28 23:20:00,40,23,False
2016-01-28 23:30:00,40,23,False
2016-01-28 23:40:00,40,23,False
2016-01-28 23:50:00,40,23,False
2016-01-29 00:00:00,50,0,False
2016-01-29 00:10:00,50,0,False
2016-01-29 00:20:00,40,0,False
2016-01-29 00:30:00,20,0,False
2016-01-29 00:40:00,20,0,False
2016-01-29 00:50:00,20,0,False
2016-01-29 01:00:00,30,1,False
2016-01-29 01:10:00,50,1,False
2016-01-29 01:20:00,50,1,False
2016-01-29 01:30:00,40,1,False
2016-01-29 01:40:00,50,1,False
2016-01-29 01:50:00,40,1,False
2016-01-29 02:00:00,40,2,False
2016-01-29 02:10:00,40,2,False
2016-01-29 02:20:00,40,2,False
2016-01-29 02:30:00,40,2,False
2016-01-29 02:40:00,50,2,False
2016-01-29 02:50:00,40,2,False
2016-01-29 03:00:00,20,3,False
2016-01-29 03:10:00,20,3,False
2016-01-29 03:20:00,20,3,False
2016-01-29 03:30:00,30,3,False
2016-01-29 03:40:00,50,3,False
2016-01-29 03:50:00,40,3,False
2016-01-29 04:00:00,50,4,False
2016-01-29 04:10:00,40,4,False
2016-01-29 04:20:00,50,4,False
2016-01-29 04:30:00,40,4,False
2016-01-29 04:40:00,40,4,False
2016-01-29 04:50:00,20,4,False
2016-01-29 05:00:00,30,5,False
2016-01-29 05:10:00,20,5,False
2016-01-29 05:20:00,20,5,False
2016-01-29 05:30:00,50,5,False
2016-01-29 05:40:00,40,5,False
2016-01-29 05:50:00,40,5,False
2016-01-29 06:00:00,40,6,False
2016-01-29 06:10:00,40,6,False
2016-01-29 06:20:00,40,6,False
2016-01-29 06:30:00,40,6,False
2016-01-29 06:40:00,50,6,False
2016-01-29 06:50:00,50,6,False
2016-01-29 07:00:00,20,7,False
2016-01-29 07:10:00,20,7,False
2016-01-29 07:20:00,20,7,False
2016-01-29 07:30:00,30,7,False
2016-01-29 07:40:00,40,7,False
2016-01-29 07:50:00,40,7,False
2016-01-29 08:00:00,50,8,False
2016-01-29 08:10:00,40,8,False
2016-01-29 08:20:00,40,8,False
2016-01-29 08:30:00,40,8,False
2016-01-29 08:40:00,40,8,False
2016-01-29 08:50:00,40,8,False
2016-01-29 09:00:00,40,9,False
2016-01-29 09:10:00,20,9,False
2016-01-29 09:20:00,20,9,False
2016-01-29 09:30:00,30,9,False
2016-01-29 09:40:00,40,9,False
2016-01-29 09:50:00,40,9,False
2016-01-29 10:00:00,40,10,False
2016-01-29 10:10:00,40,10,False
2016-01-29 10:20:00,40,10,False
2016-01-29 10:30:00,40,10,False
2016-01-29 10:40:00,50,10,False
2016-01-29 10:50:00,40,10,False
2016-01-29 11:00:00,40,11,False
2016-01-29 11:10:00,30,11,False
2016-01-29 11:20:00,20,11,False
2016-01-29 11:30:00,20,11,False
2016-01-29 11:40:00,10,11,False
2016-01-29 11:50:00,60,11,False
2016-01-29 12:00:00,40,12,False
2016-01-29 12:10:00,40,12,False
2016-01-29 12:20:00,50,12,False
2016-01-29 12:30:00,40,12,False
2016-01-29 12:40:00,40,12,False
2016-01-29 12:50:00,40,12,False
2016-01-29 13:00:00,40,13,False
2016-01-29 13:10:00,50,13,False
2016-01-29 13:20:00,20,13,False
2016-01-29 13:30:00,30,13,False
2016-01-29 13:40:00,20,13,False
2016-01-29 13:50:00,20,13,False
2016-01-29 14:00:00,40,14,False
2016-01-29 14:10:00,50,14,False
2016-01-29 14:20:00,40,14,False
2016-01-29 14:30:00,40,14,False
2016-01-29 14:40:00,50,14,False
2016-01-29 14:50:00,50,14,False
2016-01-29 15:00:00,30,15,False
2016-01-29 15:10:00,40,15,False
2016-01-29 15:20:00,30,15,False
2016-01-29 15:30:00,20,15,False
2016-01-29 15:40:00,20,15,False
2016-01-29 15:50:00,30,15,False
2016-01-29 16:00:00,40,16,False
2016-01-29 16:10:00,50,16,False
2016-01-29 16:20:00,40,16,False
2016-01-29 16:30:00,40,16,False
2016-01-29 16:40:00,50,16,False
2016-01-29 16:50:00,60,16,False
2016-01-29 17:00:00,70,17,False
2016-01-29 17:10:00,60,17,False
2016-01-29 17:20:00,70,17,False
2016-01-29 17:30:00,70,17,False
2016-01-29 17:40:00,70,17,False
2016-01-29 17:50:00,50,17,False
2016-01-29 18:00:00,70,18,False
2016-01-29 18:10:00,80,18,False
2016-01-29 18:20:00,110,18,False
2016-01-29 18:30:00,80,18,False
2016-01-29 18:40:00,90,18,False
2016-01-29 18:50:00,80,18,False
2016-01-29 19:00:00,80,19,False
2016-01-29 19:10:00,70,19,False
2016-01-29 19:20:00,80,19,False
2016-01-29 19:30:00,90,19,False
2016-01-29 19:40:00,100,19,False
2016-01-29 19:50:00,110,19,False
2016-01-29 20:00:00,90,20,False
2016-01-29 20:10:00,80,20,False
2016-01-29 20:20:00,70,20,False
2016-01-29 20:30:00,60,20,False
2016-01-29 20:40:00,80,20,False
2016-01-29 20:50:00,80,20,False
2016-01-29 21:00:00,80,21,False
2016-01-29 21:10:00,90,21,False
2016-01-29 21:20:00,80,21,False
2016-01-29 21:30:00,90,21,False
2016-01-29 21:40:00,80,21,False
2016-01-29 21:50:00,60,21,False
2016-01-29 22:00:00,70,22,False
2016-01-29 22:10:00,70,22,False
2016-01-29 22:20:00,70,22,False
2016-01-29 22:30:00,80,22,False
2016-01-29 22:40:00,80,22,False
2016-01-29 22:50:00,50,22,False
2016-01-29 23:00:00,50,23,False
2016-01-29 23:10:00,60,23,False
2016-01-29 23:20:00,50,23,False
2016-01-29 23:30:00,80,23,False
2016-01-29 23:40:00,60,23,False
2016-01-29 23:50:00,50,23,False
2016-01-30 00:00:00,50,0,False
2016-01-30 00:10:00,40,0,False
2016-01-30 00:20:00,40,0,False
2016-01-30 00:30:00,40,0,False
2016-01-30 00:40:00,40,0,False
2016-01-30 00:50:00,50,0,False
2016-01-30 01:00:00,40,1,False
2016-01-30 01:10:00,40,1,False
2016-01-30 01:20:00,30,1,False
2016-01-30 01:30:00,20,1,False
2016-01-30 01:40:00,20,1,False
2016-01-30 01:50:00,50,1,False
2016-01-30 02:00:00,40,2,False
2016-01-30 02:10:00,40,2,False
2016-01-30 02:20:00,40,2,False
2016-01-30 02:30:00,50,2,False
2016-01-30 02:40:00,50,2,False
2016-01-30 02:50:00,50,2,False
2016-01-30 03:00:00,30,3,False
2016-01-30 03:10:00,40,3,False
2016-01-30 03:20:00,40,3,False
2016-01-30 03:30:00,40,3,False
2016-01-30 03:40:00,50,3,False
2016-01-30 03:50:00,20,3,False
2016-01-30 04:00:00,30,4,False
2016-01-30 04:10:00,20,4,False
2016-01-30 04:20:00,30,4,False
2016-01-30 04:30:00,40,4,False
2016-01-30 04:40:00,40,4,False
2016-01-30 04:50:00,50,4,False
2016-01-30 05:00:00,40,5,False
2016-01-30 05:10:00,50,5,False
2016-01-30 05:20:00,40,5,False
2016-01-30 05:30:00,40,5,False
2016-01-30 05:40:00,50,5,False
2016-01-30 05:50:00,30,5,False
2016-01-30 06:00:00,40,6,False
2016-01-30 06:10:00,40,6,False
2016-01-30 06:20:00,50,6,False
2016-01-30 06:30:00,40,6,False
2016-01-30 06:40:00,50,6,False
2016-01-30 06:50:00,30,6,False
2016-01-30 07:00:00,20,7,False
2016-01-30 07:10:00,20,7,False
2016-01-30 07:20:00,20,7,False
2016-01-30 07:30:00,40,7,False
2016-01-30 07:40:00,40,7,False
2016-01-30 07:50:00,50,7,False
2016-01-30 08:00:00,50,8,False
2016-01-30 08:10:00,40,8,False
2016-01-30 08:20:00,40,8,False
2016-01-30 08:30:00,60,8,False
2016-01-30 08:40:00,50,8,False
2016-01-30 08:50:00,40,8,False
2016-01-30 09:00:00,50,9,False
2016-01-30 09:10:00,50,9,False
2016-01-30 09:20:00,40,9,False
2016-01-30 09:30:00,30,9,False
2016-01-30 09:40:00,30,9,False
2016-01-30 09:50:00,60,9,False
2016-01-30 10:00:00,50,10,False
2016-01-30 10:10:00,40,10,False
2016-01-30 10:20:00,40,10,False
2016-01-30 10:30:00,100,10,False
2016-01-30 10:40:00,60,10,False
2016-01-30 10:50:00,50,10,False
2016-01-30 11:00:00,40,11,False
2016-01-30 11:10:00,50,11,False
2016-01-30 11:20:00,40,11,False
2016-01-30 11:30:00,50,11,False
2016-01-30 11:40:00,180,11,True
2016-01-30 11:50:00,100,11,False
2016-01-30 12:00:00,80,12,False
2016-01-30 12:10:00,200,12,True
2016-01-30 12:20:00,80,12,False
2016-01-30 12:30:00,70,12,False
2016-01-30 12:40:00,80,12,False
2016-01-30 12:50:00,70,12,False
2016-01-30 13:00:00,90,13,False
2016-01-30 13:10:00,220,13,True
2016-01-30 13:20:00,430,13,True
2016-01-30 13:30:00,400,13,True
2016-01-30 13:40:00,410,13,True
2016-01-30 13:50:00,420,13,True
2016-01-30 14:00:00,420,14,True
2016-01-30 14:10:00,140,14,False
2016-01-30 14:20:00,130,14,False
2016-01-30 14:30:00,130,14,False
2016-01-30 14:40:00,440,14,True
2016-01-30 14:50:00,320,14,True
2016-01-30 15:00:00,400,15,True
2016-01-30 15:10:00,230,15,True
2016-01-30 15:20:00,130,15,False
2016-01-30 15:30:00,100,15,False
2016-01-30 15:40:00,100,15,False
2016-01-30 15:50:00,110,15,False
2016-01-30 16:00:00,110,16,False
2016-01-30 16:10:00,120,16,False
2016-01-30 16:20:00,100,16,False
2016-01-30 16:30:00,160,16,False
2016-01-30 16:40:00,510,16,True
2016-01-30 16:50:00,450,16,True
2016-01-30 17:00:00,670,17,True
2016-01-30 17:10:00,660,17,True
2016-01-30 17:20:00,630,17,True
2016-01-30 17:30:00,610,17,True
2016-01-30 17:40:00,590,17,True
2016-01-30 17:50:00,260,17,True
2016-01-30 18:00:00,120,18,False
2016-01-30 18:10:00,250,18,True
2016-01-30 18:20:00,400,18,True
2016-01-30 18:30:00,120,18,False
2016-01-30 18:40:00,120,18,False
2016-01-30 18:50:00,190,18,True
2016-01-30 19:00:00,670,19,True
2016-01-30 19:10:00,780,19,True
2016-01-30 19:20:00,620,19,True
2016-01-30 19:30:00,210,19,True
2016-01-30 19:40:00,110,19,False
2016-01-30 19:50:00,100,19,False
2016-01-30 20:00:00,90,20,False
2016-01-30 20:10:00,90,20,False
2016-01-30 20:20:00,100,20,False
2016-01-30 20:30:00,100,20,False
2016-01-30 20:40:00,110,20,False
2016-01-30 20:50:00,100,20,False
2016-01-30 21:00:00,110,21,False
2016-01-30 21:10:00,100,21,False
2016-01-30 21:20:00,100,21,False
2016-01-30 21:30:00,90,21,False
2016-01-30 21:40:00,90,21,False
2016-01-30 21:50:00,90,21,False
2016-01-30 22:00:00,90,22,False
2016-01-30 22:10:00,70,22,False
2016-01-30 22:20:00,60,22,False
2016-01-30 22:30:00,70,22,False
2016-01-30 22:40:00,50,22,False
2016-01-30 22:50:00,50,22,False
2016-01-30 23:00:00,50,23,False
2016-01-30 23:10:00,50,23,False
2016-01-30 23:20:00,60,23,False
2016-01-30 23:30:00,40,23,False
2016-01-30 23:40:00,40,23,False
2016-01-30 23:50:00,40,23,False
2016-01-31 00:00:00,50,0,False
2016-01-31 00:10:00,40,0,False
2016-01-31 00:20:00,50,0,False
2016-01-31 00:30:00,50,0,False
2016-01-31 00:40:00,50,0,False
2016-01-31 00:50:00,40,0,False
2016-01-31 01:00:00,50,1,False
2016-01-31 01:10:00,40,1,False
2016-01-31 01:20:00,30,1,False
2016-01-31 01:30:00,30,1,False
2016-01-31 01:40:00,30,1,False
2016-01-31 01:50:00,30,1,False
2016-01-31 02:00:00,50,2,False
2016-01-31 02:10:00,50,2,False
2016-01-31 02:20:00,40,2,False
2016-01-31 02:30:00,40,2,False
2016-01-31 02:40:00,50,2,False
2016-01-31 02:50:00,40,2,False
2016-01-31 03:00:00,60,3,False
2016-01-31 03:10:00,50,3,False
2016-01-31 03:20:00,40,3,False
2016-01-31 03:30:00,50,3,False
2016-01-31 03:40:00,40,3,False
2016-01-31 03:50:00,40,3,False
2016-01-31 04:00:00,50,4,False
2016-01-31 04:10:00,30,4,False
2016-01-31 04:20:00,30,4,False
2016-01-31 04:30:00,30,4,False
2016-01-31 04:40:00,30,4,False
2016-01-31 04:50:00,50,4,False
2016-01-31 05:00:00,40,5,False
2016-01-31 05:10:00,40,5,False
2016-01-31 05:20:00,50,5,False
2016-01-31 05:30:00,50,5,False
2016-01-31 05:40:00,40,5,False
2016-01-31 05:50:00,60,5,False
2016-01-31 06:00:00,40,6,False
2016-01-31 06:10:00,50,6,False
2016-01-31 06:20:00,40,6,False
2016-01-31 06:30:00,40,6,False
2016-01-31 06:40:00,50,6,False
2016-01-31 06:50:00,40,6,False
2016-01-31 07:00:00,40,7,False
2016-01-31 07:10:00,40,7,False
2016-01-31 07:20:00,30,7,False
2016-01-31 07:30:00,20,7,False
2016-01-31 07:40:00,40,7,False
2016-01-31 07:50:00,40,7,False
2016-01-31 08:00:00,190,8,True
2016-01-31 08:10:00,150,8,False
2016-01-31 08:20:00,350,8,True
2016-01-31 08:30:00,70,8,False
2016-01-31 08:40:00,90,8,False
2016-01-31 08:50:00,80,8,False
2016-01-31 09:00:00,60,9,False
2016-01-31 09:10:00,50,9,False
2016-01-31 09:20:00,360,9,True
2016-01-31 09:30:00,440,9,True
2016-01-31 09:40:00,440,9,True
2016-01-31 09:50:00,450,9,True
2016-01-31 10:00:00,440,10,True
2016-01-31 10:10:00,140,10,False
2016-01-31 10:20:00,190,10,True
2016-01-31 10:30:00,450,10,True
2016-01-31 10:40:00,360,10,True
2016-01-31 10:50:00,110,10,False
2016-01-31 11:00:00,70,11,False
2016-01-31 11:10:00,130,11,False
2016-01-31 11:20:00,70,11,False
2016-01-31 11:30:00,60,11,False
2016-01-31 11:40:00,140,11,False
2016-01-31 11:50:00,130,11,False
2016-01-31 12:00:00,210,12,True
2016-01-31 12:10:00,530,12,True
2016-01-31 12:20:00,410,12,True
2016-01-31 12:30:00,480,12,True
2016-01-31 12:40:00,410,12,True
2016-01-31 12:50:00,320,12,True
2016-01-31 13:00:00,310,13,True
2016-01-31 13:10:00,290,13,True
2016-01-31 13:20:00,220,13,True
2016-01-31 13:30:00,130,13,False
2016-01-31 13:40:00,130,13,False
2016-01-31 13:50:00,130,13,False
2016-01-31 14:00:00,130,14,False
2016-01-31 14:10:00,120,14,False
2016-01-31 14:20:00,90,14,False
2016-01-31 14:30:00,90,14,False
2016-01-31 14:40:00,80,14,False
2016-01-31 14:50:00,80,14,False
2016-01-31 15:00:00,90,15,False
2016-01-31 15:10:00,170,15,False
2016-01-31 15:20:00,90,15,False
2016-01-31 15:30:00,110,15,False
2016-01-31 15:40:00,90,15,False
2016-01-31 15:50:00,140,15,False
2016-01-31 16:00:00,160,16,False
2016-01-31 16:10:00,100,16,False
2016-01-31 16:20:00,110,16,False
2016-01-31 16:30:00,180,16,True
2016-01-31 16:40:00,400,16,True
2016-01-31 16:50:00,130,16,False
2016-01-31 17:00:00,150,17,False
2016-01-31 17:10:00,140,17,False
2016-01-31 17:20:00,140,17,False
2016-01-31 17:30:00,150,17,False
2016-01-31 17:40:00,190,17,True
2016-01-31 17:50:00,140,17,False
2016-01-31 18:00:00,140,18,False
2016-01-31 18:10:00,150,18,False
2016-01-31 18:20:00,130,18,False
2016-01-31 18:30:00,180,18,True
2016-01-31 18:40:00,640,18,True
2016-01-31 18:50:00,650,18,True
2016-01-31 19:00:00,140,19,False
2016-01-31 19:10:00,80,19,False
2016-01-31 19:20:00,90,19,False
2016-01-31 19:30:00,130,19,False
2016-01-31 19:40:00,130,19,False
2016-01-31 19:50:00,140,19,False
2016-01-31 20:00:00,120,20,False
2016-01-31 20:10:00,130,20,False
2016-01-31 20:20:00,140,20,False
2016-01-31 20:30:00,110,20,False
2016-01-31 20:40:00,200,20,True
2016-01-31 20:50:00,220,20,True
2016-01-31 21:00:00,120,21,False
2016-01-31 21:10:00,100,21,False
2016-01-31 21:20:00,100,21,False
2016-01-31 21:30:00,90,21,False
2016-01-31 21:40:00,100,21,False
2016-01-31 21:50:00,90,21,False
2016-01-31 22:00:00,100,22,False
2016-01-31 22:10:00,90,22,False
2016-01-31 22:20:00,70,22,False
2016-01-31 22:30:00,70,22,False
2016-01-31 22:40:00,60,22,False
2016-01-31 22:50:00,30,22,False
2016-01-31 23:00:00,20,23,False
2016-01-31 23:10:00,20,23,False
2016-01-31 23:20:00,30,23,False
2016-01-31 23:30:00,50,23,False
2016-01-31 23:40:00,60,23,False
2016-01-31 23:50:00,50,23,False
2016-02-01 00:00:00,40,0,False
2016-02-01 00:10:00,50,0,False
2016-02-01 00:20:00,40,0,False
2016-02-01 00:30:00,50,0,False
2016-02-01 00:40:00,40,0,False
2016-02-01 00:50:00,50,0,False
2016-02-01 01:00:00,60,1,False
2016-02-01 01:10:00,50,1,False
2016-02-01 01:20:00,40,1,False
2016-02-01 01:30:00,50,1,False
2016-02-01 01:40:00,40,1,False
2016-02-01 01:50:00,40,1,False
2016-02-01 02:00:00,50,2,False
2016-02-01 02:10:00,50,2,False
2016-02-01 02:20:00,40,2,False
2016-02-01 02:30:00,30,2,False
2016-02-01 02:40:00,20,2,False
2016-02-01 02:50:00,40,2,False
2016-02-01 03:00:00,40,3,False
2016-02-01 03:10:00,50,3,False
2016-02-01 03:20:00,40,3,False
2016-02-01 03:30:00,50,3,False
2016-02-01 03:40:00,50,3,False
2016-02-01 03:50:00,60,3,False
2016-02-01 04:00:00,50,4,False
2016-02-01 04:10:00,40,4,False
2016-02-01 04:20:00,50,4,False
2016-02-01 04:30:00,40,4,False
2016-02-01 04:40:00,50,4,False
2016-02-01 04:50:00,40,4,False
2016-02-01 05:00:00,50,5,False
2016-02-01 05:10:00,50,5,False
2016-02-01 05:20:00,50,5,False
2016-02-01 05:30:00,40,5,False
2016-02-01 05:40:00,50,5,False
2016-02-01 05:50:00,40,5,False
2016-02-01 06:00:00,30,6,False
2016-02-01 06:10:00,20,6,False
2016-02-01 06:20:00,30,6,False
2016-02-01 06:30:00,40,6,False
2016-02-01 06:40:00,50,6,False
2016-02-01 06:50:00,50,6,False
2016-02-01 07:00:00,40,7,False
2016-02-01 07:10:00,40,7,False
2016-02-01 07:20:00,60,7,False
2016-02-01 07:30:00,120,7,False
2016-02-01 07:40:00,370,7,True
2016-02-01 07:50:00,350,7,True
2016-02-01 08:00:00,330,8,True
2016-02-01 08:10:00,60,8,False
2016-02-01 08:20:00,50,8,False
2016-02-01 08:30:00,40,8,False
2016-02-01 08:40:00,40,8,False
2016-02-01 08:50:00,40,8,False
2016-02-01 09:00:00,40,9,False
2016-02-01 09:10:00,50,9,False
2016-02-01 09:20:00,50,9,False
2016-02-01 09:30:00,80,9,False
2016-02-01 09:40:00,140,9,False
2016-02-01 09:50:00,330,9,True
2016-02-01 10:00:00,160,10,False
2016-02-01 10:10:00,80,10,False
2016-02-01 10:20:00,30,10,False
2016-02-01 10:30:00,60,10,False
2016-02-01 10:40:00,60,10,False
2016-02-01 10:50:00,60,10,False
2016-02-01 11:00:00,70,11,False
2016-02-01 11:10:00,40,11,False
2016-02-01 11:20:00,470,11,True
2016-02-01 11:30:00,710,11,True
2016-02-01 11:40:00,480,11,True
2016-02-01 11:50:00,360,11,True
2016-02-01 12:00:00,340,12,True
2016-02-01 12:10:00,300,12,True
2016-02-01 12:20:00,230,12,True
2016-02-01 12:30:00,260,12,True
2016-02-01 12:40:00,420,12,True
2016-02-01 12:50:00,170,12,False
2016-02-01 13:00:00,80,13,False
2016-02-01 13:10:00,70,13,False
2016-02-01 13:20:00,390,13,True
2016-02-01 13:30:00,640,13,True
2016-02-01 13:40:00,510,13,True
2016-02-01 13:50:00,300,13,True
2016-02-01 14:00:00,260,14,True
2016-02-01 14:10:00,260,14,True
2016-02-01 14:20:00,220,14,True
2016-02-01 14:30:00,190,14,True
2016-02-01 14:40:00,300,14,True
2016-02-01 14:50:00,430,14,True
2016-02-01 15:00:00,700,15,True
2016-02-01 15:10:00,570,15,True
2016-02-01 15:20:00,330,15,True
2016-02-01 15:30:00,280,15,True
2016-02-01 15:40:00,260,15,True
2016-02-01 15:50:00,240,15,True
2016-02-01 16:00:00,230,16,True
2016-02-01 16:10:00,220,16,True
2016-02-01 16:20:00,100,16,False
2016-02-01 16:30:00,270,16,True
2016-02-01 16:40:00,330,16,True
2016-02-01 16:50:00,260,16,True
2016-02-01 17:00:00,310,17,True
2016-02-01 17:10:00,430,17,True
2016-02-01 17:20:00,420,17,True
2016-02-01 17:30:00,190,17,True
2016-02-01 17:40:00,110,17,False
2016-02-01 17:50:00,120,17,False
2016-02-01 18:00:00,120,18,False
2016-02-01 18:10:00,110,18,False
2016-02-01 18:20:00,120,18,False
2016-02-01 18:30:00,120,18,False
2016-02-01 18:40:00,150,18,False
2016-02-01 18:50:00,490,18,True
2016-02-01 19:00:00,580,19,True
2016-02-01 19:10:00,350,19,True
2016-02-01 19:20:00,80,19,False
2016-02-01 19:30:00,90,19,False
2016-02-01 19:40:00,80,19,False
2016-02-01 19:50:00,180,19,True
2016-02-01 20:00:00,400,20,True
2016-02-01 20:10:00,300,20,True
2016-02-01 20:20:00,90,20,False
2016-02-01 20:30:00,80,20,False
2016-02-01 20:40:00,70,20,False
2016-02-01 20:50:00,60,20,False
2016-02-01 21:00:00,80,21,False
2016-02-01 21:10:00,80,21,False
2016-02-01 21:20:00,70,21,False
2016-02-01 21:30:00,80,21,False
2016-02-01 21:40:00,70,21,False
2016-02-01 21:50:00,230,21,True
2016-02-01 22:00:00,350,22,True
2016-02-01 22:10:00,70,22,False
2016-02-01 22:20:00,50,22,False
2016-02-01 22:30:00,60,22,False
2016-02-01 22:40:00,60,22,False
2016-02-01 22:50:00,70,22,False
2016-02-01 23:00:00,60,23,False
2016-02-01 23:10:00,50,23,False
2016-02-01 23:20:00,50,23,False
2016-02-01 23:30:00,60,23,False
2016-02-01 23:40:00,50,23,False
2016-02-01 23:50:00,50,23,False
2016-02-02 00:00:00,70,0,False
2016-02-02 00:10:00,70,0,False
2016-02-02 00:20:00,60,0,False
2016-02-02 00:30:00,60,0,False
2016-02-02 00:40:00,60,0,False
2016-02-02 00:50:00,50,0,False
2016-02-02 01:00:00,60,1,False
2016-02-02 01:10:00,50,1,False
2016-02-02 01:20:00,40,1,False
2016-02-02 01:30:00,50,1,False
2016-02-02 01:40:00,50,1,False
2016-02-02 01:50:00,50,1,False
2016-02-02 02:00:00,50,2,False
2016-02-02 02:10:00,40,2,False
2016-02-02 02:20:00,50,2,False
2016-02-02 02:30:00,40,2,False
2016-02-02 02:40:00,40,2,False
2016-02-02 02:50:00,50,2,False
2016-02-02 03:00:00,40,3,False
2016-02-02 03:10:00,50,3,False
2016-02-02 03:20:00,50,3,False
2016-02-02 03:30:00,50,3,False
2016-02-02 03:40:00,50,3,False
2016-02-02 03:50:00,40,3,False
2016-02-02 04:00:00,40,4,False
2016-02-02 04:10:00,40,4,False
2016-02-02 04:20:00,50,4,False
2016-02-02 04:30:00,50,4,False
2016-02-02 04:40:00,40,4,False
2016-02-02 04:50:00,50,4,False
2016-02-02 05:00:00,50,5,False
2016-02-02 05:10:00,40,5,False
2016-02-02 05:20:00,50,5,False
2016-02-02 05:30:00,40,5,False
2016-02-02 05:40:00,40,5,False
2016-02-02 05:50:00,40,5,False
2016-02-02 06:00:00,50,6,False
2016-02-02 06:10:00,50,6,False
2016-02-02 06:20:00,50,6,False
2016-02-02 06:30:00,50,6,False
2016-02-02 06:40:00,40,6,False
2016-02-02 06:50:00,40,6,False
2016-02-02 07:00:00,50,7,False
2016-02-02 07:10:00,50,7,False
2016-02-02 07:20:00,50,7,False
2016-02-02 07:30:00,60,7,False
2016-02-02 07:40:00,60,7,False
2016-02-02 07:50:00,60,7,False
2016-02-02 08:00:00,70,8,False
2016-02-02 08:10:00,320,8,True
2016-02-02 08:20:00,200,8,True
2016-02-02 08:30:00,60,8,False
2016-02-02 08:40:00,40,8,False
2016-02-02 08:50:00,50,8,False
2016-02-02 09:00:00,60,9,False
2016-02-02 09:10:00,80,9,False
2016-02-02 09:20:00,60,9,False
2016-02-02 09:30:00,70,9,False
2016-02-02 09:40:00,60,9,False
2016-02-02 09:50:00,50,9,False
2016-02-02 10:00:00,60,10,False
2016-02-02 10:10:00,60,10,False
2016-02-02 10:20:00,60,10,False
2016-02-02 10:30:00,60,10,False
2016-02-02 10:40:00,80,10,False
2016-02-02 10:50:00,80,10,False
2016-02-02 11:00:00,80,11,False
2016-02-02 11:10:00,70,11,False
2016-02-02 11:20:00,70,11,False
2016-02-02 11:30:00,130,11,False
2016-02-02 11:40:00,70,11,False
2016-02-02 11:50:00,70,11,False
2016-02-02 12:00:00,60,12,False
2016-02-02 12:10:00,60,12,False
2016-02-02 12:20:00,60,12,False
2016-02-02 12:30:00,60,12,False
2016-02-02 12:40:00,60,12,False
2016-02-02 12:50:00,50,12,False
2016-02-02 13:00:00,90,13,False
2016-02-02 13:10:00,70,13,False
2016-02-02 13:20:00,50,13,False
2016-02-02 13:30:00,50,13,False
2016-02-02 13:40:00,50,13,False
2016-02-02 13:50:00,40,13,False
2016-02-02 14:00:00,70,14,False
2016-02-02 14:10:00,180,14,True
2016-02-02 14:20:00,50,14,False
2016-02-02 14:30:00,60,14,False
2016-02-02 14:40:00,150,14,False
2016-02-02 14:50:00,130,14,False
2016-02-02 15:00:00,60,15,False
2016-02-02 15:10:00,50,15,False
2016-02-02 15:20:00,50,15,False
2016-02-02 15:30:00,40,15,False
2016-02-02 15:40:00,90,15,False
2016-02-02 15:50:00,70,15,False
2016-02-02 16:00:00,60,16,False
2016-02-02 16:10:00,70,16,False
2016-02-02 16:20:00,70,16,False
2016-02-02 16:30:00,60,16,False
2016-02-02 16:40:00,70,16,False
2016-02-02 16:50:00,60,16,False
2016-02-02 17:00:00,40,17,False
2016-02-02 17:10:00,40,17,False
2016-02-02 17:20:00,50,17,False
2016-02-02 17:30:00,90,17,False
2016-02-02 17:40:00,90,17,False
2016-02-02 17:50:00,90,17,False
2016-02-02 18:00:00,100,18,False
2016-02-02 18:10:00,100,18,False
2016-02-02 18:20:00,90,18,False
2016-02-02 18:30:00,170,18,False
2016-02-02 18:40:00,600,18,True
2016-02-02 18:50:00,510,18,True
2016-02-02 19:00:00,110,19,False
2016-02-02 19:10:00,100,19,False
2016-02-02 19:20:00,100,19,False
2016-02-02 19:30:00,110,19,False
2016-02-02 19:40:00,190,19,True
2016-02-02 19:50:00,140,19,False
2016-02-02 20:00:00,90,20,False
2016-02-02 20:10:00,90,20,False
2016-02-02 20:20:00,90,20,False
2016-02-02 20:30:00,90,20,False
2016-02-02 20:40:00,120,20,False
2016-02-02 20:50:00,110,20,False
2016-02-02 21:00:00,120,21,False
2016-02-02 21:10:00,110,21,False
2016-02-02 21:20:00,100,21,False
2016-02-02 21:30:00,90,21,False
2016-02-02 21:40:00,90,21,False
2016-02-02 21:50:00,80,21,False
2016-02-02 22:00:00,100,22,False
2016-02-02 22:10:00,90,22,False
2016-02-02 22:20:00,80,22,False
2016-02-02 22:30:00,100,22,False
2016-02-02 22:40:00,100,22,False
2016-02-02 22:50:00,70,22,False
2016-02-02 23:00:00,40,23,False
2016-02-02 23:10:00,30,23,False
2016-02-02 23:20:00,50,23,False
2016-02-02 23:30:00,60,23,False
2016-02-02 23:40:00,70,23,False
2016-02-02 23:50:00,70,23,False
2016-02-03 00:00:00,60,0,False
2016-02-03 00:10:00,50,0,False
2016-02-03 00:20:00,60,0,False
2016-02-03 00:30:00,50,0,False
2016-02-03 00:40:00,60,0,False
2016-02-03 00:50:00,80,0,False
2016-02-03 01:00:00,70,1,False
2016-02-03 01:10:00,70,1,False
2016-02-03 01:20:00,60,1,False
2016-02-03 01:30:00,70,1,False
2016-02-03 01:40:00,50,1,False
2016-02-03 01:50:00,70,1,False
2016-02-03 02:00:00,60,2,False
2016-02-03 02:10:00,60,2,False
2016-02-03 02:20:00,70,2,False
2016-02-03 02:30:00,60,2,False
2016-02-03 02:40:00,80,2,False
2016-02-03 02:50:00,60,2,False
2016-02-03 03:00:00,50,3,False
2016-02-03 03:10:00,40,3,False
2016-02-03 03:20:00,40,3,False
2016-02-03 03:30:00,40,3,False
2016-02-03 03:40:00,60,3,False
2016-02-03 03:50:00,60,3,False
2016-02-03 04:00:00,70,4,False
2016-02-03 04:10:00,60,4,False
2016-02-03 04:20:00,60,4,False
2016-02-03 04:30:00,50,4,False
2016-02-03 04:40:00,60,4,False
2016-02-03 04:50:00,60,4,False
2016-02-03 05:00:00,50,5,False
2016-02-03 05:10:00,60,5,False
2016-02-03 05:20:00,70,5,False
2016-02-03 05:30:00,60,5,False
2016-02-03 05:40:00,60,5,False
2016-02-03 05:50:00,50,5,False
2016-02-03 06:00:00,50,6,False
2016-02-03 06:10:00,60,6,False
2016-02-03 06:20:00,50,6,False
2016-02-03 06:30:00,60,6,False
2016-02-03 06:40:00,60,6,False
2016-02-03 06:50:00,60,6,False
2016-02-03 07:00:00,60,7,False
2016-02-03 07:10:00,60,7,False
2016-02-03 07:20:00,60,7,False
2016-02-03 07:30:00,60,7,False
2016-02-03 07:40:00,60,7,False
2016-02-03 07:50:00,100,7,False
2016-02-03 08:00:00,70,8,False
2016-02-03 08:10:00,70,8,False
2016-02-03 08:20:00,90,8,False
2016-02-03 08:30:00,190,8,True
2016-02-03 08:40:00,310,8,True
2016-02-03 08:50:00,230,8,True
2016-02-03 09:00:00,170,9,False
2016-02-03 09:10:00,320,9,True
2016-02-03 09:20:00,300,9,True
2016-02-03 09:30:00,90,9,False
2016-02-03 09:40:00,90,9,False
2016-02-03 09:50:00,90,9,False
2016-02-03 10:00:00,120,10,False
2016-02-03 10:10:00,360,10,True
2016-02-03 10:20:00,220,10,True
2016-02-03 10:30:00,220,10,True
2016-02-03 10:40:00,410,10,True
2016-02-03 10:50:00,190,10,True
2016-02-03 11:00:00,80,11,False
2016-02-03 11:10:00,70,11,False
2016-02-03 11:20:00,70,11,False
2016-02-03 11:30:00,350,11,True
2016-02-03 11:40:00,340,11,True
2016-02-03 11:50:00,340,11,True
2016-02-03 12:00:00,340,12,True
2016-02-03 12:10:00,220,12,True
2016-02-03 12:20:00,70,12,False
2016-02-03 12:30:00,90,12,False
2016-02-03 12:40:00,80,12,False
2016-02-03 12:50:00,70,12,False
2016-02-03 13:00:00,70,13,False
2016-02-03 13:10:00,70,13,False
2016-02-03 13:20:00,120,13,False
2016-02-03 13:30:00,90,13,False
2016-02-03 13:40:00,100,13,False
2016-02-03 13:50:00,100,13,False
2016-02-03 14:00:00,240,14,True
2016-02-03 14:10:00,420,14,True
2016-02-03 14:20:00,200,14,True
2016-02-03 14:30:00,120,14,False
2016-02-03 14:40:00,120,14,False
2016-02-03 14:50:00,120,14,False
2016-02-03 15:00:00,220,15,True
2016-02-03 15:10:00,160,15,False
2016-02-03 15:20:00,130,15,False
2016-02-03 15:30:00,110,15,False
2016-02-03 15:40:00,90,15,False
2016-02-03 15:50:00,100,15,False
2016-02-03 16:00:00,180,16,True
2016-02-03 16:10:00,510,16,True
2016-02-03 16:20:00,350,16,True
2016-02-03 16:30:00,310,16,True
2016-02-03 16:40:00,300,16,True
2016-02-03 16:50:00,270,16,True
2016-02-03 17:00:00,270,17,True
2016-02-03 17:10:00,250,17,True
2016-02-03 17:20:00,230,17,True
2016-02-03 17:30:00,120,17,False
2016-02-03 17:40:00,190,17,True
2016-02-03 17:50:00,170,17,False
2016-02-03 18:00:00,120,18,False
2016-02-03 18:10:00,120,18,False
2016-02-03 18:20:00,460,18,True
2016-02-03 18:30:00,600,18,True
2016-02-03 18:40:00,280,18,True
2016-02-03 18:50:00,100,18,False
2016-02-03 19:00:00,110,19,False
2016-02-03 19:10:00,130,19,False
2016-02-03 19:20:00,120,19,False
2016-02-03 19:30:00,110,19,False
2016-02-03 19:40:00,160,19,False
2016-02-03 19:50:00,160,19,False
2016-02-03 20:00:00,150,20,False
2016-02-03 20:10:00,170,20,False
2016-02-03 20:20:00,100,20,False
2016-02-03 20:30:00,130,20,False
2016-02-03 20:40:00,100,20,False
2016-02-03 20:50:00,140,20,False
2016-02-03 21:00:00,120,21,False
2016-02-03 21:10:00,120,21,False
2016-02-03 21:20:00,140,21,False
2016-02-03 21:30:00,120,21,False
2016-02-03 21:40:00,130,21,False
2016-02-03 21:50:00,80,21,False
2016-02-03 22:00:00,70,22,False
2016-02-03 22:10:00,70,22,False
2016-02-03 22:20:00,70,22,False
2016-02-03 22:30:00,100,22,False
2016-02-03 22:40:00,100,22,False
2016-02-03 22:50:00,100,22,False
2016-02-03 23:00:00,70,23,False
2016-02-03 23:10:00,70,23,False
2016-02-03 23:20:00,70,23,False
2016-02-03 23:30:00,70,23,False
2016-02-03 23:40:00,60,23,False
2016-02-03 23:50:00,50,23,False
2016-02-04 00:00:00,30,0,False
2016-02-04 00:10:00,20,0,False
2016-02-04 00:20:00,50,0,False
2016-02-04 00:30:00,40,0,False
2016-02-04 00:40:00,40,0,False
2016-02-04 00:50:00,50,0,False
2016-02-04 01:00:00,40,1,False
2016-02-04 01:10:00,50,1,False
2016-02-04 01:20:00,40,1,False
2016-02-04 01:30:00,50,1,False
2016-02-04 01:40:00,50,1,False
2016-02-04 01:50:00,40,1,False
2016-02-04 02:00:00,50,2,False
2016-02-04 02:10:00,40,2,False
2016-02-04 02:20:00,40,2,False
2016-02-04 02:30:00,50,2,False
2016-02-04 02:40:00,50,2,False
2016-02-04 02:50:00,50,2,False
2016-02-04 03:00:00,50,3,False
2016-02-04 03:10:00,40,3,False
2016-02-04 03:20:00,20,3,False
2016-02-04 03:30:00,20,3,False
2016-02-04 03:40:00,20,3,False
2016-02-04 03:50:00,40,3,False
2016-02-04 04:00:00,50,4,False
2016-02-04 04:10:00,60,4,False
2016-02-04 04:20:00,40,4,False
2016-02-04 04:30:00,50,4,False
2016-02-04 04:40:00,40,4,False
2016-02-04 04:50:00,40,4,False
2016-02-04 05:00:00,50,5,False
2016-02-04 05:10:00,40,5,False
2016-02-04 05:20:00,50,5,False
2016-02-04 05:30:00,50,5,False
2016-02-04 05:40:00,50,5,False
2016-02-04 05:50:00,40,5,False
2016-02-04 06:00:00,40,6,False
2016-02-04 06:10:00,40,6,False
2016-02-04 06:20:00,40,6,False
2016-02-04 06:30:00,50,6,False
2016-02-04 06:40:00,30,6,False
2016-02-04 06:50:00,30,6,False
2016-02-04 07:00:00,30,7,False
2016-02-04 07:10:00,40,7,False
2016-02-04 07:20:00,60,7,False
2016-02-04 07:30:00,50,7,False
2016-02-04 07:40:00,50,7,False
2016-02-04 07:50:00,70,7,False
2016-02-04 08:00:00,60,8,False
2016-02-04 08:10:00,60,8,False
2016-02-04 08:20:00,80,8,False
2016-02-04 08:30:00,60,8,False
2016-02-04 08:40:00,60,8,False
2016-02-04 08:50:00,50,8,False
2016-02-04 09:00:00,50,9,False
2016-02-04 09:10:00,60,9,False
2016-02-04 09:20:00,170,9,False
2016-02-04 09:30:00,350,9,True
2016-02-04 09:40:00,140,9,False
2016-02-04 09:50:00,80,9,False
2016-02-04 10:00:00,50,10,False
2016-02-04 10:10:00,40,10,False
2016-02-04 10:20:00,50,10,False
2016-02-04 10:30:00,60,10,False
2016-02-04 10:40:00,60,10,False
2016-02-04 10:50:00,60,10,False
2016-02-04 11:00:00,80,11,False
2016-02-04 11:10:00,70,11,False
2016-02-04 11:20:00,70,11,False
2016-02-04 11:30:00,90,11,False
2016-02-04 11:40:00,60,11,False
2016-02-04 11:50:00,50,11,False
2016-02-04 12:00:00,470,12,True
2016-02-04 12:10:00,600,12,True
2016-02-04 12:20:00,330,12,True
2016-02-04 12:30:00,260,12,True
2016-02-04 12:40:00,240,12,True
2016-02-04 12:50:00,220,12,True
2016-02-04 13:00:00,260,13,True
2016-02-04 13:10:00,300,13,True
2016-02-04 13:20:00,70,13,False
2016-02-04 13:30:00,60,13,False
2016-02-04 13:40:00,70,13,False
2016-02-04 13:50:00,70,13,False
2016-02-04 14:00:00,110,14,False
2016-02-04 14:10:00,180,14,True
2016-02-04 14:20:00,170,14,False
2016-02-04 14:30:00,50,14,False
2016-02-04 14:40:00,50,14,False
2016-02-04 14:50:00,60,14,False
2016-02-04 15:00:00,60,15,False
2016-02-04 15:10:00,60,15,False
2016-02-04 15:20:00,60,15,False
2016-02-04 15:30:00,70,15,False
2016-02-04 15:40:00,80,15,False
2016-02-04 15:50:00,90,15,False
2016-02-04 16:00:00,90,16,False
2016-02-04 16:10:00,100,16,False
2016-02-04 16:20:00,90,16,False
2016-02-04 16:30:00,100,16,False
2016-02-04 16:40:00,100,16,False
2016-02-04 16:50:00,120,16,False
2016-02-04 17:00:00,120,17,False
2016-02-04 17:10:00,120,17,False
2016-02-04 17:20:00,110,17,False
2016-02-04 17:30:00,100,17,False
2016-02-04 17:40:00,100,17,False
2016-02-04 17:50:00,80,17,False
2016-02-04 18:00:00,110,18,False
2016-02-04 18:10:00,90,18,False
2016-02-04 18:20:00,90,18,False
2016-02-04 18:30:00,350,18,True
2016-02-04 18:40:00,530,18,True
2016-02-04 18:50:00,500,18,True
2016-02-04 19:00:00,100,19,False
2016-02-04 19:10:00,110,19,False
2016-02-04 19:20:00,120,19,False
2016-02-04 19:30:00,370,19,True
2016-02-04 19:40:00,210,19,True
2016-02-04 19:50:00,110,19,False
2016-02-04 20:00:00,100,20,False
2016-02-04 20:10:00,100,20,False
2016-02-04 20:20:00,100,20,False
2016-02-04 20:30:00,100,20,False
2016-02-04 20:40:00,100,20,False
2016-02-04 20:50:00,100,20,False
2016-02-04 21:00:00,110,21,False
2016-02-04 21:10:00,110,21,False
2016-02-04 21:20:00,80,21,False
2016-02-04 21:30:00,230,21,True
2016-02-04 21:40:00,420,21,True
2016-02-04 21:50:00,240,21,True
2016-02-04 22:00:00,70,22,False
2016-02-04 22:10:00,70,22,False
2016-02-04 22:20:00,70,22,False
2016-02-04 22:30:00,60,22,False
2016-02-04 22:40:00,60,22,False
2016-02-04 22:50:00,60,22,False
2016-02-04 23:00:00,50,23,False
2016-02-04 23:10:00,60,23,False
2016-02-04 23:20:00,50,23,False
2016-02-04 23:30:00,50,23,False
2016-02-04 23:40:00,60,23,False
2016-02-04 23:50:00,70,23,False
2016-02-05 00:00:00,60,0,False
2016-02-05 00:10:00,60,0,False
2016-02-05 00:20:00,40,0,False
2016-02-05 00:30:00,20,0,False
2016-02-05 00:40:00,20,0,False
2016-02-05 00:50:00,20,0,False
2016-02-05 01:00:00,30,1,False
2016-02-05 01:10:00,50,1,False
2016-02-05 01:20:00,50,1,False
2016-02-05 01:30:00,50,1,False
2016-02-05 01:40:00,40,1,False
2016-02-05 01:50:00,40,1,False
2016-02-05 02:00:00,40,2,False
2016-02-05 02:10:00,50,2,False
2016-02-05 02:20:00,50,2,False
2016-02-05 02:30:00,50,2,False
2016-02-05 02:40:00,50,2,False
2016-02-05 02:50:00,50,2,False
2016-02-05 03:00:00,40,3,False
2016-02-05 03:10:00,50,3,False
2016-02-05 03:20:00,40,3,False
2016-02-05 03:30:00,40,3,False
2016-02-05 03:40:00,50,3,False
2016-02-05 03:50:00,40,3,False
2016-02-05 04:00:00,40,4,False
2016-02-05 04:10:00,30,4,False
2016-02-05 04:20:00,20,4,False
2016-02-05 04:30:00,40,4,False
2016-02-05 04:40:00,40,4,False
2016-02-05 04:50:00,40,4,False
2016-02-05 05:00:00,40,5,False
2016-02-05 05:10:00,50,5,False
2016-02-05 05:20:00,50,5,False
2016-02-05 05:30:00,50,5,False
2016-02-05 05:40:00,50,5,False
2016-02-05 05:50:00,40,5,False
2016-02-05 06:00:00,50,6,False
2016-02-05 06:10:00,40,6,False
2016-02-05 06:20:00,40,6,False
2016-02-05 06:30:00,40,6,False
2016-02-05 06:40:00,50,6,False
2016-02-05 06:50:00,50,6,False
2016-02-05 07:00:00,50,7,False
2016-02-05 07:10:00,40,7,False
2016-02-05 07:20:00,50,7,False
2016-02-05 07:30:00,30,7,False
2016-02-05 07:40:00,20,7,False
2016-02-05 07:50:00,50,7,False
2016-02-05 08:00:00,20,8,False
2016-02-05 08:10:00,60,8,False
2016-02-05 08:20:00,50,8,False
2016-02-05 08:30:00,60,8,False
2016-02-05 08:40:00,60,8,False
2016-02-05 08:50:00,60,8,False
2016-02-05 09:00:00,50,9,False
2016-02-05 09:10:00,40,9,False
2016-02-05 09:20:00,50,9,False
2016-02-05 09:30:00,40,9,False
2016-02-05 09:40:00,60,9,False
2016-02-05 09:50:00,50,9,False
2016-02-05 10:00:00,50,10,False
2016-02-05 10:10:00,40,10,False
2016-02-05 10:20:00,40,10,False
2016-02-05 10:30:00,50,10,False
2016-02-05 10:40:00,20,10,False
2016-02-05 10:50:00,20,10,False
2016-02-05 11:00:00,40,11,False
2016-02-05 11:10:00,40,11,False
2016-02-05 11:20:00,60,11,False
2016-02-05 11:30:00,70,11,False
2016-02-05 11:40:00,60,11,False
2016-02-05 11:50:00,150,11,False
2016-02-05 12:00:00,70,12,False
2016-02-05 12:10:00,60,12,False
2016-02-05 12:20:00,80,12,False
2016-02-05 12:30:00,70,12,False
2016-02-05 12:40:00,70,12,False
2016-02-05 12:50:00,70,12,False
2016-02-05 13:00:00,60,13,False
2016-02-05 13:10:00,60,13,False
2016-02-05 13:20:00,70,13,False
2016-02-05 13:30:00,40,13,False
2016-02-05 13:40:00,40,13,False
2016-02-05 13:50:00,50,13,False
2016-02-05 14:00:00,50,14,False
2016-02-05 14:10:00,50,14,False
2016-02-05 14:20:00,40,14,False
2016-02-05 14:30:00,30,14,False
2016-02-05 14:40:00,30,14,False
2016-02-05 14:50:00,20,14,False
2016-02-05 15:00:00,30,15,False
2016-02-05 15:10:00,50,15,False
2016-02-05 15:20:00,60,15,False
2016-02-05 15:30:00,60,15,False
2016-02-05 15:40:00,50,15,False
2016-02-05 15:50:00,60,15,False
2016-02-05 16:00:00,50,16,False
2016-02-05 16:10:00,50,16,False
2016-02-05 16:20:00,50,16,False
2016-02-05 16:30:00,50,16,False
2016-02-05 16:40:00,50,16,False
2016-02-05 16:50:00,60,16,False
2016-02-05 17:00:00,60,17,False
2016-02-05 17:10:00,50,17,False
2016-02-05 17:20:00,50,17,False
2016-02-05 17:30:00,80,17,False
2016-02-05 17:40:00,80,17,False
2016-02-05 17:50:00,90,17,False
2016-02-05 18:00:00,90,18,False
2016-02-05 18:10:00,100,18,False
2016-02-05 18:20:00,150,18,False
2016-02-05 18:30:00,540,18,True
2016-02-05 18:40:00,370,18,True
2016-02-05 18:50:00,180,18,True
2016-02-05 19:00:00,150,19,False
2016-02-05 19:10:00,220,19,True
2016-02-05 19:20:00,100,19,False
2016-02-05 19:30:00,100,19,False
2016-02-05 19:40:00,120,19,False
2016-02-05 19:50:00,100,19,False
2016-02-05 20:00:00,90,20,False
2016-02-05 20:10:00,100,20,False
2016-02-05 20:20:00,110,20,False
2016-02-05 20:30:00,100,20,False
2016-02-05 20:40:00,70,20,False
2016-02-05 20:50:00,80,20,False
2016-02-05 21:00:00,80,21,False
2016-02-05 21:10:00,80,21,False
2016-02-05 21:20:00,70,21,False
2016-02-05 21:30:00,80,21,False
2016-02-05 21:40:00,60,21,False
2016-02-05 21:50:00,80,21,False
2016-02-05 22:00:00,70,22,False
2016-02-05 22:10:00,60,22,False
2016-02-05 22:20:00,60,22,False
2016-02-05 22:30:00,50,22,False
2016-02-05 22:40:00,50,22,False
2016-02-05 22:50:00,50,22,False
2016-02-05 23:00:00,30,23,False
2016-02-05 23:10:00,20,23,False
2016-02-05 23:20:00,20,23,False
2016-02-05 23:30:00,30,23,False
2016-02-05 23:40:00,40,23,False
2016-02-05 23:50:00,50,23,False
2016-02-06 00:00:00,60,0,False
2016-02-06 00:10:00,50,0,False
2016-02-06 00:20:00,40,0,False
2016-02-06 00:30:00,50,0,False
2016-02-06 00:40:00,40,0,False
2016-02-06 00:50:00,50,0,False
2016-02-06 01:00:00,40,1,False
2016-02-06 01:10:00,50,1,False
2016-02-06 01:20:00,50,1,False
2016-02-06 01:30:00,50,1,False
2016-02-06 01:40:00,50,1,False
2016-02-06 01:50:00,40,1,False
2016-02-06 02:00:00,40,2,False
2016-02-06 02:10:00,40,2,False
2016-02-06 02:20:00,40,2,False
2016-02-06 02:30:00,50,2,False
2016-02-06 02:40:00,50,2,False
2016-02-06 02:50:00,50,2,False
2016-02-06 03:00:00,50,3,False
2016-02-06 03:10:00,40,3,False
2016-02-06 03:20:00,50,3,False
2016-02-06 03:30:00,40,3,False
2016-02-06 03:40:00,40,3,False
2016-02-06 03:50:00,50,3,False
2016-02-06 04:00:00,30,4,False
2016-02-06 04:10:00,30,4,False
2016-02-06 04:20:00,30,4,False
2016-02-06 04:30:00,40,4,False
2016-02-06 04:40:00,50,4,False
2016-02-06 04:50:00,40,4,False
2016-02-06 05:00:00,40,5,False
2016-02-06 05:10:00,50,5,False
2016-02-06 05:20:00,40,5,False
2016-02-06 05:30:00,50,5,False
2016-02-06 05:40:00,50,5,False
2016-02-06 05:50:00,50,5,False
2016-02-06 06:00:00,50,6,False
2016-02-06 06:10:00,50,6,False
2016-02-06 06:20:00,40,6,False
2016-02-06 06:30:00,40,6,False
2016-02-06 06:40:00,50,6,False
2016-02-06 06:50:00,40,6,False
2016-02-06 07:00:00,50,7,False
2016-02-06 07:10:00,50,7,False
2016-02-06 07:20:00,60,7,False
2016-02-06 07:30:00,40,7,False
2016-02-06 07:40:00,50,7,False
2016-02-06 07:50:00,40,7,False
2016-02-06 08:00:00,40,8,False
2016-02-06 08:10:00,40,8,False
2016-02-06 08:20:00,40,8,False
2016-02-06 08:30:00,50,8,False
2016-02-06 08:40:00,50,8,False
2016-02-06 08:50:00,50,8,False
2016-02-06 09:00:00,50,9,False
2016-02-06 09:10:00,60,9,False
2016-02-06 09:20:00,20,9,False
2016-02-06 09:30:00,20,9,False
2016-02-06 09:40:00,30,9,False
2016-02-06 09:50:00,40,9,False
2016-02-06 10:00:00,50,10,False
2016-02-06 10:10:00,60,10,False
2016-02-06 10:20:00,60,10,False
2016-02-06 10:30:00,60,10,False
2016-02-06 10:40:00,60,10,False
2016-02-06 10:50:00,40,10,False
2016-02-06 11:00:00,50,11,False
2016-02-06 11:10:00,40,11,False
2016-02-06 11:20:00,50,11,False
2016-02-06 11:30:00,60,11,False
2016-02-06 11:40:00,60,11,False
2016-02-06 11:50:00,70,11,False
2016-02-06 12:00:00,70,12,False
2016-02-06 12:10:00,70,12,False
2016-02-06 12:20:00,90,12,False
2016-02-06 12:30:00,80,12,False
2016-02-06 12:40:00,80,12,False
2016-02-06 12:50:00,70,12,False
2016-02-06 13:00:00,60,13,False
2016-02-06 13:10:00,70,13,False
2016-02-06 13:20:00,70,13,False
2016-02-06 13:30:00,70,13,False
2016-02-06 13:40:00,50,13,False
2016-02-06 13:50:00,50,13,False
2016-02-06 14:00:00,50,14,False
2016-02-06 14:10:00,50,14,False
2016-02-06 14:20:00,60,14,False
2016-02-06 14:30:00,60,14,False
2016-02-06 14:40:00,80,14,False
2016-02-06 14:50:00,70,14,False
2016-02-06 15:00:00,70,15,False
2016-02-06 15:10:00,70,15,False
2016-02-06 15:20:00,60,15,False
2016-02-06 15:30:00,190,15,True
2016-02-06 15:40:00,340,15,True
2016-02-06 15:50:00,360,15,True
2016-02-06 16:00:00,140,16,False
2016-02-06 16:10:00,70,16,False
2016-02-06 16:20:00,160,16,False
2016-02-06 16:30:00,420,16,True
2016-02-06 16:40:00,230,16,True
2016-02-06 16:50:00,440,16,True
2016-02-06 17:00:00,240,17,True
2016-02-06 17:10:00,460,17,True
2016-02-06 17:20:00,90,17,False
2016-02-06 17:30:00,240,17,True
2016-02-06 17:40:00,250,17,True
2016-02-06 17:50:00,90,17,False
2016-02-06 18:00:00,80,18,False
2016-02-06 18:10:00,90,18,False
2016-02-06 18:20:00,80,18,False
2016-02-06 18:30:00,370,18,True
2016-02-06 18:40:00,270,18,True
2016-02-06 18:50:00,70,18,False
2016-02-06 19:00:00,90,19,False
2016-02-06 19:10:00,100,19,False
2016-02-06 19:20:00,90,19,False
2016-02-06 19:30:00,110,19,False
2016-02-06 19:40:00,100,19,False
2016-02-06 19:50:00,90,19,False
2016-02-06 20:00:00,90,20,False
2016-02-06 20:10:00,100,20,False
2016-02-06 20:20:00,90,20,False
2016-02-06 20:30:00,100,20,False
2016-02-06 20:40:00,100,20,False
2016-02-06 20:50:00,90,20,False
2016-02-06 21:00:00,90,21,False
2016-02-06 21:10:00,90,21,False
2016-02-06 21:20:00,90,21,False
2016-02-06 21:30:00,110,21,False
2016-02-06 21:40:00,80,21,False
2016-02-06 21:50:00,100,21,False
2016-02-06 22:00:00,90,22,False
2016-02-06 22:10:00,90,22,False
2016-02-06 22:20:00,80,22,False
2016-02-06 22:30:00,70,22,False
2016-02-06 22:40:00,70,22,False
2016-02-06 22:50:00,70,22,False
2016-02-06 23:00:00,70,23,False
2016-02-06 23:10:00,80,23,False
2016-02-06 23:20:00,80,23,False
2016-02-06 23:30:00,80,23,False
2016-02-06 23:40:00,60,23,False
2016-02-06 23:50:00,30,23,False
2016-02-07 00:00:00,20,0,False
2016-02-07 00:10:00,20,0,False
2016-02-07 00:20:00,40,0,False
2016-02-07 00:30:00,50,0,False
2016-02-07 00:40:00,50,0,False
2016-02-07 00:50:00,50,0,False
2016-02-07 01:00:00,50,1,False
2016-02-07 01:10:00,50,1,False
2016-02-07 01:20:00,40,1,False
2016-02-07 01:30:00,40,1,False
2016-02-07 01:40:00,40,1,False
2016-02-07 01:50:00,40,1,False
2016-02-07 02:00:00,40,2,False
2016-02-07 02:10:00,50,2,False
2016-02-07 02:20:00,40,2,False
2016-02-07 02:30:00,50,2,False
2016-02-07 02:40:00,50,2,False
2016-02-07 02:50:00,40,2,False
2016-02-07 03:00:00,40,3,False
2016-02-07 03:10:00,40,3,False
2016-02-07 03:20:00,40,3,False
2016-02-07 03:30:00,40,3,False
2016-02-07 03:40:00,50,3,False
2016-02-07 03:50:00,50,3,False
2016-02-07 04:00:00,50,4,False
2016-02-07 04:10:00,50,4,False
2016-02-07 04:20:00,40,4,False
2016-02-07 04:30:00,50,4,False
2016-02-07 04:40:00,40,4,False
2016-02-07 04:50:00,40,4,False
2016-02-07 05:00:00,40,5,False
2016-02-07 05:10:00,50,5,False
2016-02-07 05:20:00,50,5,False
2016-02-07 05:30:00,50,5,False
2016-02-07 05:40:00,30,5,False
2016-02-07 05:50:00,30,5,False
2016-02-07 06:00:00,20,6,False
2016-02-07 06:10:00,20,6,False
2016-02-07 06:20:00,40,6,False
2016-02-07 06:30:00,40,6,False
2016-02-07 06:40:00,50,6,False
2016-02-07 06:50:00,50,6,False
2016-02-07 07:00:00,50,7,False
2016-02-07 07:10:00,50,7,False
2016-02-07 07:20:00,40,7,False
2016-02-07 07:30:00,40,7,False
2016-02-07 07:40:00,50,7,False
2016-02-07 07:50:00,40,7,False
2016-02-07 08:00:00,40,8,False
2016-02-07 08:10:00,50,8,False
2016-02-07 08:20:00,40,8,False
2016-02-07 08:30:00,80,8,False
2016-02-07 08:40:00,50,8,False
2016-02-07 08:50:00,40,8,False
2016-02-07 09:00:00,40,9,False
2016-02-07 09:10:00,80,9,False
2016-02-07 09:20:00,60,9,False
2016-02-07 09:30:00,40,9,False
2016-02-07 09:40:00,50,9,False
2016-02-07 09:50:00,50,9,False
2016-02-07 10:00:00,30,10,False
2016-02-07 10:10:00,30,10,False
2016-02-07 10:20:00,20,10,False
2016-02-07 10:30:00,20,10,False
2016-02-07 10:40:00,40,10,False
2016-02-07 10:50:00,40,10,False
2016-02-07 11:00:00,60,11,False
2016-02-07 11:10:00,50,11,False
2016-02-07 11:20:00,60,11,False
2016-02-07 11:30:00,50,11,False
2016-02-07 11:40:00,40,11,False
2016-02-07 11:50:00,100,11,False
2016-02-07 12:00:00,130,12,False
2016-02-07 12:10:00,40,12,False
2016-02-07 12:20:00,40,12,False
2016-02-07 12:30:00,50,12,False
2016-02-07 12:40:00,50,12,False
2016-02-07 12:50:00,50,12,False
2016-02-07 13:00:00,40,13,False
2016-02-07 13:10:00,50,13,False
2016-02-07 13:20:00,40,13,False
2016-02-07 13:30:00,60,13,False
2016-02-07 13:40:00,140,13,False
2016-02-07 13:50:00,60,13,False
2016-02-07 14:00:00,50,14,False
2016-02-07 14:10:00,50,14,False
2016-02-07 14:20:00,30,14,False
2016-02-07 14:30:00,50,14,False
2016-02-07 14:40:00,40,14,False
2016-02-07 14:50:00,40,14,False
2016-02-07 15:00:00,70,15,False
2016-02-07 15:10:00,90,15,False
2016-02-07 15:20:00,70,15,False
2016-02-07 15:30:00,80,15,False
2016-02-07 15:40:00,70,15,False
2016-02-07 15:50:00,90,15,False
2016-02-07 16:00:00,90,16,False
2016-02-07 16:10:00,80,16,False
2016-02-07 16:20:00,70,16,False
2016-02-07 16:30:00,90,16,False
2016-02-07 16:40:00,100,16,False
2016-02-07 16:50:00,100,16,False
2016-02-07 17:00:00,100,17,False
2016-02-07 17:10:00,110,17,False
2016-02-07 17:20:00,120,17,False
2016-02-07 17:30:00,250,17,True
2016-02-07 17:40:00,160,17,False
2016-02-07 17:50:00,80,17,False
2016-02-07 18:00:00,60,18,False
2016-02-07 18:10:00,60,18,False
2016-02-07 18:20:00,70,18,False
2016-02-07 18:30:00,390,18,True
2016-02-07 18:40:00,350,18,True
2016-02-07 18:50:00,270,18,True
2016-02-07 19:00:00,260,19,True
2016-02-07 19:10:00,180,19,True
2016-02-07 19:20:00,100,19,False
2016-02-07 19:30:00,280,19,True
2016-02-07 19:40:00,260,19,True
2016-02-07 19:50:00,280,19,True
2016-02-07 20:00:00,100,20,False
2016-02-07 20:10:00,260,20,True
2016-02-07 20:20:00,190,20,True
2016-02-07 20:30:00,100,20,False
2016-02-07 20:40:00,100,20,False
2016-02-07 20:50:00,90,20,False
2016-02-07 21:00:00,140,21,False
2016-02-07 21:10:00,430,21,True
2016-02-07 21:20:00,250,21,True
2016-02-07 21:30:00,90,21,False
2016-02-07 21:40:00,100,21,False
2016-02-07 21:50:00,90,21,False
2016-02-07 22:00:00,90,22,False
2016-02-07 22:10:00,90,22,False
2016-02-07 22:20:00,70,22,False
2016-02-07 22:30:00,60,22,False
2016-02-07 22:40:00,60,22,False
2016-02-07 22:50:00,60,22,False
2016-02-07 23:00:00,60,23,False
2016-02-07 23:10:00,70,23,False
2016-02-07 23:20:00,80,23,False
2016-02-07 23:30:00,90,23,False
2016-02-07 23:40:00,90,23,False
2016-02-07 23:50:00,90,23,False
2016-02-08 00:00:00,80,0,False
2016-02-08 00:10:00,50,0,False
2016-02-08 00:20:00,20,0,False
2016-02-08 00:30:00,40,0,False
2016-02-08 00:40:00,40,0,False
2016-02-08 00:50:00,50,0,False
2016-02-08 01:00:00,50,1,False
2016-02-08 01:10:00,50,1,False
2016-02-08 01:20:00,40,1,False
2016-02-08 01:30:00,50,1,False
2016-02-08 01:40:00,40,1,False
2016-02-08 01:50:00,50,1,False
2016-02-08 02:00:00,50,2,False
2016-02-08 02:10:00,50,2,False
2016-02-08 02:20:00,50,2,False
2016-02-08 02:30:00,40,2,False
2016-02-08 02:40:00,40,2,False
2016-02-08 02:50:00,40,2,False
2016-02-08 03:00:00,40,3,False
2016-02-08 03:10:00,50,3,False
2016-02-08 03:20:00,50,3,False
2016-02-08 03:30:00,50,3,False
2016-02-08 03:40:00,50,3,False
2016-02-08 03:50:00,40,3,False
2016-02-08 04:00:00,40,4,False
2016-02-08 04:10:00,50,4,False
2016-02-08 04:20:00,40,4,False
2016-02-08 04:30:00,40,4,False
2016-02-08 04:40:00,50,4,False
2016-02-08 04:50:00,50,4,False
2016-02-08 05:00:00,50,5,False
2016-02-08 05:10:00,50,5,False
2016-02-08 05:20:00,40,5,False
2016-02-08 05:30:00,20,5,False
2016-02-08 05:40:00,30,5,False
2016-02-08 05:50:00,20,5,False
2016-02-08 06:00:00,40,6,False
2016-02-08 06:10:00,40,6,False
2016-02-08 06:20:00,50,6,False
2016-02-08 06:30:00,50,6,False
2016-02-08 06:40:00,60,6,False
2016-02-08 06:50:00,50,6,False
2016-02-08 07:00:00,40,7,False
2016-02-08 07:10:00,40,7,False
2016-02-08 07:20:00,40,7,False
2016-02-08 07:30:00,50,7,False
2016-02-08 07:40:00,40,7,False
2016-02-08 07:50:00,60,7,False
2016-02-08 08:00:00,80,8,False
2016-02-08 08:10:00,70,8,False
2016-02-08 08:20:00,90,8,False
2016-02-08 08:30:00,70,8,False
2016-02-08 08:40:00,60,8,False
2016-02-08 08:50:00,60,8,False
2016-02-08 09:00:00,60,9,False
2016-02-08 09:10:00,60,9,False
2016-02-08 09:20:00,60,9,False
2016-02-08 09:30:00,300,9,True
2016-02-08 09:40:00,360,9,True
2016-02-08 09:50:00,160,9,False
2016-02-08 10:00:00,110,10,False
2016-02-08 10:10:00,80,10,False
2016-02-08 10:20:00,80,10,False
2016-02-08 10:30:00,70,10,False
2016-02-08 10:40:00,80,10,False
2016-02-08 10:50:00,100,10,False
2016-02-08 11:00:00,160,11,False
2016-02-08 11:10:00,710,11,True
2016-02-08 11:20:00,660,11,True
2016-02-08 11:30:00,300,11,True
2016-02-08 11:40:00,300,11,True
2016-02-08 11:50:00,290,11,True
2016-02-08 12:00:00,250,12,True
2016-02-08 12:10:00,300,12,True
2016-02-08 12:20:00,370,12,True
2016-02-08 12:30:00,190,12,True
2016-02-08 12:40:00,110,12,False
2016-02-08 12:50:00,80,12,False
2016-02-08 13:00:00,90,13,False
2016-02-08 13:10:00,90,13,False
2016-02-08 13:20:00,350,13,True
2016-02-08 13:30:00,750,13,True
2016-02-08 13:40:00,520,13,True
2016-02-08 13:50:00,350,13,True
2016-02-08 14:00:00,290,14,True
2016-02-08 14:10:00,260,14,True
2016-02-08 14:20:00,230,14,True
2016-02-08 14:30:00,200,14,True
2016-02-08 14:40:00,80,14,False
2016-02-08 14:50:00,120,14,False
2016-02-08 15:00:00,220,15,True
2016-02-08 15:10:00,700,15,True
2016-02-08 15:20:00,610,15,True
2016-02-08 15:30:00,370,15,True
2016-02-08 15:40:00,280,15,True
2016-02-08 15:50:00,280,15,True
2016-02-08 16:00:00,280,16,True
2016-02-08 16:10:00,260,16,True
2016-02-08 16:20:00,140,16,False
2016-02-08 16:30:00,140,16,False
2016-02-08 16:40:00,100,16,False
2016-02-08 16:50:00,120,16,False
2016-02-08 17:00:00,120,17,False
2016-02-08 17:10:00,100,17,False
2016-02-08 17:20:00,150,17,False
2016-02-08 17:30:00,480,17,True
2016-02-08 17:40:00,320,17,True
2016-02-08 17:50:00,300,17,True
2016-02-08 18:00:00,280,18,True
2016-02-08 18:10:00,390,18,True
2016-02-08 18:20:00,480,18,True
2016-02-08 18:30:00,460,18,True
2016-02-08 18:40:00,380,18,True
2016-02-08 18:50:00,370,18,True
2016-02-08 19:00:00,420,19,True
2016-02-08 19:10:00,100,19,False
2016-02-08 19:20:00,90,19,False
2016-02-08 19:30:00,90,19,False
2016-02-08 19:40:00,90,19,False
2016-02-08 19:50:00,80,19,False
2016-02-08 20:00:00,90,20,False
2016-02-08 20:10:00,150,20,False
2016-02-08 20:20:00,100,20,False
2016-02-08 20:30:00,100,20,False
2016-02-08 20:40:00,90,20,False
2016-02-08 20:50:00,80,20,False
2016-02-08 21:00:00,100,21,False
2016-02-08 21:10:00,90,21,False
2016-02-08 21:20:00,90,21,False
2016-02-08 21:30:00,70,21,False
2016-02-08 21:40:00,90,21,False
2016-02-08 21:50:00,70,21,False
2016-02-08 22:00:00,90,22,False
2016-02-08 22:10:00,70,22,False
2016-02-08 22:20:00,60,22,False
2016-02-08 22:30:00,70,22,False
2016-02-08 22:40:00,60,22,False
2016-02-08 22:50:00,60,22,False
2016-02-08 23:00:00,60,23,False
2016-02-08 23:10:00,50,23,False
2016-02-08 23:20:00,60,23,False
2016-02-08 23:30:00,60,23,False
2016-02-08 23:40:00,60,23,False
2016-02-08 23:50:00,50,23,False
2016-02-09 00:00:00,50,0,False
2016-02-09 00:10:00,50,0,False
2016-02-09 00:20:00,50,0,False
2016-02-09 00:30:00,40,0,False
2016-02-09 00:40:00,50,0,False
2016-02-09 00:50:00,40,0,False
2016-02-09 01:00:00,40,1,False
2016-02-09 01:10:00,60,1,False
2016-02-09 01:20:00,50,1,False
2016-02-09 01:30:00,50,1,False
2016-02-09 01:40:00,50,1,False
2016-02-09 01:50:00,40,1,False
2016-02-09 02:00:00,40,2,False
2016-02-09 02:10:00,50,2,False
2016-02-09 02:20:00,40,2,False
2016-02-09 02:30:00,50,2,False
2016-02-09 02:40:00,40,2,False
2016-02-09 02:50:00,30,2,False
2016-02-09 03:00:00,30,3,False
2016-02-09 03:10:00,30,3,False
2016-02-09 03:20:00,30,3,False
2016-02-09 03:30:00,50,3,False
2016-02-09 03:40:00,40,3,False
2016-02-09 03:50:00,40,3,False
2016-02-09 04:00:00,50,4,False
2016-02-09 04:10:00,40,4,False
2016-02-09 04:20:00,50,4,False
2016-02-09 04:30:00,40,4,False
2016-02-09 04:40:00,50,4,False
2016-02-09 04:50:00,50,4,False
2016-02-09 05:00:00,40,5,False
2016-02-09 05:10:00,50,5,False
2016-02-09 05:20:00,50,5,False
2016-02-09 05:30:00,40,5,False
2016-02-09 05:40:00,40,5,False
2016-02-09 05:50:00,50,5,False
2016-02-09 06:00:00,50,6,False
2016-02-09 06:10:00,50,6,False
2016-02-09 06:20:00,50,6,False
2016-02-09 06:30:00,40,6,False
2016-02-09 06:40:00,50,6,False
2016-02-09 06:50:00,40,6,False
2016-02-09 07:00:00,50,7,False
2016-02-09 07:10:00,40,7,False
2016-02-09 07:20:00,40,7,False
2016-02-09 07:30:00,50,7,False
2016-02-09 07:40:00,70,7,False
2016-02-09 07:50:00,60,7,False
2016-02-09 08:00:00,50,8,False
2016-02-09 08:10:00,50,8,False
2016-02-09 08:20:00,40,8,False
2016-02-09 08:30:00,40,8,False
2016-02-09 08:40:00,40,8,False
2016-02-09 08:50:00,70,8,False
2016-02-09 09:00:00,70,9,False
2016-02-09 09:10:00,360,9,True
2016-02-09 09:20:00,190,9,True
2016-02-09 09:30:00,150,9,False
2016-02-09 09:40:00,120,9,False
2016-02-09 09:50:00,80,9,False
2016-02-09 10:00:00,60,10,False
2016-02-09 10:10:00,180,10,True
2016-02-09 10:20:00,180,10,True
2016-02-09 10:30:00,480,10,True
2016-02-09 10:40:00,530,10,True
2016-02-09 10:50:00,220,10,True
2016-02-09 11:00:00,120,11,False
2016-02-09 11:10:00,110,11,False
2016-02-09 11:20:00,100,11,False
2016-02-09 11:30:00,110,11,False
2016-02-09 11:40:00,100,11,False
2016-02-09 11:50:00,130,11,False
2016-02-09 12:00:00,170,12,False
2016-02-09 12:10:00,560,12,True
2016-02-09 12:20:00,430,12,True
2016-02-09 12:30:00,360,12,True
2016-02-09 12:40:00,350,12,True
2016-02-09 12:50:00,330,12,True
2016-02-09 13:00:00,280,13,True
2016-02-09 13:10:00,220,13,True
2016-02-09 13:20:00,150,13,False
2016-02-09 13:30:00,120,13,False
2016-02-09 13:40:00,120,13,False
2016-02-09 13:50:00,140,13,False
2016-02-09 14:00:00,120,14,False
2016-02-09 14:10:00,130,14,False
2016-02-09 14:20:00,130,14,False
2016-02-09 14:30:00,130,14,False
2016-02-09 14:40:00,130,14,False
2016-02-09 14:50:00,120,14,False
2016-02-09 15:00:00,160,15,False
2016-02-09 15:10:00,240,15,True
2016-02-09 15:20:00,220,15,True
2016-02-09 15:30:00,200,15,True
2016-02-09 15:40:00,210,15,True
2016-02-09 15:50:00,160,15,False
2016-02-09 16:00:00,110,16,False
2016-02-09 16:10:00,100,16,False
2016-02-09 16:20:00,110,16,False
2016-02-09 16:30:00,110,16,False
2016-02-09 16:40:00,120,16,False
2016-02-09 16:50:00,120,16,False
2016-02-09 17:00:00,120,17,False
2016-02-09 17:10:00,130,17,False
2016-02-09 17:20:00,140,17,False
2016-02-09 17:30:00,130,17,False
2016-02-09 17:40:00,120,17,False
2016-02-09 17:50:00,120,17,False
2016-02-09 18:00:00,130,18,False
2016-02-09 18:10:00,120,18,False
2016-02-09 18:20:00,120,18,False
2016-02-09 18:30:00,140,18,False
2016-02-09 18:40:00,120,18,False
2016-02-09 18:50:00,270,18,True
2016-02-09 19:00:00,650,19,True
2016-02-09 19:10:00,690,19,True
2016-02-09 19:20:00,340,19,True
2016-02-09 19:30:00,100,19,False
2016-02-09 19:40:00,120,19,False
2016-02-09 19:50:00,140,19,False
2016-02-09 20:00:00,150,20,False
2016-02-09 20:10:00,150,20,False
2016-02-09 20:20:00,160,20,False
2016-02-09 20:30:00,140,20,False
2016-02-09 20:40:00,150,20,False
2016-02-09 20:50:00,150,20,False
2016-02-09 21:00:00,140,21,False
2016-02-09 21:10:00,150,21,False
2016-02-09 21:20:00,130,21,False
2016-02-09 21:30:00,130,21,False
2016-02-09 21:40:00,130,21,False
2016-02-09 21:50:00,130,21,False
2016-02-09 22:00:00,140,22,False
2016-02-09 22:10:00,130,22,False
2016-02-09 22:20:00,130,22,False
2016-02-09 22:30:00,100,22,False
2016-02-09 22:40:00,90,22,False
2016-02-09 22:50:00,80,22,False
2016-02-09 23:00:00,70,23,False
2016-02-09 23:10:00,60,23,False
2016-02-09 23:20:00,70,23,False
2016-02-09 23:30:00,70,23,False
2016-02-09 23:40:00,80,23,False
2016-02-09 23:50:00,70,23,False
2016-02-10 00:00:00,70,0,False
2016-02-10 00:10:00,70,0,False
2016-02-10 00:20:00,70,0,False
2016-02-10 00:30:00,80,0,False
2016-02-10 00:40:00,60,0,False
2016-02-10 00:50:00,70,0,False
2016-02-10 01:00:00,70,1,False
2016-02-10 01:10:00,80,1,False
2016-02-10 01:20:00,70,1,False
2016-02-10 01:30:00,70,1,False
2016-02-10 01:40:00,70,1,False
2016-02-10 01:50:00,70,1,False
2016-02-10 02:00:00,60,2,False
2016-02-10 02:10:00,70,2,False
2016-02-10 02:20:00,60,2,False
2016-02-10 02:30:00,70,2,False
2016-02-10 02:40:00,80,2,False
2016-02-10 02:50:00,60,2,False
2016-02-10 03:00:00,80,3,False
2016-02-10 03:10:00,70,3,False
2016-02-10 03:20:00,60,3,False
2016-02-10 03:30:00,70,3,False
2016-02-10 03:40:00,60,3,False
2016-02-10 03:50:00,70,3,False
2016-02-10 04:00:00,60,4,False
2016-02-10 04:10:00,70,4,False
2016-02-10 04:20:00,70,4,False
2016-02-10 04:30:00,70,4,False
2016-02-10 04:40:00,70,4,False
2016-02-10 04:50:00,60,4,False
2016-02-10 05:00:00,60,5,False
2016-02-10 05:10:00,70,5,False
2016-02-10 05:20:00,60,5,False
2016-02-10 05:30:00,60,5,False
2016-02-10 05:40:00,70,5,False
2016-02-10 05:50:00,70,5,False
2016-02-10 06:00:00,70,6,False
2016-02-10 06:10:00,70,6,False
2016-02-10 06:20:00,70,6,False
2016-02-10 06:30:00,70,6,False
2016-02-10 06:40:00,60,6,False
2016-02-10 06:50:00,70,6,False
2016-02-10 07:00:00,60,7,False
2016-02-10 07:10:00,60,7,False
2016-02-10 07:20:00,50,7,False
2016-02-10 07:30:00,60,7,False
2016-02-10 07:40:00,50,7,False
2016-02-10 07:50:00,60,7,False
2016-02-10 08:00:00,70,8,False
2016-02-10 08:10:00,60,8,False
2016-02-10 08:20:00,100,8,False
2016-02-10 08:30:00,80,8,False
2016-02-10 08:40:00,100,8,False
2016-02-10 08:50:00,120,8,False
2016-02-10 09:00:00,110,9,False
2016-02-10 09:10:00,90,9,False
2016-02-10 09:20:00,80,9,False
2016-02-10 09:30:00,90,9,False
2016-02-10 09:40:00,80,9,False
2016-02-10 09:50:00,80,9,False
2016-02-10 10:00:00,80,10,False
2016-02-10 10:10:00,70,10,False
2016-02-10 10:20:00,80,10,False
2016-02-10 10:30:00,90,10,False
2016-02-10 10:40:00,90,10,False
2016-02-10 10:50:00,150,10,False
2016-02-10 11:00:00,150,11,False
2016-02-10 11:10:00,80,11,False
2016-02-10 11:20:00,70,11,False
2016-02-10 11:30:00,110,11,False
2016-02-10 11:40:00,110,11,False
2016-02-10 11:50:00,90,11,False
2016-02-10 12:00:00,80,12,False
2016-02-10 12:10:00,80,12,False
2016-02-10 12:20:00,80,12,False
2016-02-10 12:30:00,70,12,False
2016-02-10 12:40:00,140,12,False
2016-02-10 12:50:00,70,12,False
2016-02-10 13:00:00,50,13,False
2016-02-10 13:10:00,70,13,False
2016-02-10 13:20:00,60,13,False
2016-02-10 13:30:00,70,13,False
2016-02-10 13:40:00,70,13,False
2016-02-10 13:50:00,60,13,False
2016-02-10 14:00:00,80,14,False
2016-02-10 14:10:00,70,14,False
2016-02-10 14:20:00,60,14,False
2016-02-10 14:30:00,70,14,False
2016-02-10 14:40:00,80,14,False
2016-02-10 14:50:00,120,14,False
2016-02-10 15:00:00,110,15,False
2016-02-10 15:10:00,120,15,False
2016-02-10 15:20:00,110,15,False
2016-02-10 15:30:00,110,15,False
2016-02-10 15:40:00,100,15,False
2016-02-10 15:50:00,110,15,False
2016-02-10 16:00:00,90,16,False
2016-02-10 16:10:00,100,16,False
2016-02-10 16:20:00,110,16,False
2016-02-10 16:30:00,110,16,False
2016-02-10 16:40:00,100,16,False
2016-02-10 16:50:00,80,16,False
2016-02-10 17:00:00,80,17,False
2016-02-10 17:10:00,80,17,False
2016-02-10 17:20:00,80,17,False
2016-02-10 17:30:00,90,17,False
2016-02-10 17:40:00,80,17,False
2016-02-10 17:50:00,70,17,False
2016-02-10 18:00:00,90,18,False
2016-02-10 18:10:00,120,18,False
2016-02-10 18:20:00,360,18,True
2016-02-10 18:30:00,530,18,True
2016-02-10 18:40:00,620,18,True
2016-02-10 18:50:00,230,18,True
2016-02-10 19:00:00,100,19,False
2016-02-10 19:10:00,100,19,False
2016-02-10 19:20:00,120,19,False
2016-02-10 19:30:00,140,19,False
2016-02-10 19:40:00,100,19,False
2016-02-10 19:50:00,110,19,False
2016-02-10 20:00:00,110,20,False
2016-02-10 20:10:00,140,20,False
2016-02-10 20:20:00,130,20,False
2016-02-10 20:30:00,140,20,False
2016-02-10 20:40:00,150,20,False
2016-02-10 20:50:00,230,20,True
2016-02-10 21:00:00,130,21,False
2016-02-10 21:10:00,130,21,False
2016-02-10 21:20:00,120,21,False
2016-02-10 21:30:00,130,21,False
2016-02-10 21:40:00,110,21,False
2016-02-10 21:50:00,130,21,False
2016-02-10 22:00:00,140,22,False
2016-02-10 22:10:00,150,22,False
2016-02-10 22:20:00,120,22,False
2016-02-10 22:30:00,70,22,False
2016-02-10 22:40:00,80,22,False
2016-02-10 22:50:00,80,22,False
2016-02-10 23:00:00,70,23,False
2016-02-10 23:10:00,70,23,False
2016-02-10 23:20:00,70,23,False
2016-02-10 23:30:00,70,23,False
2016-02-10 23:40:00,80,23,False
2016-02-10 23:50:00,70,23,False
2016-02-11 00:00:00,60,0,False
2016-02-11 00:10:00,70,0,False
2016-02-11 00:20:00,50,0,False
2016-02-11 00:30:00,30,0,False
2016-02-11 00:40:00,40,0,False
2016-02-11 00:50:00,20,0,False
2016-02-11 01:00:00,60,1,False
2016-02-11 01:10:00,60,1,False
2016-02-11 01:20:00,50,1,False
2016-02-11 01:30:00,50,1,False
2016-02-11 01:40:00,50,1,False
2016-02-11 01:50:00,50,1,False
2016-02-11 02:00:00,50,2,False
2016-02-11 02:10:00,50,2,False
2016-02-11 02:20:00,50,2,False
2016-02-11 02:30:00,60,2,False
2016-02-11 02:40:00,60,2,False
2016-02-11 02:50:00,50,2,False
2016-02-11 03:00:00,60,3,False
2016-02-11 03:10:00,40,3,False
2016-02-11 03:20:00,50,3,False
2016-02-11 03:30:00,50,3,False
2016-02-11 03:40:00,30,3,False
2016-02-11 03:50:00,30,3,False
2016-02-11 04:00:00,40,4,False
2016-02-11 04:10:00,40,4,False
2016-02-11 04:20:00,50,4,False
2016-02-11 04:30:00,50,4,False
2016-02-11 04:40:00,50,4,False
2016-02-11 04:50:00,50,4,False
2016-02-11 05:00:00,40,5,False
2016-02-11 05:10:00,50,5,False
2016-02-11 05:20:00,50,5,False
2016-02-11 05:30:00,50,5,False
2016-02-11 05:40:00,60,5,False
2016-02-11 05:50:00,50,5,False
2016-02-11 06:00:00,40,6,False
2016-02-11 06:10:00,50,6,False
2016-02-11 06:20:00,50,6,False
2016-02-11 06:30:00,50,6,False
2016-02-11 06:40:00,50,6,False
2016-02-11 06:50:00,40,6,False
2016-02-11 07:00:00,30,7,False
2016-02-11 07:10:00,40,7,False
2016-02-11 07:20:00,40,7,False
2016-02-11 07:30:00,60,7,False
2016-02-11 07:40:00,50,7,False
2016-02-11 07:50:00,50,7,False
2016-02-11 08:00:00,50,8,False
2016-02-11 08:10:00,70,8,False
2016-02-11 08:20:00,60,8,False
2016-02-11 08:30:00,60,8,False
2016-02-11 08:40:00,60,8,False
2016-02-11 08:50:00,410,8,True
2016-02-11 09:00:00,70,9,False
2016-02-11 09:10:00,70,9,False
2016-02-11 09:20:00,60,9,False
2016-02-11 09:30:00,100,9,False
2016-02-11 09:40:00,70,9,False
2016-02-11 09:50:00,70,9,False
2016-02-11 10:00:00,80,10,False
2016-02-11 10:10:00,70,10,False
2016-02-11 10:20:00,60,10,False
2016-02-11 10:30:00,50,10,False
2016-02-11 10:40:00,50,10,False
2016-02-11 10:50:00,300,10,True
2016-02-11 11:00:00,440,11,True
2016-02-11 11:10:00,190,11,True
2016-02-11 11:20:00,100,11,False
2016-02-11 11:30:00,90,11,False
2016-02-11 11:40:00,100,11,False
2016-02-11 11:50:00,100,11,False
2016-02-11 12:00:00,90,12,False
2016-02-11 12:10:00,100,12,False
2016-02-11 12:20:00,110,12,False
2016-02-11 12:30:00,160,12,False
2016-02-11 12:40:00,160,12,False
2016-02-11 12:50:00,110,12,False
2016-02-11 13:00:00,90,13,False
2016-02-11 13:10:00,80,13,False
2016-02-11 13:20:00,60,13,False
2016-02-11 13:30:00,70,13,False
2016-02-11 13:40:00,80,13,False
2016-02-11 13:50:00,120,13,False
2016-02-11 14:00:00,120,14,False
2016-02-11 14:10:00,120,14,False
2016-02-11 14:20:00,110,14,False
2016-02-11 14:30:00,100,14,False
2016-02-11 14:40:00,90,14,False
2016-02-11 14:50:00,100,14,False
2016-02-11 15:00:00,200,15,True
2016-02-11 15:10:00,210,15,True
2016-02-11 15:20:00,110,15,False
2016-02-11 15:30:00,120,15,False
2016-02-11 15:40:00,110,15,False
2016-02-11 15:50:00,110,15,False
2016-02-11 16:00:00,100,16,False
2016-02-11 16:10:00,120,16,False
2016-02-11 16:20:00,110,16,False
2016-02-11 16:30:00,110,16,False
2016-02-11 16:40:00,110,16,False
2016-02-11 16:50:00,100,16,False
2016-02-11 17:00:00,130,17,False
2016-02-11 17:10:00,120,17,False
2016-02-11 17:20:00,110,17,False
2016-02-11 17:30:00,100,17,False
2016-02-11 17:40:00,100,17,False
2016-02-11 17:50:00,380,17,True
2016-02-11 18:00:00,350,18,True
2016-02-11 18:10:00,290,18,True
2016-02-11 18:20:00,390,18,True
2016-02-11 18:30:00,690,18,True
2016-02-11 18:40:00,270,18,True
2016-02-11 18:50:00,750,18,True
2016-02-11 19:00:00,130,19,False
2016-02-11 19:10:00,120,19,False
2016-02-11 19:20:00,120,19,False
2016-02-11 19:30:00,130,19,False
2016-02-11 19:40:00,130,19,False
2016-02-11 19:50:00,130,19,False
2016-02-11 20:00:00,120,20,False
2016-02-11 20:10:00,120,20,False
2016-02-11 20:20:00,130,20,False
2016-02-11 20:30:00,120,20,False
2016-02-11 20:40:00,130,20,False
2016-02-11 20:50:00,130,20,False
2016-02-11 21:00:00,140,21,False
2016-02-11 21:10:00,130,21,False
2016-02-11 21:20:00,140,21,False
2016-02-11 21:30:00,120,21,False
2016-02-11 21:40:00,120,21,False
2016-02-11 21:50:00,140,21,False
2016-02-11 22:00:00,130,22,False
2016-02-11 22:10:00,120,22,False
2016-02-11 22:20:00,90,22,False
2016-02-11 22:30:00,40,22,False
2016-02-11 22:40:00,70,22,False
2016-02-11 22:50:00,60,22,False
2016-02-11 23:00:00,60,23,False
2016-02-11 23:10:00,50,23,False
2016-02-11 23:20:00,60,23,False
2016-02-11 23:30:00,60,23,False
2016-02-11 23:40:00,60,23,False
2016-02-11 23:50:00,60,23,False
2016-02-12 00:00:00,70,0,False
2016-02-12 00:10:00,90,0,False
2016-02-12 00:20:00,80,0,False
2016-02-12 00:30:00,60,0,False
2016-02-12 00:40:00,60,0,False
2016-02-12 00:50:00,40,0,False
2016-02-12 01:00:00,50,1,False
2016-02-12 01:10:00,50,1,False
2016-02-12 01:20:00,50,1,False
2016-02-12 01:30:00,40,1,False
2016-02-12 01:40:00,40,1,False
2016-02-12 01:50:00,30,1,False
2016-02-12 02:00:00,50,2,False
2016-02-12 02:10:00,50,2,False
2016-02-12 02:20:00,60,2,False
2016-02-12 02:30:00,50,2,False
2016-02-12 02:40:00,50,2,False
2016-02-12 02:50:00,70,2,False
2016-02-12 03:00:00,50,3,False
2016-02-12 03:10:00,60,3,False
2016-02-12 03:20:00,60,3,False
2016-02-12 03:30:00,50,3,False
2016-02-12 03:40:00,60,3,False
2016-02-12 03:50:00,50,3,False
2016-02-12 04:00:00,50,4,False
2016-02-12 04:10:00,60,4,False
2016-02-12 04:20:00,60,4,False
2016-02-12 04:30:00,60,4,False
2016-02-12 04:40:00,60,4,False
2016-02-12 04:50:00,50,4,False
2016-02-12 05:00:00,30,5,False
2016-02-12 05:10:00,30,5,False
2016-02-12 05:20:00,20,5,False
2016-02-12 05:30:00,40,5,False
2016-02-12 05:40:00,60,5,False
2016-02-12 05:50:00,60,5,False
2016-02-12 06:00:00,60,6,False
2016-02-12 06:10:00,50,6,False
2016-02-12 06:20:00,50,6,False
2016-02-12 06:30:00,60,6,False
2016-02-12 06:40:00,50,6,False
2016-02-12 06:50:00,50,6,False
2016-02-12 07:00:00,50,7,False
2016-02-12 07:10:00,70,7,False
2016-02-12 07:20:00,90,7,False
2016-02-12 07:30:00,60,7,False
2016-02-12 07:40:00,60,7,False
2016-02-12 07:50:00,70,7,False
2016-02-12 08:00:00,50,8,False
2016-02-12 08:10:00,50,8,False
2016-02-12 08:20:00,50,8,False
2016-02-12 08:30:00,40,8,False
2016-02-12 08:40:00,60,8,False
2016-02-12 08:50:00,40,8,False
2016-02-12 09:00:00,40,9,False
2016-02-12 09:10:00,80,9,False
2016-02-12 09:20:00,330,9,True
2016-02-12 09:30:00,260,9,True
2016-02-12 09:40:00,100,9,False
2016-02-12 09:50:00,70,9,False
2016-02-12 10:00:00,70,10,False
2016-02-12 10:10:00,70,10,False
2016-02-12 10:20:00,80,10,False
2016-02-12 10:30:00,80,10,False
2016-02-12 10:40:00,50,10,False
2016-02-12 10:50:00,60,10,False
2016-02-12 11:00:00,50,11,False
2016-02-12 11:10:00,50,11,False
2016-02-12 11:20:00,60,11,False
2016-02-12 11:30:00,70,11,False
2016-02-12 11:40:00,650,11,True
2016-02-12 11:50:00,680,11,True
2016-02-12 12:00:00,390,12,True
2016-02-12 12:10:00,310,12,True
2016-02-12 12:20:00,300,12,True
2016-02-12 12:30:00,140,12,False
2016-02-12 12:40:00,280,12,True
2016-02-12 12:50:00,140,12,False
2016-02-12 13:00:00,400,13,True
2016-02-12 13:10:00,190,13,True
2016-02-12 13:20:00,220,13,True
2016-02-12 13:30:00,390,13,True
2016-02-12 13:40:00,190,13,True
2016-02-12 13:50:00,480,13,True
2016-02-12 14:00:00,350,14,True
2016-02-12 14:10:00,340,14,True
2016-02-12 14:20:00,530,14,True
2016-02-12 14:30:00,510,14,True
2016-02-12 14:40:00,230,14,True
2016-02-12 14:50:00,110,14,False
2016-02-12 15:00:00,80,15,False
2016-02-12 15:10:00,80,15,False
2016-02-12 15:20:00,80,15,False
2016-02-12 15:30:00,100,15,False
2016-02-12 15:40:00,110,15,False
2016-02-12 15:50:00,120,15,False
2016-02-12 16:00:00,110,16,False
2016-02-12 16:10:00,110,16,False
2016-02-12 16:20:00,100,16,False
2016-02-12 16:30:00,90,16,False
2016-02-12 16:40:00,70,16,False
2016-02-12 16:50:00,70,16,False
2016-02-12 17:00:00,200,17,True
2016-02-12 17:10:00,280,17,True
2016-02-12 17:20:00,180,17,True
2016-02-12 17:30:00,180,17,True
2016-02-12 17:40:00,90,17,False
2016-02-12 17:50:00,90,17,False
2016-02-12 18:00:00,100,18,False
2016-02-12 18:10:00,100,18,False
2016-02-12 18:20:00,130,18,False
2016-02-12 18:30:00,430,18,True
2016-02-12 18:40:00,110,18,False
2016-02-12 18:50:00,110,18,False
2016-02-12 19:00:00,120,19,False
2016-02-12 19:10:00,110,19,False
2016-02-12 19:20:00,110,19,False
2016-02-12 19:30:00,120,19,False
2016-02-12 19:40:00,90,19,False
2016-02-12 19:50:00,100,19,False
2016-02-12 20:00:00,100,20,False
2016-02-12 20:10:00,100,20,False
2016-02-12 20:20:00,100,20,False
2016-02-12 20:30:00,100,20,False
2016-02-12 20:40:00,110,20,False
2016-02-12 20:50:00,100,20,False
2016-02-12 21:00:00,180,21,True
2016-02-12 21:10:00,110,21,False
2016-02-12 21:20:00,90,21,False
2016-02-12 21:30:00,80,21,False
2016-02-12 21:40:00,80,21,False
2016-02-12 21:50:00,80,21,False
2016-02-12 22:00:00,60,22,False
2016-02-12 22:10:00,80,22,False
2016-02-12 22:20:00,70,22,False
2016-02-12 22:30:00,70,22,False
2016-02-12 22:40:00,40,22,False
2016-02-12 22:50:00,50,22,False
2016-02-12 23:00:00,50,23,False
2016-02-12 23:10:00,50,23,False
2016-02-12 23:20:00,60,23,False
2016-02-12 23:30:00,60,23,False
2016-02-12 23:40:00,60,23,False
2016-02-12 23:50:00,60,23,False
2016-02-13 00:00:00,50,0,False
2016-02-13 00:10:00,50,0,False
2016-02-13 00:20:00,60,0,False
2016-02-13 00:30:00,60,0,False
2016-02-13 00:40:00,60,0,False
2016-02-13 00:50:00,100,0,False
2016-02-13 01:00:00,70,1,False
2016-02-13 01:10:00,50,1,False
2016-02-13 01:20:00,50,1,False
2016-02-13 01:30:00,40,1,False
2016-02-13 01:40:00,50,1,False
2016-02-13 01:50:00,60,1,False
2016-02-13 02:00:00,50,2,False
2016-02-13 02:10:00,30,2,False
2016-02-13 02:20:00,40,2,False
2016-02-13 02:30:00,20,2,False
2016-02-13 02:40:00,50,2,False
2016-02-13 02:50:00,50,2,False
2016-02-13 03:00:00,40,3,False
2016-02-13 03:10:00,50,3,False
2016-02-13 03:20:00,50,3,False
2016-02-13 03:30:00,60,3,False
2016-02-13 03:40:00,50,3,False
2016-02-13 03:50:00,60,3,False
2016-02-13 04:00:00,50,4,False
2016-02-13 04:10:00,50,4,False
2016-02-13 04:20:00,50,4,False
2016-02-13 04:30:00,50,4,False
2016-02-13 04:40:00,40,4,False
2016-02-13 04:50:00,50,4,False
2016-02-13 05:00:00,50,5,False
2016-02-13 05:10:00,60,5,False
2016-02-13 05:20:00,50,5,False
2016-02-13 05:30:00,50,5,False
2016-02-13 05:40:00,50,5,False
2016-02-13 05:50:00,50,5,False
2016-02-13 06:00:00,20,6,False
2016-02-13 06:10:00,30,6,False
2016-02-13 06:20:00,20,6,False
2016-02-13 06:30:00,40,6,False
2016-02-13 06:40:00,50,6,False
2016-02-13 06:50:00,60,6,False
2016-02-13 07:00:00,50,7,False
2016-02-13 07:10:00,50,7,False
2016-02-13 07:20:00,50,7,False
2016-02-13 07:30:00,50,7,False
2016-02-13 07:40:00,50,7,False
2016-02-13 07:50:00,40,7,False
2016-02-13 08:00:00,50,8,False
2016-02-13 08:10:00,40,8,False
2016-02-13 08:20:00,50,8,False
2016-02-13 08:30:00,90,8,False
2016-02-13 08:40:00,70,8,False
2016-02-13 08:50:00,60,8,False
2016-02-13 09:00:00,70,9,False
2016-02-13 09:10:00,60,9,False
2016-02-13 09:20:00,130,9,False
2016-02-13 09:30:00,340,9,True
2016-02-13 09:40:00,230,9,True
2016-02-13 09:50:00,80,9,False
2016-02-13 10:00:00,40,10,False
2016-02-13 10:10:00,50,10,False
2016-02-13 10:20:00,70,10,False
2016-02-13 10:30:00,70,10,False
2016-02-13 10:40:00,80,10,False
2016-02-13 10:50:00,60,10,False
2016-02-13 11:00:00,50,11,False
2016-02-13 11:10:00,320,11,True
2016-02-13 11:20:00,390,11,True
2016-02-13 11:30:00,300,11,True
2016-02-13 11:40:00,310,11,True
2016-02-13 11:50:00,250,11,True
2016-02-13 12:00:00,250,12,True
2016-02-13 12:10:00,130,12,False
2016-02-13 12:20:00,100,12,False
2016-02-13 12:30:00,100,12,False
2016-02-13 12:40:00,220,12,True
2016-02-13 12:50:00,240,12,True
2016-02-13 13:00:00,150,13,False
2016-02-13 13:10:00,100,13,False
2016-02-13 13:20:00,110,13,False
2016-02-13 13:30:00,100,13,False
2016-02-13 13:40:00,90,13,False
2016-02-13 13:50:00,100,13,False
2016-02-13 14:00:00,90,14,False
2016-02-13 14:10:00,100,14,False
2016-02-13 14:20:00,100,14,False
2016-02-13 14:30:00,100,14,False
2016-02-13 14:40:00,100,14,False
2016-02-13 14:50:00,100,14,False
2016-02-13 15:00:00,100,15,False
2016-02-13 15:10:00,80,15,False
2016-02-13 15:20:00,80,15,False
2016-02-13 15:30:00,70,15,False
2016-02-13 15:40:00,60,15,False
2016-02-13 15:50:00,70,15,False
2016-02-13 16:00:00,70,16,False
2016-02-13 16:10:00,80,16,False
2016-02-13 16:20:00,80,16,False
2016-02-13 16:30:00,100,16,False
2016-02-13 16:40:00,100,16,False
2016-02-13 16:50:00,90,16,False
2016-02-13 17:00:00,100,17,False
2016-02-13 17:10:00,90,17,False
2016-02-13 17:20:00,60,17,False
2016-02-13 17:30:00,90,17,False
2016-02-13 17:40:00,60,17,False
2016-02-13 17:50:00,80,17,False
2016-02-13 18:00:00,90,18,False
2016-02-13 18:10:00,100,18,False
2016-02-13 18:20:00,160,18,False
2016-02-13 18:30:00,410,18,True
2016-02-13 18:40:00,550,18,True
2016-02-13 18:50:00,500,18,True
2016-02-13 19:00:00,550,19,True
2016-02-13 19:10:00,140,19,False
2016-02-13 19:20:00,80,19,False
2016-02-13 19:30:00,90,19,False
2016-02-13 19:40:00,120,19,False
2016-02-13 19:50:00,120,19,False
2016-02-13 20:00:00,90,20,False
2016-02-13 20:10:00,80,20,False
2016-02-13 20:20:00,80,20,False
2016-02-13 20:30:00,80,20,False
2016-02-13 20:40:00,70,20,False
2016-02-13 20:50:00,80,20,False
2016-02-13 21:00:00,70,21,False
2016-02-13 21:10:00,60,21,False
2016-02-13 21:20:00,80,21,False
2016-02-13 21:30:00,80,21,False
2016-02-13 21:40:00,80,21,False
2016-02-13 21:50:00,70,21,False
2016-02-13 22:00:00,80,22,False
2016-02-13 22:10:00,70,22,False
2016-02-13 22:20:00,60,22,False
2016-02-13 22:30:00,30,22,False
2016-02-13 22:40:00,40,22,False
2016-02-13 22:50:00,30,22,False
2016-02-13 23:00:00,40,23,False
2016-02-13 23:10:00,70,23,False
2016-02-13 23:20:00,60,23,False
2016-02-13 23:30:00,70,23,False
2016-02-13 23:40:00,40,23,False
2016-02-13 23:50:00,60,23,False
2016-02-14 00:00:00,50,0,False
2016-02-14 00:10:00,50,0,False
2016-02-14 00:20:00,60,0,False
2016-02-14 00:30:00,40,0,False
2016-02-14 00:40:00,60,0,False
2016-02-14 00:50:00,60,0,False
2016-02-14 01:00:00,60,1,False
2016-02-14 01:10:00,50,1,False
2016-02-14 01:20:00,50,1,False
2016-02-14 01:30:00,60,1,False
2016-02-14 01:40:00,50,1,False
2016-02-14 01:50:00,50,1,False
2016-02-14 02:00:00,50,2,False
2016-02-14 02:10:00,60,2,False
2016-02-14 02:20:00,50,2,False
2016-02-14 02:30:00,60,2,False
2016-02-14 02:40:00,70,2,False
2016-02-14 02:50:00,40,2,False
2016-02-14 03:00:00,30,3,False
2016-02-14 03:10:00,30,3,False
2016-02-14 03:20:00,40,3,False
2016-02-14 03:30:00,60,3,False
2016-02-14 03:40:00,60,3,False
2016-02-14 03:50:00,60,3,False
2016-02-14 04:00:00,70,4,False
2016-02-14 04:10:00,60,4,False
2016-02-14 04:20:00,60,4,False
2016-02-14 04:30:00,60,4,False
2016-02-14 04:40:00,50,4,False
2016-02-14 04:50:00,50,4,False
2016-02-14 05:00:00,50,5,False
2016-02-14 05:10:00,60,5,False
2016-02-14 05:20:00,60,5,False
2016-02-14 05:30:00,60,5,False
2016-02-14 05:40:00,60,5,False
2016-02-14 05:50:00,50,5,False
2016-02-14 06:00:00,60,6,False
2016-02-14 06:10:00,40,6,False
2016-02-14 06:20:00,50,6,False
2016-02-14 06:30:00,50,6,False
2016-02-14 06:40:00,50,6,False
2016-02-14 06:50:00,70,6,False
2016-02-14 07:00:00,50,7,False
2016-02-14 07:10:00,40,7,False
2016-02-14 07:20:00,40,7,False
2016-02-14 07:30:00,30,7,False
2016-02-14 07:40:00,60,7,False
2016-02-14 07:50:00,50,7,False
2016-02-14 08:00:00,60,8,False
2016-02-14 08:10:00,140,8,False
2016-02-14 08:20:00,60,8,False
2016-02-14 08:30:00,60,8,False
2016-02-14 08:40:00,60,8,False
2016-02-14 08:50:00,100,8,False
2016-02-14 09:00:00,430,9,True
2016-02-14 09:10:00,90,9,False
2016-02-14 09:20:00,80,9,False
2016-02-14 09:30:00,100,9,False
2016-02-14 09:40:00,110,9,False
2016-02-14 09:50:00,100,9,False
2016-02-14 10:00:00,110,10,False
2016-02-14 10:10:00,100,10,False
2016-02-14 10:20:00,90,10,False
2016-02-14 10:30:00,70,10,False
2016-02-14 10:40:00,40,10,False
2016-02-14 10:50:00,60,10,False
2016-02-14 11:00:00,320,11,True
2016-02-14 11:10:00,400,11,True
2016-02-14 11:20:00,200,11,True
2016-02-14 11:30:00,100,11,False
2016-02-14 11:40:00,120,11,False
2016-02-14 11:50:00,120,11,False
2016-02-14 12:00:00,70,12,False
2016-02-14 12:10:00,100,12,False
2016-02-14 12:20:00,90,12,False
2016-02-14 12:30:00,100,12,False
2016-02-14 12:40:00,120,12,False
2016-02-14 12:50:00,270,12,True
2016-02-14 13:00:00,210,13,True
2016-02-14 13:10:00,240,13,True
2016-02-14 13:20:00,90,13,False
2016-02-14 13:30:00,100,13,False
2016-02-14 13:40:00,100,13,False
2016-02-14 13:50:00,80,13,False
2016-02-14 14:00:00,110,14,False
2016-02-14 14:10:00,100,14,False
2016-02-14 14:20:00,100,14,False
2016-02-14 14:30:00,100,14,False
2016-02-14 14:40:00,100,14,False
2016-02-14 14:50:00,100,14,False
2016-02-14 15:00:00,100,15,False
2016-02-14 15:10:00,100,15,False
2016-02-14 15:20:00,110,15,False
2016-02-14 15:30:00,110,15,False
2016-02-14 15:40:00,110,15,False
2016-02-14 15:50:00,110,15,False
2016-02-14 16:00:00,120,16,False
2016-02-14 16:10:00,110,16,False
2016-02-14 16:20:00,110,16,False
2016-02-14 16:30:00,100,16,False
2016-02-14 16:40:00,80,16,False
2016-02-14 16:50:00,110,16,False
2016-02-14 17:00:00,100,17,False
2016-02-14 17:10:00,110,17,False
2016-02-14 17:20:00,100,17,False
2016-02-14 17:30:00,90,17,False
2016-02-14 17:40:00,160,17,False
2016-02-14 17:50:00,120,17,False
2016-02-14 18:00:00,100,18,False
2016-02-14 18:10:00,90,18,False
2016-02-14 18:20:00,80,18,False
2016-02-14 18:30:00,170,18,False
2016-02-14 18:40:00,320,18,True
2016-02-14 18:50:00,400,18,True
2016-02-14 19:00:00,400,19,True
2016-02-14 19:10:00,340,19,True
2016-02-14 19:20:00,120,19,False
2016-02-14 19:30:00,120,19,False
2016-02-14 19:40:00,120,19,False
2016-02-14 19:50:00,120,19,False
2016-02-14 20:00:00,110,20,False
2016-02-14 20:10:00,120,20,False
2016-02-14 20:20:00,130,20,False
2016-02-14 20:30:00,130,20,False
2016-02-14 20:40:00,290,20,True
2016-02-14 20:50:00,120,20,False
2016-02-14 21:00:00,120,21,False
2016-02-14 21:10:00,110,21,False
2016-02-14 21:20:00,160,21,False
2016-02-14 21:30:00,150,21,False
2016-02-14 21:40:00,130,21,False
2016-02-14 21:50:00,130,21,False
2016-02-14 22:00:00,150,22,False
2016-02-14 22:10:00,110,22,False
2016-02-14 22:20:00,100,22,False
2016-02-14 22:30:00,100,22,False
2016-02-14 22:40:00,70,22,False
2016-02-14 22:50:00,70,22,False
2016-02-14 23:00:00,50,23,False
2016-02-14 23:10:00,50,23,False
2016-02-14 23:20:00,50,23,False
2016-02-14 23:30:00,30,23,False
2016-02-14 23:40:00,50,23,False
2016-02-14 23:50:00,60,23,False
2016-02-15 00:00:00,60,0,False
2016-02-15 00:10:00,60,0,False
2016-02-15 00:20:00,50,0,False
2016-02-15 00:30:00,60,0,False
2016-02-15 00:40:00,60,0,False
2016-02-15 00:50:00,60,0,False
2016-02-15 01:00:00,70,1,False
2016-02-15 01:10:00,50,1,False
2016-02-15 01:20:00,60,1,False
2016-02-15 01:30:00,60,1,False
2016-02-15 01:40:00,30,1,False
2016-02-15 01:50:00,40,1,False
2016-02-15 02:00:00,40,2,False
2016-02-15 02:10:00,50,2,False
2016-02-15 02:20:00,70,2,False
2016-02-15 02:30:00,60,2,False
2016-02-15 02:40:00,50,2,False
2016-02-15 02:50:00,70,2,False
2016-02-15 03:00:00,50,3,False
2016-02-15 03:10:00,50,3,False
2016-02-15 03:20:00,70,3,False
2016-02-15 03:30:00,50,3,False
2016-02-15 03:40:00,70,3,False
2016-02-15 03:50:00,60,3,False
2016-02-15 04:00:00,50,4,False
2016-02-15 04:10:00,40,4,False
2016-02-15 04:20:00,30,4,False
2016-02-15 04:30:00,40,4,False
2016-02-15 04:40:00,50,4,False
2016-02-15 04:50:00,60,4,False
2016-02-15 05:00:00,70,5,False
2016-02-15 05:10:00,60,5,False
2016-02-15 05:20:00,60,5,False
2016-02-15 05:30:00,50,5,False
2016-02-15 05:40:00,60,5,False
2016-02-15 05:50:00,50,5,False
2016-02-15 06:00:00,60,6,False
2016-02-15 06:10:00,50,6,False
2016-02-15 06:20:00,70,6,False
2016-02-15 06:30:00,40,6,False
2016-02-15 06:40:00,50,6,False
2016-02-15 06:50:00,30,6,False
2016-02-15 07:00:00,70,7,False
2016-02-15 07:10:00,50,7,False
2016-02-15 07:20:00,40,7,False
2016-02-15 07:30:00,50,7,False
2016-02-15 07:40:00,50,7,False
2016-02-15 07:50:00,80,7,False
2016-02-15 08:00:00,50,8,False
2016-02-15 08:10:00,40,8,False
2016-02-15 08:20:00,40,8,False
2016-02-15 08:30:00,50,8,False
2016-02-15 08:40:00,320,8,True
2016-02-15 08:50:00,310,8,True
2016-02-15 09:00:00,90,9,False
2016-02-15 09:10:00,50,9,False
2016-02-15 09:20:00,70,9,False
2016-02-15 09:30:00,70,9,False
2016-02-15 09:40:00,60,9,False
2016-02-15 09:50:00,60,9,False
2016-02-15 10:00:00,70,10,False
2016-02-15 10:10:00,270,10,True
2016-02-15 10:20:00,740,10,True
2016-02-15 10:30:00,590,10,True
2016-02-15 10:40:00,380,10,True
2016-02-15 10:50:00,280,10,True
2016-02-15 11:00:00,240,11,True
2016-02-15 11:10:00,250,11,True
2016-02-15 11:20:00,210,11,True
2016-02-15 11:30:00,80,11,False
2016-02-15 11:40:00,70,11,False
2016-02-15 11:50:00,50,11,False
2016-02-15 12:00:00,60,12,False
2016-02-15 12:10:00,50,12,False
2016-02-15 12:20:00,50,12,False
2016-02-15 12:30:00,50,12,False
2016-02-15 12:40:00,530,12,True
2016-02-15 12:50:00,370,12,True
2016-02-15 13:00:00,300,13,True
2016-02-15 13:10:00,290,13,True
2016-02-15 13:20:00,270,13,True
2016-02-15 13:30:00,240,13,True
2016-02-15 13:40:00,220,13,True
2016-02-15 13:50:00,150,13,False
2016-02-15 14:00:00,60,14,False
2016-02-15 14:10:00,310,14,True
2016-02-15 14:20:00,340,14,True
2016-02-15 14:30:00,100,14,False
2016-02-15 14:40:00,60,14,False
2016-02-15 14:50:00,60,14,False
2016-02-15 15:00:00,70,15,False
2016-02-15 15:10:00,60,15,False
2016-02-15 15:20:00,60,15,False
2016-02-15 15:30:00,50,15,False
2016-02-15 15:40:00,50,15,False
2016-02-15 15:50:00,40,15,False
2016-02-15 16:00:00,30,16,False
2016-02-15 16:10:00,30,16,False
2016-02-15 16:20:00,30,16,False
2016-02-15 16:30:00,50,16,False
2016-02-15 16:40:00,40,16,False
2016-02-15 16:50:00,50,16,False
2016-02-15 17:00:00,40,17,False
2016-02-15 17:10:00,40,17,False
2016-02-15 17:20:00,60,17,False
2016-02-15 17:30:00,80,17,False
2016-02-15 17:40:00,110,17,False
2016-02-15 17:50:00,110,17,False
2016-02-15 18:00:00,100,18,False
2016-02-15 18:10:00,140,18,False
2016-02-15 18:20:00,310,18,True
2016-02-15 18:30:00,290,18,True
2016-02-15 18:40:00,250,18,True
2016-02-15 18:50:00,310,18,True
2016-02-15 19:00:00,110,19,False
2016-02-15 19:10:00,110,19,False
2016-02-15 19:20:00,370,19,True
2016-02-15 19:30:00,140,19,False
2016-02-15 19:40:00,440,19,True
2016-02-15 19:50:00,150,19,False
2016-02-15 20:00:00,260,20,True
2016-02-15 20:10:00,290,20,True
2016-02-15 20:20:00,110,20,False
2016-02-15 20:30:00,100,20,False
2016-02-15 20:40:00,100,20,False
2016-02-15 20:50:00,90,20,False
2016-02-15 21:00:00,360,21,True
2016-02-15 21:10:00,270,21,True
2016-02-15 21:20:00,70,21,False
2016-02-15 21:30:00,90,21,False
2016-02-15 21:40:00,100,21,False
2016-02-15 21:50:00,100,21,False
2016-02-15 22:00:00,90,22,False
2016-02-15 22:10:00,70,22,False
2016-02-15 22:20:00,70,22,False
2016-02-15 22:30:00,80,22,False
2016-02-15 22:40:00,50,22,False
2016-02-15 22:50:00,60,22,False
2016-02-15 23:00:00,50,23,False
2016-02-15 23:10:00,50,23,False
2016-02-15 23:20:00,50,23,False
2016-02-15 23:30:00,40,23,False
2016-02-15 23:40:00,60,23,False
2016-02-15 23:50:00,60,23,False
2016-02-16 00:00:00,60,0,False
2016-02-16 00:10:00,60,0,False
2016-02-16 00:20:00,60,0,False
2016-02-16 00:30:00,60,0,False
2016-02-16 00:40:00,60,0,False
2016-02-16 00:50:00,50,0,False
2016-02-16 01:00:00,50,1,False
2016-02-16 01:10:00,30,1,False
2016-02-16 01:20:00,30,1,False
2016-02-16 01:30:00,30,1,False
2016-02-16 01:40:00,20,1,False
2016-02-16 01:50:00,60,1,False
2016-02-16 02:00:00,50,2,False
2016-02-16 02:10:00,50,2,False
2016-02-16 02:20:00,40,2,False
2016-02-16 02:30:00,40,2,False
2016-02-16 02:40:00,50,2,False
2016-02-16 02:50:00,50,2,False
2016-02-16 03:00:00,40,3,False
2016-02-16 03:10:00,60,3,False
2016-02-16 03:20:00,40,3,False
2016-02-16 03:30:00,40,3,False
2016-02-16 03:40:00,20,3,False
2016-02-16 03:50:00,20,3,False
2016-02-16 04:00:00,40,4,False
2016-02-16 04:10:00,50,4,False
2016-02-16 04:20:00,40,4,False
2016-02-16 04:30:00,60,4,False
2016-02-16 04:40:00,60,4,False
2016-02-16 04:50:00,50,4,False
2016-02-16 05:00:00,40,5,False
2016-02-16 05:10:00,50,5,False
2016-02-16 05:20:00,40,5,False
2016-02-16 05:30:00,40,5,False
2016-02-16 05:40:00,30,5,False
2016-02-16 05:50:00,20,5,False
2016-02-16 06:00:00,40,6,False
2016-02-16 06:10:00,40,6,False
2016-02-16 06:20:00,50,6,False
2016-02-16 06:30:00,50,6,False
2016-02-16 06:40:00,40,6,False
2016-02-16 06:50:00,40,6,False
2016-02-16 07:00:00,50,7,False
2016-02-16 07:10:00,50,7,False
2016-02-16 07:20:00,60,7,False
2016-02-16 07:30:00,60,7,False
2016-02-16 07:40:00,40,7,False
2016-02-16 07:50:00,40,7,False
2016-02-16 08:00:00,40,8,False
2016-02-16 08:10:00,50,8,False
2016-02-16 08:20:00,60,8,False
2016-02-16 08:30:00,520,8,True
2016-02-16 08:40:00,690,8,True
2016-02-16 08:50:00,420,8,True
2016-02-16 09:00:00,310,9,True
2016-02-16 09:10:00,270,9,True
2016-02-16 09:20:00,230,9,True
2016-02-16 09:30:00,230,9,True
2016-02-16 09:40:00,150,9,False
2016-02-16 09:50:00,70,9,False
2016-02-16 10:00:00,100,10,False
2016-02-16 10:10:00,390,10,True
2016-02-16 10:20:00,270,10,True
2016-02-16 10:30:00,280,10,True
2016-02-16 10:40:00,260,10,True
2016-02-16 10:50:00,240,10,True
2016-02-16 11:00:00,260,11,True
2016-02-16 11:10:00,190,11,True
2016-02-16 11:20:00,120,11,False
2016-02-16 11:30:00,70,11,False
2016-02-16 11:40:00,50,11,False
2016-02-16 11:50:00,70,11,False
2016-02-16 12:00:00,40,12,False
2016-02-16 12:10:00,40,12,False
2016-02-16 12:20:00,40,12,False
2016-02-16 12:30:00,60,12,False
2016-02-16 12:40:00,80,12,False
2016-02-16 12:50:00,170,12,False
2016-02-16 13:00:00,70,13,False
2016-02-16 13:10:00,60,13,False
2016-02-16 13:20:00,70,13,False
2016-02-16 13:30:00,60,13,False
2016-02-16 13:40:00,70,13,False
2016-02-16 13:50:00,80,13,False
2016-02-16 14:00:00,70,14,False
2016-02-16 14:10:00,70,14,False
2016-02-16 14:20:00,70,14,False
2016-02-16 14:30:00,30,14,False
2016-02-16 14:40:00,30,14,False
2016-02-16 14:50:00,30,14,False
2016-02-16 15:00:00,110,15,False
2016-02-16 15:10:00,50,15,False
2016-02-16 15:20:00,60,15,False
2016-02-16 15:30:00,50,15,False
2016-02-16 15:40:00,50,15,False
2016-02-16 15:50:00,50,15,False
2016-02-16 16:00:00,40,16,False
2016-02-16 16:10:00,50,16,False
2016-02-16 16:20:00,50,16,False
2016-02-16 16:30:00,50,16,False
2016-02-16 16:40:00,60,16,False
2016-02-16 16:50:00,40,16,False
2016-02-16 17:00:00,50,17,False
2016-02-16 17:10:00,50,17,False
2016-02-16 17:20:00,50,17,False
2016-02-16 17:30:00,60,17,False
2016-02-16 17:40:00,40,17,False
2016-02-16 17:50:00,70,17,False
2016-02-16 18:00:00,70,18,False
2016-02-16 18:10:00,90,18,False
2016-02-16 18:20:00,90,18,False
2016-02-16 18:30:00,100,18,False
2016-02-16 18:40:00,180,18,True
2016-02-16 18:50:00,390,18,True
2016-02-16 19:00:00,370,19,True
2016-02-16 19:10:00,120,19,False
2016-02-16 19:20:00,100,19,False
2016-02-16 19:30:00,120,19,False
2016-02-16 19:40:00,120,19,False
2016-02-16 19:50:00,100,19,False
2016-02-16 20:00:00,90,20,False
2016-02-16 20:10:00,90,20,False
2016-02-16 20:20:00,80,20,False
2016-02-16 20:30:00,120,20,False
2016-02-16 20:40:00,110,20,False
2016-02-16 20:50:00,140,20,False
2016-02-16 21:00:00,120,21,False
2016-02-16 21:10:00,110,21,False
2016-02-16 21:20:00,100,21,False
2016-02-16 21:30:00,110,21,False
2016-02-16 21:40:00,80,21,False
2016-02-16 21:50:00,90,21,False
2016-02-16 22:00:00,90,22,False
2016-02-16 22:10:00,70,22,False
2016-02-16 22:20:00,70,22,False
2016-02-16 22:30:00,50,22,False
2016-02-16 22:40:00,40,22,False
2016-02-16 22:50:00,50,22,False
2016-02-16 23:00:00,50,23,False
2016-02-16 23:10:00,60,23,False
2016-02-16 23:20:00,60,23,False
2016-02-16 23:30:00,60,23,False
2016-02-16 23:40:00,60,23,False
2016-02-16 23:50:00,60,23,False
2016-02-17 00:00:00,60,0,False
2016-02-17 00:10:00,60,0,False
2016-02-17 00:20:00,40,0,False
2016-02-17 00:30:00,50,0,False
2016-02-17 00:40:00,40,0,False
2016-02-17 00:50:00,50,0,False
2016-02-17 01:00:00,70,1,False
2016-02-17 01:10:00,60,1,False
2016-02-17 01:20:00,60,1,False
2016-02-17 01:30:00,60,1,False
2016-02-17 01:40:00,50,1,False
2016-02-17 01:50:00,70,1,False
2016-02-17 02:00:00,60,2,False
2016-02-17 02:10:00,60,2,False
2016-02-17 02:20:00,70,2,False
2016-02-17 02:30:00,60,2,False
2016-02-17 02:40:00,40,2,False
2016-02-17 02:50:00,40,2,False
2016-02-17 03:00:00,30,3,False
2016-02-17 03:10:00,60,3,False
2016-02-17 03:20:00,60,3,False
2016-02-17 03:30:00,70,3,False
2016-02-17 03:40:00,70,3,False
2016-02-17 03:50:00,50,3,False
2016-02-17 04:00:00,70,4,False
2016-02-17 04:10:00,50,4,False
2016-02-17 04:20:00,60,4,False
2016-02-17 04:30:00,60,4,False
2016-02-17 04:40:00,60,4,False
2016-02-17 04:50:00,70,4,False
2016-02-17 05:00:00,40,5,False
2016-02-17 05:10:00,40,5,False
2016-02-17 05:20:00,40,5,False
2016-02-17 05:30:00,50,5,False
2016-02-17 05:40:00,60,5,False
2016-02-17 05:50:00,60,5,False
2016-02-17 06:00:00,60,6,False
2016-02-17 06:10:00,60,6,False
2016-02-17 06:20:00,70,6,False
2016-02-17 06:30:00,50,6,False
2016-02-17 06:40:00,70,6,False
2016-02-17 06:50:00,50,6,False
2016-02-17 07:00:00,70,7,False
2016-02-17 07:10:00,60,7,False
2016-02-17 07:20:00,50,7,False
2016-02-17 07:30:00,60,7,False
2016-02-17 07:40:00,70,7,False
2016-02-17 07:50:00,60,7,False
2016-02-17 08:00:00,60,8,False
2016-02-17 08:10:00,60,8,False
2016-02-17 08:20:00,60,8,False
2016-02-17 08:30:00,60,8,False
2016-02-17 08:40:00,50,8,False
2016-02-17 08:50:00,50,8,False
2016-02-17 09:00:00,60,9,False
2016-02-17 09:10:00,80,9,False
2016-02-17 09:20:00,80,9,False
2016-02-17 09:30:00,30,9,False
2016-02-17 09:40:00,80,9,False
2016-02-17 09:50:00,20,9,False
2016-02-17 10:00:00,100,10,False
2016-02-17 10:10:00,50,10,False
2016-02-17 10:20:00,100,10,False
2016-02-17 10:30:00,80,10,False
2016-02-17 10:40:00,60,10,False
2016-02-17 10:50:00,80,10,False
2016-02-17 11:00:00,90,11,False
2016-02-17 11:10:00,70,11,False
2016-02-17 11:20:00,50,11,False
2016-02-17 11:30:00,60,11,False
2016-02-17 11:40:00,120,11,False
2016-02-17 11:50:00,40,11,False
2016-02-17 12:00:00,90,12,False
2016-02-17 12:10:00,50,12,False
2016-02-17 12:20:00,30,12,False
2016-02-17 12:30:00,60,12,False
2016-02-17 12:40:00,40,12,False
2016-02-17 12:50:00,50,12,False
2016-02-17 13:00:00,60,13,False
2016-02-17 13:10:00,50,13,False
2016-02-17 13:20:00,60,13,False
2016-02-17 13:30:00,80,13,False
2016-02-17 13:40:00,100,13,False
2016-02-17 13:50:00,100,13,False
2016-02-17 14:00:00,90,14,False
2016-02-17 14:10:00,100,14,False
2016-02-17 14:20:00,100,14,False
2016-02-17 14:30:00,50,14,False
2016-02-17 14:40:00,50,14,False
2016-02-17 14:50:00,40,14,False
2016-02-17 15:00:00,50,15,False
2016-02-17 15:10:00,60,15,False
2016-02-17 15:20:00,50,15,False
2016-02-17 15:30:00,60,15,False
2016-02-17 15:40:00,60,15,False
2016-02-17 15:50:00,60,15,False
2016-02-17 16:00:00,60,16,False
2016-02-17 16:10:00,50,16,False
2016-02-17 16:20:00,70,16,False
2016-02-17 16:30:00,90,16,False
2016-02-17 16:40:00,100,16,False
2016-02-17 16:50:00,100,16,False
2016-02-17 17:00:00,100,17,False
2016-02-17 17:10:00,80,17,False
2016-02-17 17:20:00,70,17,False
2016-02-17 17:30:00,70,17,False
2016-02-17 17:40:00,70,17,False
2016-02-17 17:50:00,80,17,False
2016-02-17 18:00:00,90,18,False
2016-02-17 18:10:00,90,18,False
2016-02-17 18:20:00,90,18,False
2016-02-17 18:30:00,90,18,False
2016-02-17 18:40:00,100,18,False
2016-02-17 18:50:00,90,18,False
2016-02-17 19:00:00,100,19,False
2016-02-17 19:10:00,180,19,True
2016-02-17 19:20:00,100,19,False
2016-02-17 19:30:00,80,19,False
2016-02-17 19:40:00,80,19,False
2016-02-17 19:50:00,60,19,False
2016-02-17 20:00:00,70,20,False
2016-02-17 20:10:00,60,20,False
2016-02-17 20:20:00,80,20,False
2016-02-17 20:30:00,70,20,False
2016-02-17 20:40:00,100,20,False
2016-02-17 20:50:00,90,20,False
2016-02-17 21:00:00,130,21,False
2016-02-17 21:10:00,100,21,False
2016-02-17 21:20:00,100,21,False
2016-02-17 21:30:00,90,21,False
2016-02-17 21:40:00,90,21,False
2016-02-17 21:50:00,60,21,False
2016-02-17 22:00:00,60,22,False
2016-02-17 22:10:00,60,22,False
2016-02-17 22:20:00,60,22,False
2016-02-17 22:30:00,70,22,False
2016-02-17 22:40:00,30,22,False
2016-02-17 22:50:00,40,22,False
2016-02-17 23:00:00,50,23,False
2016-02-17 23:10:00,40,23,False
2016-02-17 23:20:00,50,23,False
2016-02-17 23:30:00,60,23,False
2016-02-17 23:40:00,50,23,False
2016-02-17 23:50:00,60,23,False
2016-02-18 00:00:00,60,0,False
2016-02-18 00:10:00,60,0,False
2016-02-18 00:20:00,50,0,False
2016-02-18 00:30:00,50,0,False
2016-02-18 00:40:00,40,0,False
2016-02-18 00:50:00,30,0,False
2016-02-18 01:00:00,30,1,False
2016-02-18 01:10:00,60,1,False
2016-02-18 01:20:00,60,1,False
2016-02-18 01:30:00,60,1,False
2016-02-18 01:40:00,50,1,False
2016-02-18 01:50:00,50,1,False
2016-02-18 02:00:00,60,2,False
2016-02-18 02:10:00,50,2,False
2016-02-18 02:20:00,50,2,False
2016-02-18 02:30:00,60,2,False
2016-02-18 02:40:00,50,2,False
2016-02-18 02:50:00,60,2,False
2016-02-18 03:00:00,40,3,False
2016-02-18 03:10:00,40,3,False
2016-02-18 03:20:00,30,3,False
2016-02-18 03:30:00,30,3,False
2016-02-18 03:40:00,50,3,False
2016-02-18 03:50:00,50,3,False
2016-02-18 04:00:00,60,4,False
2016-02-18 04:10:00,70,4,False
2016-02-18 04:20:00,50,4,False
2016-02-18 04:30:00,50,4,False
2016-02-18 04:40:00,50,4,False
2016-02-18 04:50:00,60,4,False
2016-02-18 05:00:00,50,5,False
2016-02-18 05:10:00,60,5,False
2016-02-18 05:20:00,60,5,False
2016-02-18 05:30:00,40,5,False
2016-02-18 05:40:00,40,5,False
2016-02-18 05:50:00,30,5,False
2016-02-18 06:00:00,30,6,False
2016-02-18 06:10:00,60,6,False
2016-02-18 06:20:00,50,6,False
2016-02-18 06:30:00,60,6,False
2016-02-18 06:40:00,50,6,False
2016-02-18 06:50:00,60,6,False
2016-02-18 07:00:00,60,7,False
2016-02-18 07:10:00,50,7,False
2016-02-18 07:20:00,80,7,False
2016-02-18 07:30:00,70,7,False
2016-02-18 07:40:00,50,7,False
2016-02-18 07:50:00,30,7,False
2016-02-18 08:00:00,40,8,False
2016-02-18 08:10:00,40,8,False
2016-02-18 08:20:00,50,8,False
2016-02-18 08:30:00,60,8,False
2016-02-18 08:40:00,50,8,False
2016-02-18 08:50:00,170,8,False
2016-02-18 09:00:00,270,9,True
2016-02-18 09:10:00,70,9,False
2016-02-18 09:20:00,90,9,False
2016-02-18 09:30:00,90,9,False
2016-02-18 09:40:00,260,9,True
2016-02-18 09:50:00,150,9,False
2016-02-18 10:00:00,80,10,False
2016-02-18 10:10:00,60,10,False
2016-02-18 10:20:00,60,10,False
2016-02-18 10:30:00,70,10,False
2016-02-18 10:40:00,50,10,False
2016-02-18 10:50:00,130,10,False
2016-02-18 11:00:00,540,11,True
2016-02-18 11:10:00,510,11,True
2016-02-18 11:20:00,200,11,True
2016-02-18 11:30:00,200,11,True
2016-02-18 11:40:00,180,11,True
2016-02-18 11:50:00,190,11,True
2016-02-18 12:00:00,100,12,False
2016-02-18 12:10:00,240,12,True
2016-02-18 12:20:00,140,12,False
2016-02-18 12:30:00,100,12,False
2016-02-18 12:40:00,90,12,False
2016-02-18 12:50:00,70,12,False
2016-02-18 13:00:00,70,13,False
2016-02-18 13:10:00,60,13,False
2016-02-18 13:20:00,60,13,False
2016-02-18 13:30:00,70,13,False
2016-02-18 13:40:00,50,13,False
2016-02-18 13:50:00,50,13,False
2016-02-18 14:00:00,50,14,False
2016-02-18 14:10:00,40,14,False
2016-02-18 14:20:00,50,14,False
2016-02-18 14:30:00,40,14,False
2016-02-18 14:40:00,20,14,False
2016-02-18 14:50:00,40,14,False
2016-02-18 15:00:00,20,15,False
2016-02-18 15:10:00,40,15,False
2016-02-18 15:20:00,50,15,False
2016-02-18 15:30:00,40,15,False
2016-02-18 15:40:00,50,15,False
2016-02-18 15:50:00,50,15,False
2016-02-18 16:00:00,40,16,False
2016-02-18 16:10:00,50,16,False
2016-02-18 16:20:00,50,16,False
2016-02-18 16:30:00,80,16,False
2016-02-18 16:40:00,90,16,False
2016-02-18 16:50:00,80,16,False
2016-02-18 17:00:00,100,17,False
2016-02-18 17:10:00,100,17,False
2016-02-18 17:20:00,80,17,False
2016-02-18 17:30:00,80,17,False
2016-02-18 17:40:00,70,17,False
2016-02-18 17:50:00,70,17,False
2016-02-18 18:00:00,80,18,False
2016-02-18 18:10:00,90,18,False
2016-02-18 18:20:00,80,18,False
2016-02-18 18:30:00,160,18,False
2016-02-18 18:40:00,440,18,True
2016-02-18 18:50:00,230,18,True
2016-02-18 19:00:00,260,19,True
2016-02-18 19:10:00,180,19,True
2016-02-18 19:20:00,100,19,False
2016-02-18 19:30:00,90,19,False
2016-02-18 19:40:00,90,19,False
2016-02-18 19:50:00,90,19,False
2016-02-18 20:00:00,80,20,False
2016-02-18 20:10:00,70,20,False
2016-02-18 20:20:00,70,20,False
2016-02-18 20:30:00,70,20,False
2016-02-18 20:40:00,100,20,False
2016-02-18 20:50:00,90,20,False
2016-02-18 21:00:00,80,21,False
2016-02-18 21:10:00,80,21,False
2016-02-18 21:20:00,90,21,False
2016-02-18 21:30:00,80,21,False
2016-02-18 21:40:00,90,21,False
2016-02-18 21:50:00,90,21,False
2016-02-18 22:00:00,80,22,False
2016-02-18 22:10:00,80,22,False
2016-02-18 22:20:00,80,22,False
2016-02-18 22:30:00,60,22,False
2016-02-18 22:40:00,40,22,False
2016-02-18 22:50:00,30,22,False
2016-02-18 23:00:00,30,23,False
2016-02-18 23:10:00,60,23,False
2016-02-18 23:20:00,50,23,False
2016-02-18 23:30:00,40,23,False
2016-02-18 23:40:00,50,23,False
2016-02-18 23:50:00,50,23,False
2016-02-19 00:00:00,40,0,False
2016-02-19 00:10:00,50,0,False
2016-02-19 00:20:00,50,0,False
2016-02-19 00:30:00,60,0,False
2016-02-19 00:40:00,50,0,False
2016-02-19 00:50:00,20,0,False
2016-02-19 01:00:00,30,1,False
2016-02-19 01:10:00,20,1,False
2016-02-19 01:20:00,40,1,False
2016-02-19 01:30:00,50,1,False
2016-02-19 01:40:00,50,1,False
2016-02-19 01:50:00,50,1,False
2016-02-19 02:00:00,50,2,False
2016-02-19 02:10:00,50,2,False
2016-02-19 02:20:00,40,2,False
2016-02-19 02:30:00,50,2,False
2016-02-19 02:40:00,40,2,False
2016-02-19 02:50:00,40,2,False
2016-02-19 03:00:00,50,3,False
2016-02-19 03:10:00,40,3,False
2016-02-19 03:20:00,30,3,False
2016-02-19 03:30:00,30,3,False
2016-02-19 03:40:00,30,3,False
2016-02-19 03:50:00,50,3,False
2016-02-19 04:00:00,40,4,False
2016-02-19 04:10:00,50,4,False
2016-02-19 04:20:00,50,4,False
2016-02-19 04:30:00,50,4,False
2016-02-19 04:40:00,60,4,False
2016-02-19 04:50:00,40,4,False
2016-02-19 05:00:00,50,5,False
2016-02-19 05:10:00,40,5,False
2016-02-19 05:20:00,50,5,False
2016-02-19 05:30:00,40,5,False
2016-02-19 05:40:00,20,5,False
2016-02-19 05:50:00,40,5,False
2016-02-19 06:00:00,30,6,False
2016-02-19 06:10:00,40,6,False
2016-02-19 06:20:00,40,6,False
2016-02-19 06:30:00,50,6,False
2016-02-19 06:40:00,40,6,False
2016-02-19 06:50:00,50,6,False
2016-02-19 07:00:00,50,7,False
2016-02-19 07:10:00,50,7,False
2016-02-19 07:20:00,60,7,False
2016-02-19 07:30:00,100,7,False
2016-02-19 07:40:00,40,7,False
2016-02-19 07:50:00,40,7,False
2016-02-19 08:00:00,30,8,False
2016-02-19 08:10:00,40,8,False
2016-02-19 08:20:00,30,8,False
2016-02-19 08:30:00,50,8,False
2016-02-19 08:40:00,60,8,False
2016-02-19 08:50:00,200,8,True
2016-02-19 09:00:00,340,9,True
2016-02-19 09:10:00,150,9,False
2016-02-19 09:20:00,120,9,False
2016-02-19 09:30:00,70,9,False
2016-02-19 09:40:00,70,9,False
2016-02-19 09:50:00,90,9,False
2016-02-19 10:00:00,70,10,False
2016-02-19 10:10:00,80,10,False
2016-02-19 10:20:00,170,10,False
2016-02-19 10:30:00,700,10,True
2016-02-19 10:40:00,580,10,True
2016-02-19 10:50:00,320,10,True
2016-02-19 11:00:00,280,11,True
2016-02-19 11:10:00,260,11,True
2016-02-19 11:20:00,350,11,True
2016-02-19 11:30:00,390,11,True
2016-02-19 11:40:00,270,11,True
2016-02-19 11:50:00,320,11,True
2016-02-19 12:00:00,480,12,True
2016-02-19 12:10:00,610,12,True
2016-02-19 12:20:00,610,12,True
2016-02-19 12:30:00,390,12,True
2016-02-19 12:40:00,340,12,True
2016-02-19 12:50:00,240,12,True
2016-02-19 13:00:00,260,13,True
2016-02-19 13:10:00,210,13,True
2016-02-19 13:20:00,140,13,False
2016-02-19 13:30:00,70,13,False
2016-02-19 13:40:00,50,13,False
2016-02-19 13:50:00,50,13,False
2016-02-19 14:00:00,110,14,False
2016-02-19 14:10:00,350,14,True
2016-02-19 14:20:00,210,14,True
2016-02-19 14:30:00,50,14,False
2016-02-19 14:40:00,60,14,False
2016-02-19 14:50:00,60,14,False
2016-02-19 15:00:00,50,15,False
2016-02-19 15:10:00,330,15,True
2016-02-19 15:20:00,380,15,True
2016-02-19 15:30:00,280,15,True
2016-02-19 15:40:00,240,15,True
2016-02-19 15:50:00,220,15,True
2016-02-19 16:00:00,190,16,True
2016-02-19 16:10:00,200,16,True
2016-02-19 16:20:00,120,16,False
2016-02-19 16:30:00,50,16,False
2016-02-19 16:40:00,50,16,False
2016-02-19 16:50:00,60,16,False
2016-02-19 17:00:00,40,17,False
2016-02-19 17:10:00,50,17,False
2016-02-19 17:20:00,90,17,False
2016-02-19 17:30:00,410,17,True
2016-02-19 17:40:00,320,17,True
2016-02-19 17:50:00,310,17,True
2016-02-19 18:00:00,280,18,True
2016-02-19 18:10:00,250,18,True
2016-02-19 18:20:00,180,18,True
2016-02-19 18:30:00,110,18,False
2016-02-19 18:40:00,90,18,False
2016-02-19 18:50:00,90,18,False
2016-02-19 19:00:00,40,19,False
2016-02-19 19:10:00,30,19,False
2016-02-19 19:20:00,50,19,False
2016-02-19 19:30:00,50,19,False
2016-02-19 19:40:00,50,19,False
2016-02-19 19:50:00,50,19,False
2016-02-19 20:00:00,40,20,False
2016-02-19 20:10:00,40,20,False
2016-02-19 20:20:00,50,20,False
2016-02-19 20:30:00,40,20,False
2016-02-19 20:40:00,50,20,False
2016-02-19 20:50:00,50,20,False
2016-02-19 21:00:00,50,21,False
2016-02-19 21:10:00,40,21,False
2016-02-19 21:20:00,40,21,False
2016-02-19 21:30:00,30,21,False
2016-02-19 21:40:00,20,21,False
2016-02-19 21:50:00,30,21,False
2016-02-19 22:00:00,50,22,False
2016-02-19 22:10:00,50,22,False
2016-02-19 22:20:00,50,22,False
2016-02-19 22:30:00,40,22,False
2016-02-19 22:40:00,40,22,False
2016-02-19 22:50:00,50,22,False
2016-02-19 23:00:00,50,23,False
2016-02-19 23:10:00,30,23,False
2016-02-19 23:20:00,50,23,False
2016-02-19 23:30:00,50,23,False
2016-02-19 23:40:00,50,23,False
2016-02-19 23:50:00,40,23,False
2016-02-20 00:00:00,30,0,False
2016-02-20 00:10:00,20,0,False
2016-02-20 00:20:00,30,0,False
2016-02-20 00:30:00,50,0,False
2016-02-20 00:40:00,50,0,False
2016-02-20 00:50:00,50,0,False
2016-02-20 01:00:00,60,1,False
2016-02-20 01:10:00,50,1,False
2016-02-20 01:20:00,40,1,False
2016-02-20 01:30:00,40,1,False
2016-02-20 01:40:00,50,1,False
2016-02-20 01:50:00,40,1,False
2016-02-20 02:00:00,50,2,False
2016-02-20 02:10:00,50,2,False
2016-02-20 02:20:00,60,2,False
2016-02-20 02:30:00,40,2,False
2016-02-20 02:40:00,30,2,False
2016-02-20 02:50:00,20,2,False
2016-02-20 03:00:00,30,3,False
2016-02-20 03:10:00,20,3,False
2016-02-20 03:20:00,50,3,False
2016-02-20 03:30:00,50,3,False
2016-02-20 03:40:00,50,3,False
2016-02-20 03:50:00,60,3,False
2016-02-20 04:00:00,40,4,False
2016-02-20 04:10:00,50,4,False
2016-02-20 04:20:00,50,4,False
2016-02-20 04:30:00,40,4,False
2016-02-20 04:40:00,50,4,False
2016-02-20 04:50:00,50,4,False
2016-02-20 05:00:00,50,5,False
2016-02-20 05:10:00,50,5,False
2016-02-20 05:20:00,40,5,False
2016-02-20 05:30:00,30,5,False
2016-02-20 05:40:00,20,5,False
2016-02-20 05:50:00,30,5,False
2016-02-20 06:00:00,40,6,False
2016-02-20 06:10:00,50,6,False
2016-02-20 06:20:00,50,6,False
2016-02-20 06:30:00,50,6,False
2016-02-20 06:40:00,50,6,False
2016-02-20 06:50:00,50,6,False
2016-02-20 07:00:00,40,7,False
2016-02-20 07:10:00,50,7,False
2016-02-20 07:20:00,40,7,False
2016-02-20 07:30:00,50,7,False
2016-02-20 07:40:00,50,7,False
2016-02-20 07:50:00,50,7,False
2016-02-20 08:00:00,40,8,False
2016-02-20 08:10:00,30,8,False
2016-02-20 08:20:00,30,8,False
2016-02-20 08:30:00,10,8,False
2016-02-20 08:40:00,40,8,False
2016-02-20 08:50:00,80,8,False
2016-02-20 09:00:00,50,9,False
2016-02-20 09:10:00,60,9,False
2016-02-20 09:20:00,40,9,False
2016-02-20 09:30:00,50,9,False
2016-02-20 09:40:00,40,9,False
2016-02-20 09:50:00,50,9,False
2016-02-20 10:00:00,40,10,False
2016-02-20 10:10:00,270,10,True
2016-02-20 10:20:00,150,10,False
2016-02-20 10:30:00,360,10,True
2016-02-20 10:40:00,540,10,True
2016-02-20 10:50:00,280,10,True
2016-02-20 11:00:00,150,11,False
2016-02-20 11:10:00,110,11,False
2016-02-20 11:20:00,280,11,True
2016-02-20 11:30:00,420,11,True
2016-02-20 11:40:00,180,11,True
2016-02-20 11:50:00,100,11,False
2016-02-20 12:00:00,80,12,False
2016-02-20 12:10:00,90,12,False
2016-02-20 12:20:00,70,12,False
2016-02-20 12:30:00,90,12,False
2016-02-20 12:40:00,70,12,False
2016-02-20 12:50:00,320,12,True
2016-02-20 13:00:00,590,13,True
2016-02-20 13:10:00,320,13,True
2016-02-20 13:20:00,310,13,True
2016-02-20 13:30:00,310,13,True
2016-02-20 13:40:00,300,13,True
2016-02-20 13:50:00,270,13,True
2016-02-20 14:00:00,250,14,True
2016-02-20 14:10:00,220,14,True
2016-02-20 14:20:00,110,14,False
2016-02-20 14:30:00,90,14,False
2016-02-20 14:40:00,80,14,False
2016-02-20 14:50:00,80,14,False
2016-02-20 15:00:00,80,15,False
2016-02-20 15:10:00,70,15,False
2016-02-20 15:20:00,70,15,False
2016-02-20 15:30:00,50,15,False
2016-02-20 15:40:00,60,15,False
2016-02-20 15:50:00,60,15,False
2016-02-20 16:00:00,80,16,False
2016-02-20 16:10:00,80,16,False
2016-02-20 16:20:00,90,16,False
2016-02-20 16:30:00,90,16,False
2016-02-20 16:40:00,90,16,False
2016-02-20 16:50:00,80,16,False
2016-02-20 17:00:00,90,17,False
2016-02-20 17:10:00,90,17,False
2016-02-20 17:20:00,100,17,False
2016-02-20 17:30:00,100,17,False
2016-02-20 17:40:00,90,17,False
2016-02-20 17:50:00,100,17,False
2016-02-20 18:00:00,80,18,False
2016-02-20 18:10:00,140,18,False
2016-02-20 18:20:00,440,18,True
2016-02-20 18:30:00,340,18,True
2016-02-20 18:40:00,170,18,False
2016-02-20 18:50:00,100,18,False
2016-02-20 19:00:00,120,19,False
2016-02-20 19:10:00,200,19,True
2016-02-20 19:20:00,300,19,True
2016-02-20 19:30:00,100,19,False
2016-02-20 19:40:00,80,19,False
2016-02-20 19:50:00,70,19,False
2016-02-20 20:00:00,70,20,False
2016-02-20 20:10:00,80,20,False
2016-02-20 20:20:00,140,20,False
2016-02-20 20:30:00,110,20,False
2016-02-20 20:40:00,90,20,False
2016-02-20 20:50:00,100,20,False
2016-02-20 21:00:00,90,21,False
2016-02-20 21:10:00,90,21,False
2016-02-20 21:20:00,100,21,False
2016-02-20 21:30:00,90,21,False
2016-02-20 21:40:00,110,21,False
2016-02-20 21:50:00,90,21,False
2016-02-20 22:00:00,60,22,False
2016-02-20 22:10:00,60,22,False
2016-02-20 22:20:00,60,22,False
2016-02-20 22:30:00,60,22,False
2016-02-20 22:40:00,50,22,False
2016-02-20 22:50:00,50,22,False
2016-02-20 23:00:00,70,23,False
2016-02-20 23:10:00,50,23,False
2016-02-20 23:20:00,40,23,False
2016-02-20 23:30:00,30,23,False
2016-02-20 23:40:00,30,23,False
2016-02-20 23:50:00,40,23,False
2016-02-21 00:00:00,50,0,False
2016-02-21 00:10:00,50,0,False
2016-02-21 00:20:00,50,0,False
2016-02-21 00:30:00,50,0,False
2016-02-21 00:40:00,70,0,False
2016-02-21 00:50:00,40,0,False
2016-02-21 01:00:00,50,1,False
2016-02-21 01:10:00,50,1,False
2016-02-21 01:20:00,40,1,False
2016-02-21 01:30:00,40,1,False
2016-02-21 01:40:00,50,1,False
2016-02-21 01:50:00,60,1,False
2016-02-21 02:00:00,50,2,False
2016-02-21 02:10:00,40,2,False
2016-02-21 02:20:00,50,2,False
2016-02-21 02:30:00,40,2,False
2016-02-21 02:40:00,20,2,False
2016-02-21 02:50:00,20,2,False
2016-02-21 03:00:00,40,3,False
2016-02-21 03:10:00,50,3,False
2016-02-21 03:20:00,60,3,False
2016-02-21 03:30:00,50,3,False
2016-02-21 03:40:00,40,3,False
2016-02-21 03:50:00,40,3,False
2016-02-21 04:00:00,50,4,False
2016-02-21 04:10:00,50,4,False
2016-02-21 04:20:00,50,4,False
2016-02-21 04:30:00,50,4,False
2016-02-21 04:40:00,50,4,False
2016-02-21 04:50:00,50,4,False
2016-02-21 05:00:00,40,5,False
2016-02-21 05:10:00,50,5,False
2016-02-21 05:20:00,40,5,False
2016-02-21 05:30:00,40,5,False
2016-02-21 05:40:00,50,5,False
2016-02-21 05:50:00,60,5,False
2016-02-21 06:00:00,30,6,False
2016-02-21 06:10:00,30,6,False
2016-02-21 06:20:00,20,6,False
2016-02-21 06:30:00,40,6,False
2016-02-21 06:40:00,50,6,False
2016-02-21 06:50:00,40,6,False
2016-02-21 07:00:00,50,7,False
2016-02-21 07:10:00,40,7,False
2016-02-21 07:20:00,50,7,False
2016-02-21 07:30:00,60,7,False
2016-02-21 07:40:00,50,7,False
2016-02-21 07:50:00,40,7,False
2016-02-21 08:00:00,40,8,False
2016-02-21 08:10:00,50,8,False
2016-02-21 08:20:00,40,8,False
2016-02-21 08:30:00,50,8,False
2016-02-21 08:40:00,40,8,False
2016-02-21 08:50:00,50,8,False
2016-02-21 09:00:00,90,9,False
2016-02-21 09:10:00,50,9,False
2016-02-21 09:20:00,30,9,False
2016-02-21 09:30:00,10,9,False
2016-02-21 09:40:00,40,9,False
2016-02-21 09:50:00,60,9,False
2016-02-21 10:00:00,170,10,False
2016-02-21 10:10:00,150,10,False
2016-02-21 10:20:00,70,10,False
2016-02-21 10:30:00,60,10,False
2016-02-21 10:40:00,60,10,False
2016-02-21 10:50:00,60,10,False
2016-02-21 11:00:00,60,11,False
2016-02-21 11:10:00,60,11,False
2016-02-21 11:20:00,80,11,False
2016-02-21 11:30:00,80,11,False
2016-02-21 11:40:00,80,11,False
2016-02-21 11:50:00,90,11,False
2016-02-21 12:00:00,80,12,False
2016-02-21 12:10:00,80,12,False
2016-02-21 12:20:00,80,12,False
2016-02-21 12:30:00,80,12,False
2016-02-21 12:40:00,80,12,False
2016-02-21 12:50:00,100,12,False
2016-02-21 13:00:00,100,13,False
2016-02-21 13:10:00,70,13,False
2016-02-21 13:20:00,70,13,False
2016-02-21 13:30:00,100,13,False
2016-02-21 13:40:00,70,13,False
2016-02-21 13:50:00,80,13,False
2016-02-21 14:00:00,100,14,False
2016-02-21 14:10:00,110,14,False
2016-02-21 14:20:00,120,14,False
2016-02-21 14:30:00,110,14,False
2016-02-21 14:40:00,110,14,False
2016-02-21 14:50:00,100,14,False
2016-02-21 15:00:00,90,15,False
2016-02-21 15:10:00,110,15,False
2016-02-21 15:20:00,100,15,False
2016-02-21 15:30:00,110,15,False
2016-02-21 15:40:00,110,15,False
2016-02-21 15:50:00,100,15,False
2016-02-21 16:00:00,110,16,False
2016-02-21 16:10:00,110,16,False
2016-02-21 16:20:00,100,16,False
2016-02-21 16:30:00,80,16,False
2016-02-21 16:40:00,60,16,False
2016-02-21 16:50:00,50,16,False
2016-02-21 17:00:00,190,17,True
2016-02-21 17:10:00,180,17,True
2016-02-21 17:20:00,110,17,False
2016-02-21 17:30:00,110,17,False
2016-02-21 17:40:00,100,17,False
2016-02-21 17:50:00,100,17,False
2016-02-21 18:00:00,100,18,False
2016-02-21 18:10:00,100,18,False
2016-02-21 18:20:00,200,18,True
2016-02-21 18:30:00,500,18,True
2016-02-21 18:40:00,340,18,True
2016-02-21 18:50:00,120,18,False
2016-02-21 19:00:00,160,19,False
2016-02-21 19:10:00,320,19,True
2016-02-21 19:20:00,240,19,True
2016-02-21 19:30:00,340,19,True
2016-02-21 19:40:00,140,19,False
2016-02-21 19:50:00,400,19,True
2016-02-21 20:00:00,230,20,True
2016-02-21 20:10:00,140,20,False
2016-02-21 20:20:00,100,20,False
2016-02-21 20:30:00,70,20,False
2016-02-21 20:40:00,80,20,False
2016-02-21 20:50:00,310,20,True
2016-02-21 21:00:00,410,21,True
2016-02-21 21:10:00,80,21,False
2016-02-21 21:20:00,90,21,False
2016-02-21 21:30:00,100,21,False
2016-02-21 21:40:00,90,21,False
2016-02-21 21:50:00,90,21,False
2016-02-21 22:00:00,70,22,False
2016-02-21 22:10:00,60,22,False
2016-02-21 22:20:00,60,22,False
2016-02-21 22:30:00,60,22,False
2016-02-21 22:40:00,60,22,False
2016-02-21 22:50:00,60,22,False
2016-02-21 23:00:00,60,23,False
2016-02-21 23:10:00,60,23,False
2016-02-21 23:20:00,50,23,False
2016-02-21 23:30:00,60,23,False
2016-02-21 23:40:00,60,23,False
2016-02-21 23:50:00,40,23,False
2016-02-22 00:00:00,40,0,False
2016-02-22 00:10:00,40,0,False
2016-02-22 00:20:00,50,0,False
2016-02-22 00:30:00,70,0,False
2016-02-22 00:40:00,60,0,False
2016-02-22 00:50:00,70,0,False
2016-02-22 01:00:00,60,1,False
2016-02-22 01:10:00,60,1,False
2016-02-22 01:20:00,50,1,False
2016-02-22 01:30:00,60,1,False
2016-02-22 01:40:00,60,1,False
2016-02-22 01:50:00,60,1,False
2016-02-22 02:00:00,60,2,False
2016-02-22 02:10:00,50,2,False
2016-02-22 02:20:00,50,2,False
2016-02-22 02:30:00,60,2,False
2016-02-22 02:40:00,50,2,False
2016-02-22 02:50:00,60,2,False
2016-02-22 03:00:00,60,3,False
2016-02-22 03:10:00,60,3,False
2016-02-22 03:20:00,60,3,False
2016-02-22 03:30:00,50,3,False
2016-02-22 03:40:00,60,3,False
2016-02-22 03:50:00,40,3,False
2016-02-22 04:00:00,50,4,False
2016-02-22 04:10:00,20,4,False
2016-02-22 04:20:00,40,4,False
2016-02-22 04:30:00,50,4,False
2016-02-22 04:40:00,50,4,False
2016-02-22 04:50:00,70,4,False
2016-02-22 05:00:00,50,5,False
2016-02-22 05:10:00,50,5,False
2016-02-22 05:20:00,50,5,False
2016-02-22 05:30:00,50,5,False
2016-02-22 05:40:00,50,5,False
2016-02-22 05:50:00,60,5,False
2016-02-22 06:00:00,70,6,False
2016-02-22 06:10:00,50,6,False
2016-02-22 06:20:00,60,6,False
2016-02-22 06:30:00,50,6,False
2016-02-22 06:40:00,50,6,False
2016-02-22 06:50:00,50,6,False
2016-02-22 07:00:00,60,7,False
2016-02-22 07:10:00,50,7,False
2016-02-22 07:20:00,50,7,False
2016-02-22 07:30:00,60,7,False
2016-02-22 07:40:00,70,7,False
2016-02-22 07:50:00,50,7,False
2016-02-22 08:00:00,50,8,False
2016-02-22 08:10:00,30,8,False
2016-02-22 08:20:00,50,8,False
2016-02-22 08:30:00,140,8,False
2016-02-22 08:40:00,130,8,False
2016-02-22 08:50:00,50,8,False
2016-02-22 09:00:00,50,9,False
2016-02-22 09:10:00,80,9,False
2016-02-22 09:20:00,330,9,True
2016-02-22 09:30:00,230,9,True
2016-02-22 09:40:00,70,9,False
2016-02-22 09:50:00,40,9,False
2016-02-22 10:00:00,40,10,False
2016-02-22 10:10:00,70,10,False
2016-02-22 10:20:00,60,10,False
2016-02-22 10:30:00,80,10,False
2016-02-22 10:40:00,50,10,False
2016-02-22 10:50:00,40,10,False
2016-02-22 11:00:00,50,11,False
2016-02-22 11:10:00,360,11,True
2016-02-22 11:20:00,390,11,True
2016-02-22 11:30:00,300,11,True
2016-02-22 11:40:00,260,11,True
2016-02-22 11:50:00,270,11,True
2016-02-22 12:00:00,230,12,True
2016-02-22 12:10:00,340,12,True
2016-02-22 12:20:00,230,12,True
2016-02-22 12:30:00,100,12,False
2016-02-22 12:40:00,90,12,False
2016-02-22 12:50:00,90,12,False
2016-02-22 13:00:00,110,13,False
2016-02-22 13:10:00,100,13,False
2016-02-22 13:20:00,130,13,False
2016-02-22 13:30:00,120,13,False
2016-02-22 13:40:00,60,13,False
2016-02-22 13:50:00,40,13,False
2016-02-22 14:00:00,40,14,False
2016-02-22 14:10:00,30,14,False
2016-02-22 14:20:00,50,14,False
2016-02-22 14:30:00,50,14,False
2016-02-22 14:40:00,60,14,False
2016-02-22 14:50:00,50,14,False
2016-02-22 15:00:00,50,15,False
2016-02-22 15:10:00,50,15,False
2016-02-22 15:20:00,50,15,False
2016-02-22 15:30:00,60,15,False
2016-02-22 15:40:00,70,15,False
2016-02-22 15:50:00,70,15,False
2016-02-22 16:00:00,60,16,False
2016-02-22 16:10:00,50,16,False
2016-02-22 16:20:00,50,16,False
2016-02-22 16:30:00,40,16,False
2016-02-22 16:40:00,40,16,False
2016-02-22 16:50:00,40,16,False
2016-02-22 17:00:00,30,17,False
2016-02-22 17:10:00,30,17,False
2016-02-22 17:20:00,40,17,False
2016-02-22 17:30:00,80,17,False
2016-02-22 17:40:00,150,17,False
2016-02-22 17:50:00,390,17,True
2016-02-22 18:00:00,240,18,True
2016-02-22 18:10:00,240,18,True
2016-02-22 18:20:00,230,18,True
2016-02-22 18:30:00,240,18,True
2016-02-22 18:40:00,240,18,True
2016-02-22 18:50:00,190,18,True
2016-02-22 19:00:00,100,19,False
2016-02-22 19:10:00,120,19,False
2016-02-22 19:20:00,120,19,False
2016-02-22 19:30:00,110,19,False
2016-02-22 19:40:00,120,19,False
2016-02-22 19:50:00,160,19,False
2016-02-22 20:00:00,120,20,False
2016-02-22 20:10:00,140,20,False
2016-02-22 20:20:00,110,20,False
2016-02-22 20:30:00,110,20,False
2016-02-22 20:40:00,120,20,False
2016-02-22 20:50:00,310,20,True
2016-02-22 21:00:00,110,21,False
2016-02-22 21:10:00,110,21,False
2016-02-22 21:20:00,110,21,False
2016-02-22 21:30:00,100,21,False
2016-02-22 21:40:00,70,21,False
2016-02-22 21:50:00,90,21,False
2016-02-22 22:00:00,70,22,False
2016-02-22 22:10:00,60,22,False
2016-02-22 22:20:00,70,22,False
2016-02-22 22:30:00,50,22,False
2016-02-22 22:40:00,60,22,False
2016-02-22 22:50:00,60,22,False
2016-02-22 23:00:00,80,23,False
2016-02-22 23:10:00,90,23,False
2016-02-22 23:20:00,70,23,False
2016-02-22 23:30:00,50,23,False
2016-02-22 23:40:00,40,23,False
2016-02-22 23:50:00,50,23,False
2016-02-23 00:00:00,60,0,False
2016-02-23 00:10:00,60,0,False
2016-02-23 00:20:00,80,0,False
2016-02-23 00:30:00,70,0,False
2016-02-23 00:40:00,70,0,False
2016-02-23 00:50:00,70,0,False
2016-02-23 01:00:00,70,1,False
2016-02-23 01:10:00,60,1,False
2016-02-23 01:20:00,60,1,False
2016-02-23 01:30:00,60,1,False
2016-02-23 01:40:00,60,1,False
2016-02-23 01:50:00,60,1,False
2016-02-23 02:00:00,60,2,False
2016-02-23 02:10:00,50,2,False
2016-02-23 02:20:00,50,2,False
2016-02-23 02:30:00,60,2,False
2016-02-23 02:40:00,40,2,False
2016-02-23 02:50:00,30,2,False
2016-02-23 03:00:00,50,3,False
2016-02-23 03:10:00,40,3,False
2016-02-23 03:20:00,70,3,False
2016-02-23 03:30:00,60,3,False
2016-02-23 03:40:00,60,3,False
2016-02-23 03:50:00,50,3,False
2016-02-23 04:00:00,60,4,False
2016-02-23 04:10:00,50,4,False
2016-02-23 04:20:00,60,4,False
2016-02-23 04:30:00,50,4,False
2016-02-23 04:40:00,60,4,False
2016-02-23 04:50:00,70,4,False
2016-02-23 05:00:00,60,5,False
2016-02-23 05:10:00,60,5,False
2016-02-23 05:20:00,50,5,False
2016-02-23 05:30:00,50,5,False
2016-02-23 05:40:00,60,5,False
2016-02-23 05:50:00,50,5,False
2016-02-23 06:00:00,60,6,False
2016-02-23 06:10:00,40,6,False
2016-02-23 06:20:00,40,6,False
2016-02-23 06:30:00,40,6,False
2016-02-23 06:40:00,50,6,False
2016-02-23 06:50:00,50,6,False
2016-02-23 07:00:00,60,7,False
2016-02-23 07:10:00,40,7,False
2016-02-23 07:20:00,80,7,False
2016-02-23 07:30:00,50,7,False
2016-02-23 07:40:00,50,7,False
2016-02-23 07:50:00,50,7,False
2016-02-23 08:00:00,40,8,False
2016-02-23 08:10:00,90,8,False
2016-02-23 08:20:00,50,8,False
2016-02-23 08:30:00,60,8,False
2016-02-23 08:40:00,60,8,False
2016-02-23 08:50:00,70,8,False
2016-02-23 09:00:00,50,9,False
2016-02-23 09:10:00,30,9,False
2016-02-23 09:20:00,280,9,True
2016-02-23 09:30:00,70,9,False
2016-02-23 09:40:00,390,9,True
2016-02-23 09:50:00,80,9,False
2016-02-23 10:00:00,250,10,True
2016-02-23 10:10:00,220,10,True
2016-02-23 10:20:00,70,10,False
2016-02-23 10:30:00,80,10,False
2016-02-23 10:40:00,70,10,False
2016-02-23 10:50:00,70,10,False
2016-02-23 11:00:00,400,11,True
2016-02-23 11:10:00,180,11,True
2016-02-23 11:20:00,60,11,False
2016-02-23 11:30:00,60,11,False
2016-02-23 11:40:00,60,11,False
2016-02-23 11:50:00,40,11,False
2016-02-23 12:00:00,50,12,False
2016-02-23 12:10:00,40,12,False
2016-02-23 12:20:00,190,12,True
2016-02-23 12:30:00,50,12,False
2016-02-23 12:40:00,60,12,False
2016-02-23 12:50:00,170,12,False
2016-02-23 13:00:00,180,13,True
2016-02-23 13:10:00,190,13,True
2016-02-23 13:20:00,160,13,False
2016-02-23 13:30:00,180,13,True
2016-02-23 13:40:00,40,13,False
2016-02-23 13:50:00,40,13,False
2016-02-23 14:00:00,70,14,False
2016-02-23 14:10:00,60,14,False
2016-02-23 14:20:00,60,14,False
2016-02-23 14:30:00,60,14,False
2016-02-23 14:40:00,40,14,False
2016-02-23 14:50:00,50,14,False
2016-02-23 15:00:00,40,15,False
2016-02-23 15:10:00,60,15,False
2016-02-23 15:20:00,60,15,False
2016-02-23 15:30:00,90,15,False
2016-02-23 15:40:00,340,15,True
2016-02-23 15:50:00,220,15,True
2016-02-23 16:00:00,70,16,False
2016-02-23 16:10:00,60,16,False
2016-02-23 16:20:00,50,16,False
2016-02-23 16:30:00,50,16,False
2016-02-23 16:40:00,50,16,False
2016-02-23 16:50:00,50,16,False
2016-02-23 17:00:00,60,17,False
2016-02-23 17:10:00,50,17,False
2016-02-23 17:20:00,50,17,False
2016-02-23 17:30:00,40,17,False
2016-02-23 17:40:00,40,17,False
2016-02-23 17:50:00,80,17,False
2016-02-23 18:00:00,280,18,True
2016-02-23 18:10:00,390,18,True
2016-02-23 18:20:00,290,18,True
2016-02-23 18:30:00,300,18,True
2016-02-23 18:40:00,210,18,True
2016-02-23 18:50:00,90,18,False
2016-02-23 19:00:00,110,19,False
2016-02-23 19:10:00,110,19,False
2016-02-23 19:20:00,120,19,False
2016-02-23 19:30:00,130,19,False
2016-02-23 19:40:00,120,19,False
2016-02-23 19:50:00,80,19,False
2016-02-23 20:00:00,90,20,False
2016-02-23 20:10:00,90,20,False
2016-02-23 20:20:00,240,20,True
2016-02-23 20:30:00,90,20,False
2016-02-23 20:40:00,80,20,False
2016-02-23 20:50:00,90,20,False
2016-02-23 21:00:00,90,21,False
2016-02-23 21:10:00,110,21,False
2016-02-23 21:20:00,90,21,False
2016-02-23 21:30:00,80,21,False
2016-02-23 21:40:00,90,21,False
2016-02-23 21:50:00,90,21,False
2016-02-23 22:00:00,80,22,False
2016-02-23 22:10:00,50,22,False
2016-02-23 22:20:00,50,22,False
2016-02-23 22:30:00,50,22,False
2016-02-23 22:40:00,50,22,False
2016-02-23 22:50:00,50,22,False
2016-02-23 23:00:00,60,23,False
2016-02-23 23:10:00,60,23,False
2016-02-23 23:20:00,50,23,False
2016-02-23 23:30:00,50,23,False
2016-02-23 23:40:00,40,23,False
2016-02-23 23:50:00,50,23,False
2016-02-24 00:00:00,50,0,False
2016-02-24 00:10:00,50,0,False
2016-02-24 00:20:00,50,0,False
2016-02-24 00:30:00,50,0,False
2016-02-24 00:40:00,50,0,False
2016-02-24 00:50:00,50,0,False
2016-02-24 01:00:00,50,1,False
2016-02-24 01:10:00,40,1,False
2016-02-24 01:20:00,40,1,False
2016-02-24 01:30:00,50,1,False
2016-02-24 01:40:00,50,1,False
2016-02-24 01:50:00,50,1,False
2016-02-24 02:00:00,50,2,False
2016-02-24 02:10:00,30,2,False
2016-02-24 02:20:00,50,2,False
2016-02-24 02:30:00,40,2,False
2016-02-24 02:40:00,50,2,False
2016-02-24 02:50:00,40,2,False
2016-02-24 03:00:00,50,3,False
2016-02-24 03:10:00,50,3,False
2016-02-24 03:20:00,60,3,False
2016-02-24 03:30:00,50,3,False
2016-02-24 03:40:00,50,3,False
2016-02-24 03:50:00,40,3,False
2016-02-24 04:00:00,50,4,False
2016-02-24 04:10:00,40,4,False
2016-02-24 04:20:00,60,4,False
2016-02-24 04:30:00,50,4,False
2016-02-24 04:40:00,50,4,False
2016-02-24 04:50:00,50,4,False
2016-02-24 05:00:00,50,5,False
2016-02-24 05:10:00,40,5,False
2016-02-24 05:20:00,50,5,False
2016-02-24 05:30:00,40,5,False
2016-02-24 05:40:00,50,5,False
2016-02-24 05:50:00,40,5,False
2016-02-24 06:00:00,40,6,False
2016-02-24 06:10:00,30,6,False
2016-02-24 06:20:00,30,6,False
2016-02-24 06:30:00,40,6,False
2016-02-24 06:40:00,50,6,False
2016-02-24 06:50:00,40,6,False
2016-02-24 07:00:00,70,7,False
2016-02-24 07:10:00,90,7,False
2016-02-24 07:20:00,50,7,False
2016-02-24 07:30:00,60,7,False
2016-02-24 07:40:00,40,7,False
2016-02-24 07:50:00,80,7,False
2016-02-24 08:00:00,50,8,False
2016-02-24 08:10:00,40,8,False
2016-02-24 08:20:00,40,8,False
2016-02-24 08:30:00,40,8,False
2016-02-24 08:40:00,40,8,False
2016-02-24 08:50:00,40,8,False
2016-02-24 09:00:00,70,9,False
2016-02-24 09:10:00,90,9,False
2016-02-24 09:20:00,60,9,False
2016-02-24 09:30:00,80,9,False
2016-02-24 09:40:00,90,9,False
2016-02-24 09:50:00,50,9,False
2016-02-24 10:00:00,60,10,False
2016-02-24 10:10:00,80,10,False
2016-02-24 10:20:00,50,10,False
2016-02-24 10:30:00,60,10,False
2016-02-24 10:40:00,60,10,False
2016-02-24 10:50:00,50,10,False
2016-02-24 11:00:00,30,11,False
2016-02-24 11:10:00,40,11,False
2016-02-24 11:20:00,70,11,False
2016-02-24 11:30:00,80,11,False
2016-02-24 11:40:00,120,11,False
2016-02-24 11:50:00,40,11,False
2016-02-24 12:00:00,70,12,False
2016-02-24 12:10:00,40,12,False
2016-02-24 12:20:00,50,12,False
2016-02-24 12:30:00,50,12,False
2016-02-24 12:40:00,50,12,False
2016-02-24 12:50:00,50,12,False
2016-02-24 13:00:00,50,13,False
2016-02-24 13:10:00,140,13,False
2016-02-24 13:20:00,60,13,False
2016-02-24 13:30:00,240,13,True
2016-02-24 13:40:00,200,13,True
2016-02-24 13:50:00,230,13,True
2016-02-24 14:00:00,90,14,False
2016-02-24 14:10:00,190,14,True
2016-02-24 14:20:00,90,14,False
2016-02-24 14:30:00,90,14,False
2016-02-24 14:40:00,80,14,False
2016-02-24 14:50:00,80,14,False
2016-02-24 15:00:00,230,15,True
2016-02-24 15:10:00,420,15,True
2016-02-24 15:20:00,150,15,False
2016-02-24 15:30:00,80,15,False
2016-02-24 15:40:00,90,15,False
2016-02-24 15:50:00,110,15,False
2016-02-24 16:00:00,100,16,False
2016-02-24 16:10:00,100,16,False
2016-02-24 16:20:00,100,16,False
2016-02-24 16:30:00,80,16,False
2016-02-24 16:40:00,70,16,False
2016-02-24 16:50:00,80,16,False
2016-02-24 17:00:00,70,17,False
2016-02-24 17:10:00,80,17,False
2016-02-24 17:20:00,90,17,False
2016-02-24 17:30:00,80,17,False
2016-02-24 17:40:00,80,17,False
2016-02-24 17:50:00,80,17,False
2016-02-24 18:00:00,90,18,False
2016-02-24 18:10:00,100,18,False
2016-02-24 18:20:00,90,18,False
2016-02-24 18:30:00,110,18,False
2016-02-24 18:40:00,120,18,False
2016-02-24 18:50:00,100,18,False
2016-02-24 19:00:00,190,19,True
2016-02-24 19:10:00,100,19,False
2016-02-24 19:20:00,100,19,False
2016-02-24 19:30:00,90,19,False
2016-02-24 19:40:00,70,19,False
2016-02-24 19:50:00,90,19,False
2016-02-24 20:00:00,80,20,False
2016-02-24 20:10:00,110,20,False
2016-02-24 20:20:00,120,20,False
2016-02-24 20:30:00,120,20,False
2016-02-24 20:40:00,160,20,False
2016-02-24 20:50:00,120,20,False
2016-02-24 21:00:00,110,21,False
2016-02-24 21:10:00,120,21,False
2016-02-24 21:20:00,110,21,False
2016-02-24 21:30:00,110,21,False
2016-02-24 21:40:00,110,21,False
2016-02-24 21:50:00,90,21,False
2016-02-24 22:00:00,110,22,False
2016-02-24 22:10:00,90,22,False
2016-02-24 22:20:00,70,22,False
2016-02-24 22:30:00,80,22,False
2016-02-24 22:40:00,80,22,False
2016-02-24 22:50:00,70,22,False
2016-02-24 23:00:00,90,23,False
2016-02-24 23:10:00,90,23,False
2016-02-24 23:20:00,60,23,False
2016-02-24 23:30:00,60,23,False
2016-02-24 23:40:00,50,23,False
2016-02-24 23:50:00,70,23,False
2016-02-25 00:00:00,60,0,False
2016-02-25 00:10:00,70,0,False
2016-02-25 00:20:00,60,0,False
2016-02-25 00:30:00,60,0,False
2016-02-25 00:40:00,50,0,False
2016-02-25 00:50:00,50,0,False
2016-02-25 01:00:00,20,1,False
2016-02-25 01:10:00,30,1,False
2016-02-25 01:20:00,20,1,False
2016-02-25 01:30:00,40,1,False
2016-02-25 01:40:00,60,1,False
2016-02-25 01:50:00,50,1,False
2016-02-25 02:00:00,50,2,False
2016-02-25 02:10:00,40,2,False
2016-02-25 02:20:00,40,2,False
2016-02-25 02:30:00,40,2,False
2016-02-25 02:40:00,50,2,False
2016-02-25 02:50:00,50,2,False
2016-02-25 03:00:00,60,3,False
2016-02-25 03:10:00,50,3,False
2016-02-25 03:20:00,50,3,False
2016-02-25 03:30:00,40,3,False
2016-02-25 03:40:00,30,3,False
2016-02-25 03:50:00,30,3,False
2016-02-25 04:00:00,20,4,False
2016-02-25 04:10:00,40,4,False
2016-02-25 04:20:00,50,4,False
2016-02-25 04:30:00,50,4,False
2016-02-25 04:40:00,50,4,False
2016-02-25 04:50:00,50,4,False
2016-02-25 05:00:00,50,5,False
2016-02-25 05:10:00,50,5,False
2016-02-25 05:20:00,40,5,False
2016-02-25 05:30:00,50,5,False
2016-02-25 05:40:00,50,5,False
2016-02-25 05:50:00,50,5,False
2016-02-25 06:00:00,50,6,False
2016-02-25 06:10:00,40,6,False
2016-02-25 06:20:00,40,6,False
2016-02-25 06:30:00,30,6,False
2016-02-25 06:40:00,20,6,False
2016-02-25 06:50:00,30,6,False
2016-02-25 07:00:00,70,7,False
2016-02-25 07:10:00,80,7,False
2016-02-25 07:20:00,60,7,False
2016-02-25 07:30:00,40,7,False
2016-02-25 07:40:00,40,7,False
2016-02-25 07:50:00,80,7,False
2016-02-25 08:00:00,210,8,True
2016-02-25 08:10:00,260,8,True
2016-02-25 08:20:00,180,8,True
2016-02-25 08:30:00,80,8,False
2016-02-25 08:40:00,60,8,False
2016-02-25 08:50:00,70,8,False
2016-02-25 09:00:00,110,9,False
2016-02-25 09:10:00,350,9,True
2016-02-25 09:20:00,250,9,True
2016-02-25 09:30:00,130,9,False
2016-02-25 09:40:00,100,9,False
2016-02-25 09:50:00,100,9,False
2016-02-25 10:00:00,100,10,False
2016-02-25 10:10:00,90,10,False
2016-02-25 10:20:00,100,10,False
2016-02-25 10:30:00,80,10,False
2016-02-25 10:40:00,80,10,False
2016-02-25 10:50:00,270,10,True
2016-02-25 11:00:00,770,11,True
2016-02-25 11:10:00,540,11,True
2016-02-25 11:20:00,360,11,True
2016-02-25 11:30:00,300,11,True
2016-02-25 11:40:00,270,11,True
2016-02-25 11:50:00,250,11,True
2016-02-25 12:00:00,230,12,True
2016-02-25 12:10:00,210,12,True
2016-02-25 12:20:00,160,12,False
2016-02-25 12:30:00,70,12,False
2016-02-25 12:40:00,80,12,False
2016-02-25 12:50:00,350,12,True
2016-02-25 13:00:00,710,13,True
2016-02-25 13:10:00,450,13,True
2016-02-25 13:20:00,350,13,True
2016-02-25 13:30:00,280,13,True
2016-02-25 13:40:00,300,13,True
2016-02-25 13:50:00,250,13,True
2016-02-25 14:00:00,230,14,True
2016-02-25 14:10:00,110,14,False
2016-02-25 14:20:00,60,14,False
2016-02-25 14:30:00,60,14,False
2016-02-25 14:40:00,300,14,True
2016-02-25 14:50:00,290,14,True
2016-02-25 15:00:00,250,15,True
2016-02-25 15:10:00,230,15,True
2016-02-25 15:20:00,220,15,True
2016-02-25 15:30:00,130,15,False
2016-02-25 15:40:00,80,15,False
2016-02-25 15:50:00,80,15,False
2016-02-25 16:00:00,80,16,False
2016-02-25 16:10:00,70,16,False
2016-02-25 16:20:00,80,16,False
2016-02-25 16:30:00,70,16,False
2016-02-25 16:40:00,80,16,False
2016-02-25 16:50:00,90,16,False
2016-02-25 17:00:00,90,17,False
2016-02-25 17:10:00,80,17,False
2016-02-25 17:20:00,80,17,False
2016-02-25 17:30:00,80,17,False
2016-02-25 17:40:00,100,17,False
2016-02-25 17:50:00,90,17,False
2016-02-25 18:00:00,100,18,False
2016-02-25 18:10:00,110,18,False
2016-02-25 18:20:00,720,18,True
2016-02-25 18:30:00,530,18,True
2016-02-25 18:40:00,100,18,False
2016-02-25 18:50:00,100,18,False
2016-02-25 19:00:00,90,19,False
2016-02-25 19:10:00,90,19,False
2016-02-25 19:20:00,100,19,False
2016-02-25 19:30:00,130,19,False
2016-02-25 19:40:00,120,19,False
2016-02-25 19:50:00,120,19,False
2016-02-25 20:00:00,130,20,False
2016-02-25 20:10:00,130,20,False
2016-02-25 20:20:00,130,20,False
2016-02-25 20:30:00,160,20,False
2016-02-25 20:40:00,90,20,False
2016-02-25 20:50:00,100,20,False
2016-02-25 21:00:00,90,21,False
2016-02-25 21:10:00,60,21,False
2016-02-25 21:20:00,70,21,False
2016-02-25 21:30:00,50,21,False
2016-02-25 21:40:00,70,21,False
2016-02-25 21:50:00,80,21,False
2016-02-25 22:00:00,70,22,False
2016-02-25 22:10:00,70,22,False
2016-02-25 22:20:00,60,22,False
2016-02-25 22:30:00,60,22,False
2016-02-25 22:40:00,70,22,False
2016-02-25 22:50:00,60,22,False
2016-02-25 23:00:00,60,23,False
2016-02-25 23:10:00,60,23,False
2016-02-25 23:20:00,60,23,False
2016-02-25 23:30:00,60,23,False
2016-02-25 23:40:00,60,23,False
2016-02-25 23:50:00,40,23,False
2016-02-26 00:00:00,30,0,False
2016-02-26 00:10:00,30,0,False
2016-02-26 00:20:00,30,0,False
2016-02-26 00:30:00,40,0,False
2016-02-26 00:40:00,50,0,False
2016-02-26 00:50:00,50,0,False
2016-02-26 01:00:00,40,1,False
2016-02-26 01:10:00,60,1,False
2016-02-26 01:20:00,50,1,False
2016-02-26 01:30:00,50,1,False
2016-02-26 01:40:00,50,1,False
2016-02-26 01:50:00,40,1,False
2016-02-26 02:00:00,40,2,False
2016-02-26 02:10:00,40,2,False
2016-02-26 02:20:00,40,2,False
2016-02-26 02:30:00,50,2,False
2016-02-26 02:40:00,50,2,False
2016-02-26 02:50:00,30,2,False
2016-02-26 03:00:00,30,3,False
2016-02-26 03:10:00,20,3,False
2016-02-26 03:20:00,40,3,False
2016-02-26 03:30:00,40,3,False
2016-02-26 03:40:00,60,3,False
2016-02-26 03:50:00,40,3,False
2016-02-26 04:00:00,50,4,False
2016-02-26 04:10:00,60,4,False
2016-02-26 04:20:00,50,4,False
2016-02-26 04:30:00,40,4,False
2016-02-26 04:40:00,40,4,False
2016-02-26 04:50:00,50,4,False
2016-02-26 05:00:00,50,5,False
2016-02-26 05:10:00,40,5,False
2016-02-26 05:20:00,50,5,False
2016-02-26 05:30:00,50,5,False
2016-02-26 05:40:00,50,5,False
2016-02-26 05:50:00,50,5,False
2016-02-26 06:00:00,10,6,False
2016-02-26 06:10:00,20,6,False
2016-02-26 06:20:00,30,6,False
2016-02-26 06:30:00,40,6,False
2016-02-26 06:40:00,60,6,False
2016-02-26 06:50:00,50,6,False
2016-02-26 07:00:00,70,7,False
2016-02-26 07:10:00,70,7,False
2016-02-26 07:20:00,40,7,False
2016-02-26 07:30:00,40,7,False
2016-02-26 07:40:00,50,7,False
2016-02-26 07:50:00,40,7,False
2016-02-26 08:00:00,40,8,False
2016-02-26 08:10:00,80,8,False
2016-02-26 08:20:00,60,8,False
2016-02-26 08:30:00,300,8,True
2016-02-26 08:40:00,70,8,False
2016-02-26 08:50:00,360,8,True
2016-02-26 09:00:00,170,9,False
2016-02-26 09:10:00,330,9,True
2016-02-26 09:20:00,210,9,True
2016-02-26 09:30:00,310,9,True
2016-02-26 09:40:00,350,9,True
2016-02-26 09:50:00,140,9,False
2016-02-26 10:00:00,90,10,False
2016-02-26 10:10:00,400,10,True
2016-02-26 10:20:00,230,10,True
2016-02-26 10:30:00,60,10,False
2016-02-26 10:40:00,70,10,False
2016-02-26 10:50:00,80,10,False
2016-02-26 11:00:00,70,11,False
2016-02-26 11:10:00,60,11,False
2016-02-26 11:20:00,50,11,False
2016-02-26 11:30:00,30,11,False
2016-02-26 11:40:00,40,11,False
2016-02-26 11:50:00,50,11,False
2016-02-26 12:00:00,390,12,True
2016-02-26 12:10:00,410,12,True
2016-02-26 12:20:00,630,12,True
2016-02-26 12:30:00,450,12,True
2016-02-26 12:40:00,420,12,True
2016-02-26 12:50:00,370,12,True
2016-02-26 13:00:00,170,13,False
2016-02-26 13:10:00,70,13,False
2016-02-26 13:20:00,60,13,False
2016-02-26 13:30:00,60,13,False
2016-02-26 13:40:00,70,13,False
2016-02-26 13:50:00,70,13,False
2016-02-26 14:00:00,60,14,False
2016-02-26 14:10:00,70,14,False
2016-02-26 14:20:00,60,14,False
2016-02-26 14:30:00,40,14,False
2016-02-26 14:40:00,40,14,False
2016-02-26 14:50:00,130,14,False
2016-02-26 15:00:00,40,15,False
2016-02-26 15:10:00,50,15,False
2016-02-26 15:20:00,50,15,False
2016-02-26 15:30:00,60,15,False
2016-02-26 15:40:00,40,15,False
2016-02-26 15:50:00,50,15,False
2016-02-26 16:00:00,40,16,False
2016-02-26 16:10:00,50,16,False
2016-02-26 16:20:00,40,16,False
2016-02-26 16:30:00,50,16,False
2016-02-26 16:40:00,60,16,False
2016-02-26 16:50:00,50,16,False
2016-02-26 17:00:00,50,17,False
2016-02-26 17:10:00,40,17,False
2016-02-26 17:20:00,30,17,False
2016-02-26 17:30:00,40,17,False
2016-02-26 17:40:00,60,17,False
2016-02-26 17:50:00,80,17,False
2016-02-26 18:00:00,100,18,False
2016-02-26 18:10:00,110,18,False
2016-02-26 18:20:00,100,18,False
2016-02-26 18:30:00,90,18,False
2016-02-26 18:40:00,110,18,False
2016-02-26 18:50:00,310,18,True
2016-02-26 19:00:00,200,19,True
2016-02-26 19:10:00,210,19,True
2016-02-26 19:20:00,90,19,False
2016-02-26 19:30:00,90,19,False
2016-02-26 19:40:00,100,19,False
2016-02-26 19:50:00,100,19,False
2016-02-26 20:00:00,80,20,False
2016-02-26 20:10:00,90,20,False
2016-02-26 20:20:00,130,20,False
2016-02-26 20:30:00,80,20,False
2016-02-26 20:40:00,90,20,False
2016-02-26 20:50:00,100,20,False
2016-02-26 21:00:00,150,21,False
2016-02-26 21:10:00,100,21,False
2016-02-26 21:20:00,100,21,False
2016-02-26 21:30:00,100,21,False
2016-02-26 21:40:00,100,21,False
2016-02-26 21:50:00,80,21,False
2016-02-26 22:00:00,90,22,False
2016-02-26 22:10:00,50,22,False
2016-02-26 22:20:00,50,22,False
2016-02-26 22:30:00,50,22,False
2016-02-26 22:40:00,50,22,False
2016-02-26 22:50:00,40,22,False
2016-02-26 23:00:00,40,23,False
2016-02-26 23:10:00,40,23,False
2016-02-26 23:20:00,20,23,False
2016-02-26 23:30:00,20,23,False
2016-02-26 23:40:00,30,23,False
2016-02-26 23:50:00,60,23,False
2016-02-27 00:00:00,50,0,False
2016-02-27 00:10:00,50,0,False
2016-02-27 00:20:00,40,0,False
2016-02-27 00:30:00,40,0,False
2016-02-27 00:40:00,50,0,False
2016-02-27 00:50:00,50,0,False
2016-02-27 01:00:00,40,1,False
2016-02-27 01:10:00,60,1,False
2016-02-27 01:20:00,50,1,False
2016-02-27 01:30:00,50,1,False
2016-02-27 01:40:00,40,1,False
2016-02-27 01:50:00,40,1,False
2016-02-27 02:00:00,30,2,False
2016-02-27 02:10:00,30,2,False
2016-02-27 02:20:00,20,2,False
2016-02-27 02:30:00,40,2,False
2016-02-27 02:40:00,50,2,False
2016-02-27 02:50:00,50,2,False
2016-02-27 03:00:00,40,3,False
2016-02-27 03:10:00,40,3,False
2016-02-27 03:20:00,50,3,False
2016-02-27 03:30:00,40,3,False
2016-02-27 03:40:00,40,3,False
2016-02-27 03:50:00,50,3,False
2016-02-27 04:00:00,60,4,False
2016-02-27 04:10:00,50,4,False
2016-02-27 04:20:00,40,4,False
2016-02-27 04:30:00,50,4,False
2016-02-27 04:40:00,40,4,False
2016-02-27 04:50:00,20,4,False
2016-02-27 05:00:00,30,5,False
2016-02-27 05:10:00,30,5,False
2016-02-27 05:20:00,40,5,False
2016-02-27 05:30:00,60,5,False
2016-02-27 05:40:00,50,5,False
2016-02-27 05:50:00,40,5,False
2016-02-27 06:00:00,50,6,False
2016-02-27 06:10:00,40,6,False
2016-02-27 06:20:00,40,6,False
2016-02-27 06:30:00,40,6,False
2016-02-27 06:40:00,50,6,False
2016-02-27 06:50:00,60,6,False
2016-02-27 07:00:00,50,7,False
2016-02-27 07:10:00,50,7,False
2016-02-27 07:20:00,40,7,False
2016-02-27 07:30:00,40,7,False
2016-02-27 07:40:00,40,7,False
2016-02-27 07:50:00,30,7,False
2016-02-27 08:00:00,40,8,False
2016-02-27 08:10:00,60,8,False
2016-02-27 08:20:00,70,8,False
2016-02-27 08:30:00,70,8,False
2016-02-27 08:40:00,60,8,False
2016-02-27 08:50:00,60,8,False
2016-02-27 09:00:00,90,9,False
2016-02-27 09:10:00,40,9,False
2016-02-27 09:20:00,60,9,False
2016-02-27 09:30:00,70,9,False
2016-02-27 09:40:00,310,9,True
2016-02-27 09:50:00,290,9,True
2016-02-27 10:00:00,60,10,False
2016-02-27 10:10:00,50,10,False
2016-02-27 10:20:00,60,10,False
2016-02-27 10:30:00,50,10,False
2016-02-27 10:40:00,130,10,False
2016-02-27 10:50:00,380,10,True
2016-02-27 11:00:00,320,11,True
2016-02-27 11:10:00,130,11,False
2016-02-27 11:20:00,110,11,False
2016-02-27 11:30:00,100,11,False
2016-02-27 11:40:00,100,11,False
2016-02-27 11:50:00,100,11,False
2016-02-27 12:00:00,110,12,False
2016-02-27 12:10:00,100,12,False
2016-02-27 12:20:00,90,12,False
2016-02-27 12:30:00,100,12,False
2016-02-27 12:40:00,100,12,False
2016-02-27 12:50:00,70,12,False
2016-02-27 13:00:00,70,13,False
2016-02-27 13:10:00,70,13,False
2016-02-27 13:20:00,50,13,False
2016-02-27 13:30:00,120,13,False
2016-02-27 13:40:00,480,13,True
2016-02-27 13:50:00,330,13,True
2016-02-27 14:00:00,290,14,True
2016-02-27 14:10:00,260,14,True
2016-02-27 14:20:00,220,14,True
2016-02-27 14:30:00,190,14,True
2016-02-27 14:40:00,70,14,False
2016-02-27 14:50:00,70,14,False
2016-02-27 15:00:00,60,15,False
2016-02-27 15:10:00,60,15,False
2016-02-27 15:20:00,80,15,False
2016-02-27 15:30:00,60,15,False
2016-02-27 15:40:00,60,15,False
2016-02-27 15:50:00,60,15,False
2016-02-27 16:00:00,60,16,False
2016-02-27 16:10:00,70,16,False
2016-02-27 16:20:00,40,16,False
2016-02-27 16:30:00,40,16,False
2016-02-27 16:40:00,50,16,False
2016-02-27 16:50:00,60,16,False
2016-02-27 17:00:00,60,17,False
2016-02-27 17:10:00,60,17,False
2016-02-27 17:20:00,70,17,False
2016-02-27 17:30:00,60,17,False
2016-02-27 17:40:00,80,17,False
2016-02-27 17:50:00,80,17,False
2016-02-27 18:00:00,90,18,False
2016-02-27 18:10:00,100,18,False
2016-02-27 18:20:00,90,18,False
2016-02-27 18:30:00,100,18,False
2016-02-27 18:40:00,90,18,False
2016-02-27 18:50:00,90,18,False
2016-02-27 19:00:00,80,19,False
2016-02-27 19:10:00,80,19,False
2016-02-27 19:20:00,80,19,False
2016-02-27 19:30:00,80,19,False
2016-02-27 19:40:00,140,19,False
2016-02-27 19:50:00,110,19,False
2016-02-27 20:00:00,100,20,False
2016-02-27 20:10:00,110,20,False
2016-02-27 20:20:00,100,20,False
2016-02-27 20:30:00,100,20,False
2016-02-27 20:40:00,110,20,False
2016-02-27 20:50:00,110,20,False
2016-02-27 21:00:00,110,21,False
2016-02-27 21:10:00,110,21,False
2016-02-27 21:20:00,100,21,False
2016-02-27 21:30:00,100,21,False
2016-02-27 21:40:00,100,21,False
2016-02-27 21:50:00,90,21,False
2016-02-27 22:00:00,90,22,False
2016-02-27 22:10:00,50,22,False
2016-02-27 22:20:00,60,22,False
2016-02-27 22:30:00,50,22,False
2016-02-27 22:40:00,60,22,False
2016-02-27 22:50:00,80,22,False
2016-02-27 23:00:00,80,23,False
2016-02-27 23:10:00,80,23,False
2016-02-27 23:20:00,70,23,False
2016-02-27 23:30:00,80,23,False
2016-02-27 23:40:00,70,23,False
2016-02-27 23:50:00,60,23,False
2016-02-28 00:00:00,50,0,False
2016-02-28 00:10:00,60,0,False
2016-02-28 00:20:00,50,0,False
2016-02-28 00:30:00,40,0,False
2016-02-28 00:40:00,60,0,False
2016-02-28 00:50:00,30,0,False
2016-02-28 01:00:00,40,1,False
2016-02-28 01:10:00,30,1,False
2016-02-28 01:20:00,40,1,False
2016-02-28 01:30:00,50,1,False
2016-02-28 01:40:00,60,1,False
2016-02-28 01:50:00,50,1,False
2016-02-28 02:00:00,50,2,False
2016-02-28 02:10:00,60,2,False
2016-02-28 02:20:00,50,2,False
2016-02-28 02:30:00,60,2,False
2016-02-28 02:40:00,60,2,False
2016-02-28 02:50:00,40,2,False
2016-02-28 03:00:00,50,3,False
2016-02-28 03:10:00,50,3,False
2016-02-28 03:20:00,50,3,False
2016-02-28 03:30:00,40,3,False
2016-02-28 03:40:00,30,3,False
2016-02-28 03:50:00,30,3,False
2016-02-28 04:00:00,40,4,False
2016-02-28 04:10:00,50,4,False
2016-02-28 04:20:00,50,4,False
2016-02-28 04:30:00,40,4,False
2016-02-28 04:40:00,50,4,False
2016-02-28 04:50:00,50,4,False
2016-02-28 05:00:00,60,5,False
2016-02-28 05:10:00,70,5,False
2016-02-28 05:20:00,50,5,False
2016-02-28 05:30:00,50,5,False
2016-02-28 05:40:00,60,5,False
2016-02-28 05:50:00,40,5,False
2016-02-28 06:00:00,50,6,False
2016-02-28 06:10:00,30,6,False
2016-02-28 06:20:00,40,6,False
2016-02-28 06:30:00,40,6,False
2016-02-28 06:40:00,50,6,False
2016-02-28 06:50:00,50,6,False
2016-02-28 07:00:00,50,7,False
2016-02-28 07:10:00,50,7,False
2016-02-28 07:20:00,50,7,False
2016-02-28 07:30:00,50,7,False
2016-02-28 07:40:00,60,7,False
2016-02-28 07:50:00,50,7,False
2016-02-28 08:00:00,90,8,False
2016-02-28 08:10:00,70,8,False
2016-02-28 08:20:00,90,8,False
2016-02-28 08:30:00,50,8,False
2016-02-28 08:40:00,30,8,False
2016-02-28 08:50:00,30,8,False
2016-02-28 09:00:00,50,9,False
2016-02-28 09:10:00,70,9,False
2016-02-28 09:20:00,90,9,False
2016-02-28 09:30:00,150,9,False
2016-02-28 09:40:00,70,9,False
2016-02-28 09:50:00,50,9,False
2016-02-28 10:00:00,50,10,False
2016-02-28 10:10:00,50,10,False
2016-02-28 10:20:00,50,10,False
2016-02-28 10:30:00,60,10,False
2016-02-28 10:40:00,50,10,False
2016-02-28 10:50:00,60,10,False
2016-02-28 11:00:00,30,11,False
2016-02-28 11:10:00,30,11,False
2016-02-28 11:20:00,30,11,False
2016-02-28 11:30:00,30,11,False
2016-02-28 11:40:00,50,11,False
2016-02-28 11:50:00,60,11,False
2016-02-28 12:00:00,60,12,False
2016-02-28 12:10:00,50,12,False
2016-02-28 12:20:00,50,12,False
2016-02-28 12:30:00,50,12,False
2016-02-28 12:40:00,50,12,False
2016-02-28 12:50:00,60,12,False
2016-02-28 13:00:00,50,13,False
2016-02-28 13:10:00,50,13,False
2016-02-28 13:20:00,60,13,False
2016-02-28 13:30:00,40,13,False
2016-02-28 13:40:00,30,13,False
2016-02-28 13:50:00,30,13,False
2016-02-28 14:00:00,30,14,False
2016-02-28 14:10:00,50,14,False
2016-02-28 14:20:00,60,14,False
2016-02-28 14:30:00,60,14,False
2016-02-28 14:40:00,60,14,False
2016-02-28 14:50:00,50,14,False
2016-02-28 15:00:00,60,15,False
2016-02-28 15:10:00,40,15,False
2016-02-28 15:20:00,50,15,False
2016-02-28 15:30:00,50,15,False
2016-02-28 15:40:00,50,15,False
2016-02-28 15:50:00,60,15,False
2016-02-28 16:00:00,50,16,False
2016-02-28 16:10:00,40,16,False
2016-02-28 16:20:00,30,16,False
2016-02-28 16:30:00,20,16,False
2016-02-28 16:40:00,40,16,False
2016-02-28 16:50:00,60,16,False
2016-02-28 17:00:00,40,17,False
2016-02-28 17:10:00,60,17,False
2016-02-28 17:20:00,60,17,False
2016-02-28 17:30:00,60,17,False
2016-02-28 17:40:00,50,17,False
2016-02-28 17:50:00,50,17,False
2016-02-28 18:00:00,50,18,False
2016-02-28 18:10:00,50,18,False
2016-02-28 18:20:00,60,18,False
2016-02-28 18:30:00,40,18,False
2016-02-28 18:40:00,30,18,False
2016-02-28 18:50:00,40,18,False
2016-02-28 19:00:00,40,19,False
2016-02-28 19:10:00,50,19,False
2016-02-28 19:20:00,60,19,False
2016-02-28 19:30:00,40,19,False
2016-02-28 19:40:00,50,19,False
2016-02-28 19:50:00,50,19,False
2016-02-28 20:00:00,60,20,False
2016-02-28 20:10:00,60,20,False
2016-02-28 20:20:00,80,20,False
2016-02-28 20:30:00,130,20,False
2016-02-28 20:40:00,110,20,False
2016-02-28 20:50:00,100,20,False
2016-02-28 21:00:00,80,21,False
2016-02-28 21:10:00,100,21,False
2016-02-28 21:20:00,110,21,False
2016-02-28 21:30:00,120,21,False
2016-02-28 21:40:00,70,21,False
2016-02-28 21:50:00,70,21,False
2016-02-28 22:00:00,70,22,False
2016-02-28 22:10:00,60,22,False
2016-02-28 22:20:00,50,22,False
2016-02-28 22:30:00,50,22,False
2016-02-28 22:40:00,60,22,False
2016-02-28 22:50:00,50,22,False
2016-02-28 23:00:00,30,23,False
2016-02-28 23:10:00,40,23,False
2016-02-28 23:20:00,30,23,False
2016-02-28 23:30:00,40,23,False
2016-02-28 23:40:00,60,23,False
2016-02-28 23:50:00,50,23,False
2016-02-29 00:00:00,60,0,False
2016-02-29 00:10:00,70,0,False
2016-02-29 00:20:00,50,0,False
2016-02-29 00:30:00,50,0,False
2016-02-29 00:40:00,60,0,False
2016-02-29 00:50:00,50,0,False
2016-02-29 01:00:00,40,1,False
2016-02-29 01:10:00,30,1,False
2016-02-29 01:20:00,40,1,False
2016-02-29 01:30:00,30,1,False
2016-02-29 01:40:00,60,1,False
2016-02-29 01:50:00,50,1,False
2016-02-29 02:00:00,50,2,False
2016-02-29 02:10:00,50,2,False
2016-02-29 02:20:00,60,2,False
2016-02-29 02:30:00,40,2,False
2016-02-29 02:40:00,60,2,False
2016-02-29 02:50:00,60,2,False
2016-02-29 03:00:00,50,3,False
2016-02-29 03:10:00,50,3,False
2016-02-29 03:20:00,30,3,False
2016-02-29 03:30:00,30,3,False
2016-02-29 03:40:00,30,3,False
2016-02-29 03:50:00,40,3,False
2016-02-29 04:00:00,60,4,False
2016-02-29 04:10:00,60,4,False
2016-02-29 04:20:00,50,4,False
2016-02-29 04:30:00,50,4,False
2016-02-29 04:40:00,50,4,False
2016-02-29 04:50:00,50,4,False
2016-02-29 05:00:00,50,5,False
2016-02-29 05:10:00,50,5,False
2016-02-29 05:20:00,50,5,False
2016-02-29 05:30:00,40,5,False
2016-02-29 05:40:00,40,5,False
2016-02-29 05:50:00,40,5,False
2016-02-29 06:00:00,30,6,False
2016-02-29 06:10:00,50,6,False
2016-02-29 06:20:00,60,6,False
2016-02-29 06:30:00,40,6,False
2016-02-29 06:40:00,80,6,False
2016-02-29 06:50:00,70,6,False
2016-02-29 07:00:00,60,7,False
2016-02-29 07:10:00,50,7,False
2016-02-29 07:20:00,50,7,False
2016-02-29 07:30:00,40,7,False
2016-02-29 07:40:00,40,7,False
2016-02-29 07:50:00,50,7,False
2016-02-29 08:00:00,30,8,False
2016-02-29 08:10:00,130,8,False
2016-02-29 08:20:00,400,8,True
2016-02-29 08:30:00,320,8,True
2016-02-29 08:40:00,350,8,True
2016-02-29 08:50:00,110,8,False
2016-02-29 09:00:00,70,9,False
2016-02-29 09:10:00,70,9,False
2016-02-29 09:20:00,80,9,False
2016-02-29 09:30:00,80,9,False
2016-02-29 09:40:00,80,9,False
2016-02-29 09:50:00,40,9,False
2016-02-29 10:00:00,40,10,False
2016-02-29 10:10:00,50,10,False
2016-02-29 10:20:00,340,10,True
2016-02-29 10:30:00,390,10,True
2016-02-29 10:40:00,600,10,True
2016-02-29 10:50:00,700,10,True
2016-02-29 11:00:00,430,11,True
2016-02-29 11:10:00,320,11,True
2016-02-29 11:20:00,250,11,True
2016-02-29 11:30:00,240,11,True
2016-02-29 11:40:00,140,11,False
2016-02-29 11:50:00,70,11,False
2016-02-29 12:00:00,80,12,False
2016-02-29 12:10:00,110,12,False
2016-02-29 12:20:00,660,12,True
2016-02-29 12:30:00,610,12,True
2016-02-29 12:40:00,390,12,True
2016-02-29 12:50:00,360,12,True
2016-02-29 13:00:00,260,13,True
2016-02-29 13:10:00,250,13,True
2016-02-29 13:20:00,220,13,True
2016-02-29 13:30:00,150,13,False
2016-02-29 13:40:00,100,13,False
2016-02-29 13:50:00,600,13,True
2016-02-29 14:00:00,590,14,True
2016-02-29 14:10:00,370,14,True
2016-02-29 14:20:00,290,14,True
2016-02-29 14:30:00,230,14,True
2016-02-29 14:40:00,250,14,True
2016-02-29 14:50:00,210,14,True
2016-02-29 15:00:00,130,15,False
2016-02-29 15:10:00,90,15,False
2016-02-29 15:20:00,580,15,True
2016-02-29 15:30:00,610,15,True
2016-02-29 15:40:00,390,15,True
2016-02-29 15:50:00,320,15,True
2016-02-29 16:00:00,290,16,True
2016-02-29 16:10:00,270,16,True
2016-02-29 16:20:00,240,16,True
2016-02-29 16:30:00,230,16,True
2016-02-29 16:40:00,190,16,True
2016-02-29 16:50:00,70,16,False
2016-02-29 17:00:00,50,17,False
2016-02-29 17:10:00,50,17,False
2016-02-29 17:20:00,60,17,False
2016-02-29 17:30:00,410,17,True
2016-02-29 17:40:00,340,17,True
2016-02-29 17:50:00,280,17,True
2016-02-29 18:00:00,300,18,True
2016-02-29 18:10:00,280,18,True
2016-02-29 18:20:00,510,18,True
2016-02-29 18:30:00,530,18,True
2016-02-29 18:40:00,210,18,True
2016-02-29 18:50:00,260,18,True
2016-02-29 19:00:00,110,19,False
2016-02-29 19:10:00,100,19,False
2016-02-29 19:20:00,90,19,False
2016-02-29 19:30:00,80,19,False
2016-02-29 19:40:00,100,19,False
2016-02-29 19:50:00,90,19,False
2016-02-29 20:00:00,130,20,False
2016-02-29 20:10:00,120,20,False
2016-02-29 20:20:00,110,20,False
2016-02-29 20:30:00,110,20,False
2016-02-29 20:40:00,100,20,False
2016-02-29 20:50:00,80,20,False
2016-02-29 21:00:00,80,21,False
2016-02-29 21:10:00,80,21,False
2016-02-29 21:20:00,110,21,False
2016-02-29 21:30:00,110,21,False
2016-02-29 21:40:00,110,21,False
2016-02-29 21:50:00,110,21,False
2016-02-29 22:00:00,100,22,False
2016-02-29 22:10:00,90,22,False
2016-02-29 22:20:00,60,22,False
2016-02-29 22:30:00,50,22,False
2016-02-29 22:40:00,70,22,False
2016-02-29 22:50:00,60,22,False
2016-02-29 23:00:00,60,23,False
2016-02-29 23:10:00,60,23,False
2016-02-29 23:20:00,40,23,False
2016-02-29 23:30:00,40,23,False
2016-02-29 23:40:00,40,23,False
2016-02-29 23:50:00,40,23,False
2016-03-01 00:00:00,70,0,False
2016-03-01 00:10:00,60,0,False
2016-03-01 00:20:00,60,0,False
2016-03-01 00:30:00,60,0,False
2016-03-01 00:40:00,60,0,False
2016-03-01 00:50:00,60,0,False
2016-03-01 01:00:00,50,1,False
2016-03-01 01:10:00,60,1,False
2016-03-01 01:20:00,60,1,False
2016-03-01 01:30:00,60,1,False
2016-03-01 01:40:00,50,1,False
2016-03-01 01:50:00,20,1,False
2016-03-01 02:00:00,20,2,False
2016-03-01 02:10:00,30,2,False
2016-03-01 02:20:00,40,2,False
2016-03-01 02:30:00,50,2,False
2016-03-01 02:40:00,50,2,False
2016-03-01 02:50:00,50,2,False
2016-03-01 03:00:00,60,3,False
2016-03-01 03:10:00,40,3,False
2016-03-01 03:20:00,40,3,False
2016-03-01 03:30:00,50,3,False
2016-03-01 03:40:00,40,3,False
2016-03-01 03:50:00,40,3,False
2016-03-01 04:00:00,60,4,False
2016-03-01 04:10:00,30,4,False
2016-03-01 04:20:00,30,4,False
2016-03-01 04:30:00,20,4,False
2016-03-01 04:40:00,30,4,False
2016-03-01 04:50:00,50,4,False
2016-03-01 05:00:00,40,5,False
2016-03-01 05:10:00,40,5,False
2016-03-01 05:20:00,50,5,False
2016-03-01 05:30:00,50,5,False
2016-03-01 05:40:00,50,5,False
2016-03-01 05:50:00,40,5,False
2016-03-01 06:00:00,40,6,False
2016-03-01 06:10:00,50,6,False
2016-03-01 06:20:00,50,6,False
2016-03-01 06:30:00,40,6,False
2016-03-01 06:40:00,30,6,False
2016-03-01 06:50:00,30,6,False
2016-03-01 07:00:00,40,7,False
2016-03-01 07:10:00,30,7,False
2016-03-01 07:20:00,70,7,False
2016-03-01 07:30:00,70,7,False
2016-03-01 07:40:00,50,7,False
2016-03-01 07:50:00,60,7,False
2016-03-01 08:00:00,90,8,False
2016-03-01 08:10:00,70,8,False
2016-03-01 08:20:00,70,8,False
2016-03-01 08:30:00,50,8,False
2016-03-01 08:40:00,60,8,False
2016-03-01 08:50:00,140,8,False
2016-03-01 09:00:00,170,9,False
2016-03-01 09:10:00,50,9,False
2016-03-01 09:20:00,30,9,False
2016-03-01 09:30:00,50,9,False
2016-03-01 09:40:00,50,9,False
2016-03-01 09:50:00,50,9,False
2016-03-01 10:00:00,50,10,False
2016-03-01 10:10:00,40,10,False
2016-03-01 10:20:00,50,10,False
2016-03-01 10:30:00,50,10,False
2016-03-01 10:40:00,50,10,False
2016-03-01 10:50:00,60,10,False
2016-03-01 11:00:00,100,11,False
2016-03-01 11:10:00,70,11,False
2016-03-01 11:20:00,370,11,True
2016-03-01 11:30:00,50,11,False
2016-03-01 11:40:00,20,11,False
2016-03-01 11:50:00,50,11,False
2016-03-01 12:00:00,120,12,False
2016-03-01 12:10:00,100,12,False
2016-03-01 12:20:00,70,12,False
2016-03-01 12:30:00,50,12,False
2016-03-01 12:40:00,60,12,False
2016-03-01 12:50:00,60,12,False
2016-03-01 13:00:00,60,13,False
2016-03-01 13:10:00,60,13,False
2016-03-01 13:20:00,70,13,False
2016-03-01 13:30:00,130,13,False
2016-03-01 13:40:00,430,13,True
2016-03-01 13:50:00,160,13,False
2016-03-01 14:00:00,80,14,False
2016-03-01 14:10:00,20,14,False
2016-03-01 14:20:00,20,14,False
2016-03-01 14:30:00,40,14,False
2016-03-01 14:40:00,60,14,False
2016-03-01 14:50:00,50,14,False
2016-03-01 15:00:00,60,15,False
2016-03-01 15:10:00,40,15,False
2016-03-01 15:20:00,40,15,False
2016-03-01 15:30:00,50,15,False
2016-03-01 15:40:00,40,15,False
2016-03-01 15:50:00,50,15,False
2016-03-01 16:00:00,50,16,False
2016-03-01 16:10:00,50,16,False
2016-03-01 16:20:00,50,16,False
2016-03-01 16:30:00,50,16,False
2016-03-01 16:40:00,40,16,False
2016-03-01 16:50:00,30,16,False
2016-03-01 17:00:00,20,17,False
2016-03-01 17:10:00,20,17,False
2016-03-01 17:20:00,30,17,False
2016-03-01 17:30:00,60,17,False
2016-03-01 17:40:00,80,17,False
2016-03-01 17:50:00,90,17,False
2016-03-01 18:00:00,100,18,False
2016-03-01 18:10:00,110,18,False
2016-03-01 18:20:00,570,18,True
2016-03-01 18:30:00,430,18,True
2016-03-01 18:40:00,280,18,True
2016-03-01 18:50:00,90,18,False
2016-03-01 19:00:00,110,19,False
2016-03-01 19:10:00,90,19,False
2016-03-01 19:20:00,90,19,False
2016-03-01 19:30:00,90,19,False
2016-03-01 19:40:00,90,19,False
2016-03-01 19:50:00,90,19,False
2016-03-01 20:00:00,100,20,False
2016-03-01 20:10:00,120,20,False
2016-03-01 20:20:00,100,20,False
2016-03-01 20:30:00,110,20,False
2016-03-01 20:40:00,80,20,False
2016-03-01 20:50:00,80,20,False
2016-03-01 21:00:00,80,21,False
2016-03-01 21:10:00,100,21,False
2016-03-01 21:20:00,90,21,False
2016-03-01 21:30:00,90,21,False
2016-03-01 21:40:00,90,21,False
2016-03-01 21:50:00,120,21,False
2016-03-01 22:00:00,60,22,False
2016-03-01 22:10:00,60,22,False
2016-03-01 22:20:00,60,22,False
2016-03-01 22:30:00,50,22,False
2016-03-01 22:40:00,40,22,False
2016-03-01 22:50:00,50,22,False
2016-03-01 23:00:00,50,23,False
2016-03-01 23:10:00,60,23,False
2016-03-01 23:20:00,50,23,False
2016-03-01 23:30:00,40,23,False
2016-03-01 23:40:00,20,23,False
2016-03-01 23:50:00,20,23,False
2016-03-02 00:00:00,30,0,False
2016-03-02 00:10:00,40,0,False
2016-03-02 00:20:00,60,0,False
2016-03-02 00:30:00,50,0,False
2016-03-02 00:40:00,50,0,False
2016-03-02 00:50:00,50,0,False
2016-03-02 01:00:00,50,1,False
2016-03-02 01:10:00,50,1,False
2016-03-02 01:20:00,40,1,False
2016-03-02 01:30:00,50,1,False
2016-03-02 01:40:00,50,1,False
2016-03-02 01:50:00,50,1,False
2016-03-02 02:00:00,50,2,False
2016-03-02 02:10:00,50,2,False
2016-03-02 02:20:00,40,2,False
2016-03-02 02:30:00,40,2,False
2016-03-02 02:40:00,30,2,False
2016-03-02 02:50:00,20,2,False
2016-03-02 03:00:00,30,3,False
2016-03-02 03:10:00,50,3,False
2016-03-02 03:20:00,50,3,False
2016-03-02 03:30:00,50,3,False
2016-03-02 03:40:00,40,3,False
2016-03-02 03:50:00,50,3,False
2016-03-02 04:00:00,50,4,False
2016-03-02 04:10:00,30,4,False
2016-03-02 04:20:00,60,4,False
2016-03-02 04:30:00,50,4,False
2016-03-02 04:40:00,50,4,False
2016-03-02 04:50:00,50,4,False
2016-03-02 05:00:00,40,5,False
2016-03-02 05:10:00,50,5,False
2016-03-02 05:20:00,30,5,False
2016-03-02 05:30:00,50,5,False
2016-03-02 05:40:00,40,5,False
2016-03-02 05:50:00,30,5,False
2016-03-02 06:00:00,30,6,False
2016-03-02 06:10:00,30,6,False
2016-03-02 06:20:00,30,6,False
2016-03-02 06:30:00,50,6,False
2016-03-02 06:40:00,50,6,False
2016-03-02 06:50:00,40,6,False
2016-03-02 07:00:00,40,7,False
2016-03-02 07:10:00,70,7,False
2016-03-02 07:20:00,60,7,False
2016-03-02 07:30:00,60,7,False
2016-03-02 07:40:00,70,7,False
2016-03-02 07:50:00,60,7,False
2016-03-02 08:00:00,230,8,True
2016-03-02 08:10:00,230,8,True
2016-03-02 08:20:00,240,8,True
2016-03-02 08:30:00,70,8,False
2016-03-02 08:40:00,210,8,True
2016-03-02 08:50:00,70,8,False
2016-03-02 09:00:00,80,9,False
2016-03-02 09:10:00,40,9,False
2016-03-02 09:20:00,260,9,True
2016-03-02 09:30:00,410,9,True
2016-03-02 09:40:00,110,9,False
2016-03-02 09:50:00,70,9,False
2016-03-02 10:00:00,90,10,False
2016-03-02 10:10:00,60,10,False
2016-03-02 10:20:00,190,10,True
2016-03-02 10:30:00,230,10,True
2016-03-02 10:40:00,130,10,False
2016-03-02 10:50:00,60,10,False
2016-03-02 11:00:00,90,11,False
2016-03-02 11:10:00,120,11,False
2016-03-02 11:20:00,70,11,False
2016-03-02 11:30:00,60,11,False
2016-03-02 11:40:00,110,11,False
2016-03-02 11:50:00,70,11,False
2016-03-02 12:00:00,140,12,False
2016-03-02 12:10:00,70,12,False
2016-03-02 12:20:00,50,12,False
2016-03-02 12:30:00,50,12,False
2016-03-02 12:40:00,60,12,False
2016-03-02 12:50:00,50,12,False
2016-03-02 13:00:00,150,13,False
2016-03-02 13:10:00,40,13,False
2016-03-02 13:20:00,80,13,False
2016-03-02 13:30:00,80,13,False
2016-03-02 13:40:00,100,13,False
2016-03-02 13:50:00,70,13,False
2016-03-02 14:00:00,70,14,False
2016-03-02 14:10:00,70,14,False
2016-03-02 14:20:00,80,14,False
2016-03-02 14:30:00,60,14,False
2016-03-02 14:40:00,70,14,False
2016-03-02 14:50:00,60,14,False
2016-03-02 15:00:00,60,15,False
2016-03-02 15:10:00,60,15,False
2016-03-02 15:20:00,60,15,False
2016-03-02 15:30:00,80,15,False
2016-03-02 15:40:00,80,15,False
2016-03-02 15:50:00,80,15,False
2016-03-02 16:00:00,80,16,False
2016-03-02 16:10:00,70,16,False
2016-03-02 16:20:00,80,16,False
2016-03-02 16:30:00,90,16,False
2016-03-02 16:40:00,80,16,False
2016-03-02 16:50:00,110,16,False
2016-03-02 17:00:00,120,17,False
2016-03-02 17:10:00,120,17,False
2016-03-02 17:20:00,100,17,False
2016-03-02 17:30:00,100,17,False
2016-03-02 17:40:00,90,17,False
2016-03-02 17:50:00,290,17,True
2016-03-02 18:00:00,330,18,True
2016-03-02 18:10:00,220,18,True
2016-03-02 18:20:00,210,18,True
2016-03-02 18:30:00,260,18,True
2016-03-02 18:40:00,250,18,True
2016-03-02 18:50:00,250,18,True
2016-03-02 19:00:00,630,19,True
2016-03-02 19:10:00,90,19,False
2016-03-02 19:20:00,70,19,False
2016-03-02 19:30:00,110,19,False
2016-03-02 19:40:00,120,19,False
2016-03-02 19:50:00,140,19,False
2016-03-02 20:00:00,170,20,False
2016-03-02 20:10:00,130,20,False
2016-03-02 20:20:00,110,20,False
2016-03-02 20:30:00,130,20,False
2016-03-02 20:40:00,130,20,False
2016-03-02 20:50:00,130,20,False
2016-03-02 21:00:00,130,21,False
2016-03-02 21:10:00,140,21,False
2016-03-02 21:20:00,100,21,False
2016-03-02 21:30:00,90,21,False
2016-03-02 21:40:00,80,21,False
2016-03-02 21:50:00,80,21,False
2016-03-02 22:00:00,70,22,False
2016-03-02 22:10:00,80,22,False
2016-03-02 22:20:00,60,22,False
2016-03-02 22:30:00,60,22,False
2016-03-02 22:40:00,70,22,False
2016-03-02 22:50:00,40,22,False
2016-03-02 23:00:00,50,23,False
2016-03-02 23:10:00,50,23,False
2016-03-02 23:20:00,50,23,False
2016-03-02 23:30:00,50,23,False
2016-03-02 23:40:00,30,23,False
2016-03-02 23:50:00,60,23,False
2016-03-03 00:00:00,50,0,False
2016-03-03 00:10:00,50,0,False
2016-03-03 00:20:00,50,0,False
2016-03-03 00:30:00,40,0,False
2016-03-03 00:40:00,50,0,False
2016-03-03 00:50:00,50,0,False
2016-03-03 01:00:00,40,1,False
2016-03-03 01:10:00,50,1,False
2016-03-03 01:20:00,50,1,False
2016-03-03 01:30:00,50,1,False
2016-03-03 01:40:00,50,1,False
2016-03-03 01:50:00,40,1,False
2016-03-03 02:00:00,40,2,False
2016-03-03 02:10:00,30,2,False
2016-03-03 02:20:00,30,2,False
2016-03-03 02:30:00,20,2,False
2016-03-03 02:40:00,40,2,False
2016-03-03 02:50:00,50,2,False
2016-03-03 03:00:00,60,3,False
2016-03-03 03:10:00,50,3,False
2016-03-03 03:20:00,40,3,False
2016-03-03 03:30:00,60,3,False
2016-03-03 03:40:00,40,3,False
2016-03-03 03:50:00,50,3,False
2016-03-03 04:00:00,40,4,False
2016-03-03 04:10:00,50,4,False
2016-03-03 04:20:00,50,4,False
2016-03-03 04:30:00,50,4,False
2016-03-03 04:40:00,40,4,False
2016-03-03 04:50:00,50,4,False
2016-03-03 05:00:00,40,5,False
2016-03-03 05:10:00,50,5,False
2016-03-03 05:20:00,40,5,False
2016-03-03 05:30:00,60,5,False
2016-03-03 05:40:00,40,5,False
2016-03-03 05:50:00,20,5,False
2016-03-03 06:00:00,30,6,False
2016-03-03 06:10:00,20,6,False
2016-03-03 06:20:00,40,6,False
2016-03-03 06:30:00,40,6,False
2016-03-03 06:40:00,50,6,False
2016-03-03 06:50:00,50,6,False
2016-03-03 07:00:00,40,7,False
2016-03-03 07:10:00,60,7,False
2016-03-03 07:20:00,50,7,False
2016-03-03 07:30:00,70,7,False
2016-03-03 07:40:00,50,7,False
2016-03-03 07:50:00,50,7,False
2016-03-03 08:00:00,50,8,False
2016-03-03 08:10:00,50,8,False
2016-03-03 08:20:00,100,8,False
2016-03-03 08:30:00,60,8,False
2016-03-03 08:40:00,70,8,False
2016-03-03 08:50:00,60,8,False
2016-03-03 09:00:00,60,9,False
2016-03-03 09:10:00,60,9,False
2016-03-03 09:20:00,160,9,False
2016-03-03 09:30:00,200,9,True
2016-03-03 09:40:00,70,9,False
2016-03-03 09:50:00,130,9,False
2016-03-03 10:00:00,90,10,False
2016-03-03 10:10:00,80,10,False
2016-03-03 10:20:00,80,10,False
2016-03-03 10:30:00,70,10,False
2016-03-03 10:40:00,70,10,False
2016-03-03 10:50:00,70,10,False
2016-03-03 11:00:00,50,11,False
2016-03-03 11:10:00,50,11,False
2016-03-03 11:20:00,60,11,False
2016-03-03 11:30:00,80,11,False
2016-03-03 11:40:00,90,11,False
2016-03-03 11:50:00,70,11,False
2016-03-03 12:00:00,80,12,False
2016-03-03 12:10:00,80,12,False
2016-03-03 12:20:00,80,12,False
2016-03-03 12:30:00,250,12,True
2016-03-03 12:40:00,80,12,False
2016-03-03 12:50:00,90,12,False
2016-03-03 13:00:00,330,13,True
2016-03-03 13:10:00,100,13,False
2016-03-03 13:20:00,430,13,True
2016-03-03 13:30:00,80,13,False
2016-03-03 13:40:00,240,13,True
2016-03-03 13:50:00,260,13,True
2016-03-03 14:00:00,70,14,False
2016-03-03 14:10:00,80,14,False
2016-03-03 14:20:00,60,14,False
2016-03-03 14:30:00,60,14,False
2016-03-03 14:40:00,200,14,True
2016-03-03 14:50:00,400,14,True
2016-03-03 15:00:00,100,15,False
2016-03-03 15:10:00,50,15,False
2016-03-03 15:20:00,50,15,False
2016-03-03 15:30:00,60,15,False
2016-03-03 15:40:00,50,15,False
2016-03-03 15:50:00,40,15,False
2016-03-03 16:00:00,50,16,False
2016-03-03 16:10:00,50,16,False
2016-03-03 16:20:00,70,16,False
2016-03-03 16:30:00,80,16,False
2016-03-03 16:40:00,230,16,True
2016-03-03 16:50:00,280,16,True
2016-03-03 17:00:00,240,17,True
2016-03-03 17:10:00,220,17,True
2016-03-03 17:20:00,100,17,False
2016-03-03 17:30:00,110,17,False
2016-03-03 17:40:00,110,17,False
2016-03-03 17:50:00,120,17,False
2016-03-03 18:00:00,90,18,False
2016-03-03 18:10:00,110,18,False
2016-03-03 18:20:00,90,18,False
2016-03-03 18:30:00,90,18,False
2016-03-03 18:40:00,90,18,False
2016-03-03 18:50:00,80,18,False
2016-03-03 19:00:00,80,19,False
2016-03-03 19:10:00,90,19,False
2016-03-03 19:20:00,90,19,False
2016-03-03 19:30:00,100,19,False
2016-03-03 19:40:00,120,19,False
2016-03-03 19:50:00,130,19,False
2016-03-03 20:00:00,100,20,False
2016-03-03 20:10:00,110,20,False
2016-03-03 20:20:00,100,20,False
2016-03-03 20:30:00,90,20,False
2016-03-03 20:40:00,70,20,False
2016-03-03 20:50:00,80,20,False
2016-03-03 21:00:00,80,21,False
2016-03-03 21:10:00,80,21,False
2016-03-03 21:20:00,90,21,False
2016-03-03 21:30:00,70,21,False
2016-03-03 21:40:00,60,21,False
2016-03-03 21:50:00,60,21,False
2016-03-03 22:00:00,40,22,False
2016-03-03 22:10:00,50,22,False
2016-03-03 22:20:00,50,22,False
2016-03-03 22:30:00,60,22,False
2016-03-03 22:40:00,50,22,False
2016-03-03 22:50:00,50,22,False
2016-03-03 23:00:00,60,23,False
2016-03-03 23:10:00,40,23,False
2016-03-03 23:20:00,50,23,False
2016-03-03 23:30:00,40,23,False
2016-03-03 23:40:00,40,23,False
2016-03-03 23:50:00,60,23,False
2016-03-04 00:00:00,60,0,False
2016-03-04 00:10:00,50,0,False
2016-03-04 00:20:00,40,0,False
2016-03-04 00:30:00,40,0,False
2016-03-04 00:40:00,60,0,False
2016-03-04 00:50:00,40,0,False
2016-03-04 01:00:00,50,1,False
2016-03-04 01:10:00,50,1,False
2016-03-04 01:20:00,50,1,False
2016-03-04 01:30:00,60,1,False
2016-03-04 01:40:00,40,1,False
2016-03-04 01:50:00,50,1,False
2016-03-04 02:00:00,40,2,False
2016-03-04 02:10:00,40,2,False
2016-03-04 02:20:00,50,2,False
2016-03-04 02:30:00,50,2,False
2016-03-04 02:40:00,50,2,False
2016-03-04 02:50:00,50,2,False
2016-03-04 03:00:00,40,3,False
2016-03-04 03:10:00,60,3,False
2016-03-04 03:20:00,20,3,False
2016-03-04 03:30:00,30,3,False
2016-03-04 03:40:00,30,3,False
2016-03-04 03:50:00,30,3,False
2016-03-04 04:00:00,50,4,False
2016-03-04 04:10:00,50,4,False
2016-03-04 04:20:00,50,4,False
2016-03-04 04:30:00,50,4,False
2016-03-04 04:40:00,40,4,False
2016-03-04 04:50:00,40,4,False
2016-03-04 05:00:00,50,5,False
2016-03-04 05:10:00,40,5,False
2016-03-04 05:20:00,60,5,False
2016-03-04 05:30:00,40,5,False
2016-03-04 05:40:00,60,5,False
2016-03-04 05:50:00,40,5,False
2016-03-04 06:00:00,50,6,False
2016-03-04 06:10:00,40,6,False
2016-03-04 06:20:00,40,6,False
2016-03-04 06:30:00,50,6,False
2016-03-04 06:40:00,40,6,False
2016-03-04 06:50:00,50,6,False
2016-03-04 07:00:00,40,7,False
2016-03-04 07:10:00,20,7,False
2016-03-04 07:20:00,30,7,False
2016-03-04 07:30:00,20,7,False
2016-03-04 07:40:00,50,7,False
2016-03-04 07:50:00,50,7,False
2016-03-04 08:00:00,80,8,False
2016-03-04 08:10:00,50,8,False
2016-03-04 08:20:00,50,8,False
2016-03-04 08:30:00,50,8,False
2016-03-04 08:40:00,50,8,False
2016-03-04 08:50:00,40,8,False
2016-03-04 09:00:00,50,9,False
2016-03-04 09:10:00,40,9,False
2016-03-04 09:20:00,40,9,False
2016-03-04 09:30:00,50,9,False
2016-03-04 09:40:00,50,9,False
2016-03-04 09:50:00,50,9,False
2016-03-04 10:00:00,50,10,False
2016-03-04 10:10:00,50,10,False
2016-03-04 10:20:00,50,10,False
2016-03-04 10:30:00,20,10,False
2016-03-04 10:40:00,20,10,False
2016-03-04 10:50:00,30,10,False
2016-03-04 11:00:00,30,11,False
2016-03-04 11:10:00,60,11,False
2016-03-04 11:20:00,50,11,False
2016-03-04 11:30:00,50,11,False
2016-03-04 11:40:00,50,11,False
2016-03-04 11:50:00,40,11,False
2016-03-04 12:00:00,50,12,False
2016-03-04 12:10:00,50,12,False
2016-03-04 12:20:00,40,12,False
2016-03-04 12:30:00,60,12,False
2016-03-04 12:40:00,50,12,False
2016-03-04 12:50:00,70,12,False
2016-03-04 13:00:00,340,13,True
2016-03-04 13:10:00,270,13,True
2016-03-04 13:20:00,100,13,False
2016-03-04 13:30:00,50,13,False
2016-03-04 13:40:00,50,13,False
2016-03-04 13:50:00,70,13,False
2016-03-04 14:00:00,60,14,False
2016-03-04 14:10:00,80,14,False
2016-03-04 14:20:00,60,14,False
2016-03-04 14:30:00,40,14,False
2016-03-04 14:40:00,520,14,True
2016-03-04 14:50:00,680,14,True
2016-03-04 15:00:00,390,15,True
2016-03-04 15:10:00,350,15,True
2016-03-04 15:20:00,270,15,True
2016-03-04 15:30:00,260,15,True
2016-03-04 15:40:00,260,15,True
2016-03-04 15:50:00,210,15,True
2016-03-04 16:00:00,190,16,True
2016-03-04 16:10:00,90,16,False
2016-03-04 16:20:00,390,16,True
2016-03-04 16:30:00,270,16,True
2016-03-04 16:40:00,250,16,True
2016-03-04 16:50:00,240,16,True
2016-03-04 17:00:00,240,17,True
2016-03-04 17:10:00,210,17,True
2016-03-04 17:20:00,180,17,True
2016-03-04 17:30:00,100,17,False
2016-03-04 17:40:00,70,17,False
2016-03-04 17:50:00,90,17,False
2016-03-04 18:00:00,90,18,False
2016-03-04 18:10:00,90,18,False
2016-03-04 18:20:00,90,18,False
2016-03-04 18:30:00,110,18,False
2016-03-04 18:40:00,90,18,False
2016-03-04 18:50:00,100,18,False
2016-03-04 19:00:00,310,19,True
2016-03-04 19:10:00,330,19,True
2016-03-04 19:20:00,90,19,False
2016-03-04 19:30:00,100,19,False
2016-03-04 19:40:00,110,19,False
2016-03-04 19:50:00,100,19,False
2016-03-04 20:00:00,100,20,False
2016-03-04 20:10:00,100,20,False
2016-03-04 20:20:00,120,20,False
2016-03-04 20:30:00,120,20,False
2016-03-04 20:40:00,130,20,False
2016-03-04 20:50:00,140,20,False
2016-03-04 21:00:00,130,21,False
2016-03-04 21:10:00,110,21,False
2016-03-04 21:20:00,150,21,False
2016-03-04 21:30:00,100,21,False
2016-03-04 21:40:00,90,21,False
2016-03-04 21:50:00,110,21,False
2016-03-04 22:00:00,120,22,False
2016-03-04 22:10:00,120,22,False
2016-03-04 22:20:00,110,22,False
2016-03-04 22:30:00,70,22,False
2016-03-04 22:40:00,50,22,False
2016-03-04 22:50:00,60,22,False
2016-03-04 23:00:00,40,23,False
2016-03-04 23:10:00,40,23,False
2016-03-04 23:20:00,50,23,False
2016-03-04 23:30:00,40,23,False
2016-03-04 23:40:00,50,23,False
2016-03-04 23:50:00,40,23,False
2016-03-05 00:00:00,50,0,False
2016-03-05 00:10:00,60,0,False
2016-03-05 00:20:00,50,0,False
2016-03-05 00:30:00,50,0,False
2016-03-05 00:40:00,40,0,False
2016-03-05 00:50:00,40,0,False
2016-03-05 01:00:00,50,1,False
2016-03-05 01:10:00,40,1,False
2016-03-05 01:20:00,40,1,False
2016-03-05 01:30:00,30,1,False
2016-03-05 01:40:00,30,1,False
2016-03-05 01:50:00,30,1,False
2016-03-05 02:00:00,50,2,False
2016-03-05 02:10:00,40,2,False
2016-03-05 02:20:00,50,2,False
2016-03-05 02:30:00,40,2,False
2016-03-05 02:40:00,50,2,False
2016-03-05 02:50:00,60,2,False
2016-03-05 03:00:00,50,3,False
2016-03-05 03:10:00,50,3,False
2016-03-05 03:20:00,50,3,False
2016-03-05 03:30:00,40,3,False
2016-03-05 03:40:00,40,3,False
2016-03-05 03:50:00,50,3,False
2016-03-05 04:00:00,40,4,False
2016-03-05 04:10:00,40,4,False
2016-03-05 04:20:00,60,4,False
2016-03-05 04:30:00,50,4,False
2016-03-05 04:40:00,50,4,False
2016-03-05 04:50:00,40,4,False
2016-03-05 05:00:00,40,5,False
2016-03-05 05:10:00,20,5,False
2016-03-05 05:20:00,20,5,False
2016-03-05 05:30:00,30,5,False
2016-03-05 05:40:00,50,5,False
2016-03-05 05:50:00,50,5,False
2016-03-05 06:00:00,50,6,False
2016-03-05 06:10:00,40,6,False
2016-03-05 06:20:00,50,6,False
2016-03-05 06:30:00,40,6,False
2016-03-05 06:40:00,50,6,False
2016-03-05 06:50:00,40,6,False
2016-03-05 07:00:00,50,7,False
2016-03-05 07:10:00,60,7,False
2016-03-05 07:20:00,50,7,False
2016-03-05 07:30:00,40,7,False
2016-03-05 07:40:00,50,7,False
2016-03-05 07:50:00,30,7,False
2016-03-05 08:00:00,50,8,False
2016-03-05 08:10:00,40,8,False
2016-03-05 08:20:00,40,8,False
2016-03-05 08:30:00,80,8,False
2016-03-05 08:40:00,30,8,False
2016-03-05 08:50:00,30,8,False
2016-03-05 09:00:00,30,9,False
2016-03-05 09:10:00,40,9,False
2016-03-05 09:20:00,40,9,False
2016-03-05 09:30:00,50,9,False
2016-03-05 09:40:00,50,9,False
2016-03-05 09:50:00,60,9,False
2016-03-05 10:00:00,60,10,False
2016-03-05 10:10:00,50,10,False
2016-03-05 10:20:00,50,10,False
2016-03-05 10:30:00,70,10,False
2016-03-05 10:40:00,70,10,False
2016-03-05 10:50:00,80,10,False
2016-03-05 11:00:00,90,11,False
2016-03-05 11:10:00,80,11,False
2016-03-05 11:20:00,90,11,False
2016-03-05 11:30:00,90,11,False
2016-03-05 11:40:00,60,11,False
2016-03-05 11:50:00,50,11,False
2016-03-05 12:00:00,60,12,False
2016-03-05 12:10:00,90,12,False
2016-03-05 12:20:00,80,12,False
2016-03-05 12:30:00,70,12,False
2016-03-05 12:40:00,80,12,False
2016-03-05 12:50:00,90,12,False
2016-03-05 13:00:00,80,13,False
2016-03-05 13:10:00,70,13,False
2016-03-05 13:20:00,80,13,False
2016-03-05 13:30:00,80,13,False
2016-03-05 13:40:00,70,13,False
2016-03-05 13:50:00,80,13,False
2016-03-05 14:00:00,360,14,True
2016-03-05 14:10:00,610,14,True
2016-03-05 14:20:00,190,14,True
2016-03-05 14:30:00,120,14,False
2016-03-05 14:40:00,90,14,False
2016-03-05 14:50:00,90,14,False
2016-03-05 15:00:00,100,15,False
2016-03-05 15:10:00,110,15,False
2016-03-05 15:20:00,120,15,False
2016-03-05 15:30:00,350,15,True
2016-03-05 15:40:00,480,15,True
2016-03-05 15:50:00,330,15,True
2016-03-05 16:00:00,450,16,True
2016-03-05 16:10:00,590,16,True
2016-03-05 16:20:00,340,16,True
2016-03-05 16:30:00,210,16,True
2016-03-05 16:40:00,140,16,False
2016-03-05 16:50:00,70,16,False
2016-03-05 17:00:00,70,17,False
2016-03-05 17:10:00,70,17,False
2016-03-05 17:20:00,60,17,False
2016-03-05 17:30:00,60,17,False
2016-03-05 17:40:00,60,17,False
2016-03-05 17:50:00,60,17,False
2016-03-05 18:00:00,60,18,False
2016-03-05 18:10:00,320,18,True
2016-03-05 18:20:00,320,18,True
2016-03-05 18:30:00,270,18,True
2016-03-05 18:40:00,100,18,False
2016-03-05 18:50:00,90,18,False
2016-03-05 19:00:00,80,19,False
2016-03-05 19:10:00,90,19,False
2016-03-05 19:20:00,220,19,True
2016-03-05 19:30:00,80,19,False
2016-03-05 19:40:00,90,19,False
2016-03-05 19:50:00,90,19,False
2016-03-05 20:00:00,90,20,False
2016-03-05 20:10:00,70,20,False
2016-03-05 20:20:00,70,20,False
2016-03-05 20:30:00,70,20,False
2016-03-05 20:40:00,70,20,False
2016-03-05 20:50:00,90,20,False
2016-03-05 21:00:00,70,21,False
2016-03-05 21:10:00,70,21,False
2016-03-05 21:20:00,70,21,False
2016-03-05 21:30:00,130,21,False
2016-03-05 21:40:00,90,21,False
2016-03-05 21:50:00,90,21,False
2016-03-05 22:00:00,90,22,False
2016-03-05 22:10:00,100,22,False
2016-03-05 22:20:00,100,22,False
2016-03-05 22:30:00,100,22,False
2016-03-05 22:40:00,80,22,False
2016-03-05 22:50:00,80,22,False
2016-03-05 23:00:00,60,23,False
2016-03-05 23:10:00,40,23,False
2016-03-05 23:20:00,50,23,False
2016-03-05 23:30:00,50,23,False
2016-03-05 23:40:00,30,23,False
2016-03-05 23:50:00,30,23,False
2016-03-06 00:00:00,30,0,False
2016-03-06 00:10:00,30,0,False
2016-03-06 00:20:00,50,0,False
2016-03-06 00:30:00,40,0,False
2016-03-06 00:40:00,50,0,False
2016-03-06 00:50:00,50,0,False
2016-03-06 01:00:00,40,1,False
2016-03-06 01:10:00,50,1,False
2016-03-06 01:20:00,50,1,False
2016-03-06 01:30:00,50,1,False
2016-03-06 01:40:00,50,1,False
2016-03-06 01:50:00,40,1,False
2016-03-06 02:00:00,50,2,False
2016-03-06 02:10:00,40,2,False
2016-03-06 02:20:00,50,2,False
2016-03-06 02:30:00,40,2,False
2016-03-06 02:40:00,30,2,False
2016-03-06 02:50:00,40,2,False
2016-03-06 03:00:00,20,3,False
2016-03-06 03:10:00,40,3,False
2016-03-06 03:20:00,50,3,False
2016-03-06 03:30:00,40,3,False
2016-03-06 03:40:00,50,3,False
2016-03-06 03:50:00,40,3,False
2016-03-06 04:00:00,50,4,False
2016-03-06 04:10:00,50,4,False
2016-03-06 04:20:00,50,4,False
2016-03-06 04:30:00,50,4,False
2016-03-06 04:40:00,50,4,False
2016-03-06 04:50:00,40,4,False
2016-03-06 05:00:00,40,5,False
2016-03-06 05:10:00,40,5,False
2016-03-06 05:20:00,50,5,False
2016-03-06 05:30:00,50,5,False
2016-03-06 05:40:00,40,5,False
2016-03-06 05:50:00,30,5,False
2016-03-06 06:00:00,30,6,False
2016-03-06 06:10:00,30,6,False
2016-03-06 06:20:00,30,6,False
2016-03-06 06:30:00,40,6,False
2016-03-06 06:40:00,50,6,False
2016-03-06 06:50:00,50,6,False
2016-03-06 07:00:00,50,7,False
2016-03-06 07:10:00,60,7,False
2016-03-06 07:20:00,50,7,False
2016-03-06 07:30:00,40,7,False
2016-03-06 07:40:00,40,7,False
2016-03-06 07:50:00,40,7,False
2016-03-06 08:00:00,40,8,False
2016-03-06 08:10:00,50,8,False
2016-03-06 08:20:00,50,8,False
2016-03-06 08:30:00,50,8,False
2016-03-06 08:40:00,50,8,False
2016-03-06 08:50:00,20,8,False
2016-03-06 09:00:00,20,9,False
2016-03-06 09:10:00,30,9,False
2016-03-06 09:20:00,40,9,False
2016-03-06 09:30:00,60,9,False
2016-03-06 09:40:00,70,9,False
2016-03-06 09:50:00,90,9,False
2016-03-06 10:00:00,80,10,False
2016-03-06 10:10:00,50,10,False
2016-03-06 10:20:00,50,10,False
2016-03-06 10:30:00,40,10,False
2016-03-06 10:40:00,50,10,False
2016-03-06 10:50:00,60,10,False
2016-03-06 11:00:00,80,11,False
2016-03-06 11:10:00,100,11,False
2016-03-06 11:20:00,80,11,False
2016-03-06 11:30:00,60,11,False
2016-03-06 11:40:00,60,11,False
2016-03-06 11:50:00,70,11,False
2016-03-06 12:00:00,70,12,False
2016-03-06 12:10:00,90,12,False
2016-03-06 12:20:00,90,12,False
2016-03-06 12:30:00,90,12,False
2016-03-06 12:40:00,100,12,False
2016-03-06 12:50:00,90,12,False
2016-03-06 13:00:00,80,13,False
2016-03-06 13:10:00,80,13,False
2016-03-06 13:20:00,80,13,False
2016-03-06 13:30:00,90,13,False
2016-03-06 13:40:00,80,13,False
2016-03-06 13:50:00,80,13,False
2016-03-06 14:00:00,80,14,False
2016-03-06 14:10:00,60,14,False
2016-03-06 14:20:00,50,14,False
2016-03-06 14:30:00,50,14,False
2016-03-06 14:40:00,50,14,False
2016-03-06 14:50:00,70,14,False
2016-03-06 15:00:00,70,15,False
2016-03-06 15:10:00,80,15,False
2016-03-06 15:20:00,70,15,False
2016-03-06 15:30:00,90,15,False
2016-03-06 15:40:00,80,15,False
2016-03-06 15:50:00,70,15,False
2016-03-06 16:00:00,70,16,False
2016-03-06 16:10:00,80,16,False
2016-03-06 16:20:00,70,16,False
2016-03-06 16:30:00,70,16,False
2016-03-06 16:40:00,80,16,False
2016-03-06 16:50:00,70,16,False
2016-03-06 17:00:00,70,17,False
2016-03-06 17:10:00,50,17,False
2016-03-06 17:20:00,50,17,False
2016-03-06 17:30:00,50,17,False
2016-03-06 17:40:00,100,17,False
2016-03-06 17:50:00,140,17,False
2016-03-06 18:00:00,510,18,True
2016-03-06 18:10:00,370,18,True
2016-03-06 18:20:00,330,18,True
2016-03-06 18:30:00,250,18,True
2016-03-06 18:40:00,440,18,True
2016-03-06 18:50:00,400,18,True
2016-03-06 19:00:00,340,19,True
2016-03-06 19:10:00,90,19,False
2016-03-06 19:20:00,90,19,False
2016-03-06 19:30:00,160,19,False
2016-03-06 19:40:00,340,19,True
2016-03-06 19:50:00,240,19,True
2016-03-06 20:00:00,420,20,True
2016-03-06 20:10:00,130,20,False
2016-03-06 20:20:00,350,20,True
2016-03-06 20:30:00,280,20,True
2016-03-06 20:40:00,140,20,False
2016-03-06 20:50:00,120,20,False
2016-03-06 21:00:00,80,21,False
2016-03-06 21:10:00,80,21,False
2016-03-06 21:20:00,230,21,True
2016-03-06 21:30:00,390,21,True
2016-03-06 21:40:00,140,21,False
2016-03-06 21:50:00,80,21,False
2016-03-06 22:00:00,70,22,False
2016-03-06 22:10:00,80,22,False
2016-03-06 22:20:00,60,22,False
2016-03-06 22:30:00,80,22,False
2016-03-06 22:40:00,60,22,False
2016-03-06 22:50:00,60,22,False
2016-03-06 23:00:00,60,23,False
2016-03-06 23:10:00,50,23,False
2016-03-06 23:20:00,60,23,False
2016-03-06 23:30:00,60,23,False
2016-03-06 23:40:00,70,23,False
2016-03-06 23:50:00,50,23,False
2016-03-07 00:00:00,40,0,False
2016-03-07 00:10:00,40,0,False
2016-03-07 00:20:00,30,0,False
2016-03-07 00:30:00,40,0,False
2016-03-07 00:40:00,50,0,False
2016-03-07 00:50:00,50,0,False
2016-03-07 01:00:00,50,1,False
2016-03-07 01:10:00,50,1,False
2016-03-07 01:20:00,50,1,False
2016-03-07 01:30:00,50,1,False
2016-03-07 01:40:00,40,1,False
2016-03-07 01:50:00,50,1,False
2016-03-07 02:00:00,40,2,False
2016-03-07 02:10:00,50,2,False
2016-03-07 02:20:00,50,2,False
2016-03-07 02:30:00,50,2,False
2016-03-07 02:40:00,50,2,False
2016-03-07 02:50:00,20,2,False
2016-03-07 03:00:00,20,3,False
2016-03-07 03:10:00,30,3,False
2016-03-07 03:20:00,30,3,False
2016-03-07 03:30:00,50,3,False
2016-03-07 03:40:00,50,3,False
2016-03-07 03:50:00,60,3,False
2016-03-07 04:00:00,50,4,False
2016-03-07 04:10:00,40,4,False
2016-03-07 04:20:00,50,4,False
2016-03-07 04:30:00,40,4,False
2016-03-07 04:40:00,40,4,False
2016-03-07 04:50:00,40,4,False
2016-03-07 05:00:00,50,5,False
2016-03-07 05:10:00,60,5,False
2016-03-07 05:20:00,40,5,False
2016-03-07 05:30:00,30,5,False
2016-03-07 05:40:00,20,5,False
2016-03-07 05:50:00,20,5,False
2016-03-07 06:00:00,30,6,False
2016-03-07 06:10:00,50,6,False
2016-03-07 06:20:00,40,6,False
2016-03-07 06:30:00,60,6,False
2016-03-07 06:40:00,50,6,False
2016-03-07 06:50:00,40,6,False
2016-03-07 07:00:00,60,7,False
2016-03-07 07:10:00,40,7,False
2016-03-07 07:20:00,50,7,False
2016-03-07 07:30:00,40,7,False
2016-03-07 07:40:00,80,7,False
2016-03-07 07:50:00,50,7,False
2016-03-07 08:00:00,40,8,False
2016-03-07 08:10:00,20,8,False
2016-03-07 08:20:00,150,8,False
2016-03-07 08:30:00,330,8,True
2016-03-07 08:40:00,150,8,False
2016-03-07 08:50:00,110,8,False
2016-03-07 09:00:00,60,9,False
2016-03-07 09:10:00,60,9,False
2016-03-07 09:20:00,60,9,False
2016-03-07 09:30:00,60,9,False
2016-03-07 09:40:00,60,9,False
2016-03-07 09:50:00,170,9,False
2016-03-07 10:00:00,700,10,True
2016-03-07 10:10:00,630,10,True
2016-03-07 10:20:00,370,10,True
2016-03-07 10:30:00,280,10,True
2016-03-07 10:40:00,270,10,True
2016-03-07 10:50:00,350,10,True
2016-03-07 11:00:00,590,11,True
2016-03-07 11:10:00,500,11,True
2016-03-07 11:20:00,360,11,True
2016-03-07 11:30:00,330,11,True
2016-03-07 11:40:00,510,11,True
2016-03-07 11:50:00,630,11,True
2016-03-07 12:00:00,410,12,True
2016-03-07 12:10:00,290,12,True
2016-03-07 12:20:00,330,12,True
2016-03-07 12:30:00,230,12,True
2016-03-07 12:40:00,180,12,True
2016-03-07 12:50:00,80,12,False
2016-03-07 13:00:00,70,13,False
2016-03-07 13:10:00,50,13,False
2016-03-07 13:20:00,350,13,True
2016-03-07 13:30:00,630,13,True
2016-03-07 13:40:00,470,13,True
2016-03-07 13:50:00,310,13,True
2016-03-07 14:00:00,270,14,True
2016-03-07 14:10:00,220,14,True
2016-03-07 14:20:00,240,14,True
2016-03-07 14:30:00,240,14,True
2016-03-07 14:40:00,350,14,True
2016-03-07 14:50:00,70,14,False
2016-03-07 15:00:00,180,15,True
2016-03-07 15:10:00,190,15,True
2016-03-07 15:20:00,410,15,True
2016-03-07 15:30:00,290,15,True
2016-03-07 15:40:00,280,15,True
2016-03-07 15:50:00,260,15,True
2016-03-07 16:00:00,260,16,True
2016-03-07 16:10:00,220,16,True
2016-03-07 16:20:00,200,16,True
2016-03-07 16:30:00,120,16,False
2016-03-07 16:40:00,50,16,False
2016-03-07 16:50:00,50,16,False
2016-03-07 17:00:00,50,17,False
2016-03-07 17:10:00,40,17,False
2016-03-07 17:20:00,60,17,False
2016-03-07 17:30:00,80,17,False
2016-03-07 17:40:00,80,17,False
2016-03-07 17:50:00,90,17,False
2016-03-07 18:00:00,70,18,False
2016-03-07 18:10:00,70,18,False
2016-03-07 18:20:00,90,18,False
2016-03-07 18:30:00,80,18,False
2016-03-07 18:40:00,100,18,False
2016-03-07 18:50:00,110,18,False
2016-03-07 19:00:00,190,19,True
2016-03-07 19:10:00,330,19,True
2016-03-07 19:20:00,460,19,True
2016-03-07 19:30:00,140,19,False
2016-03-07 19:40:00,100,19,False
2016-03-07 19:50:00,120,19,False
2016-03-07 20:00:00,120,20,False
2016-03-07 20:10:00,120,20,False
2016-03-07 20:20:00,120,20,False
2016-03-07 20:30:00,110,20,False
2016-03-07 20:40:00,110,20,False
2016-03-07 20:50:00,120,20,False
2016-03-07 21:00:00,90,21,False
2016-03-07 21:10:00,80,21,False
2016-03-07 21:20:00,90,21,False
2016-03-07 21:30:00,100,21,False
2016-03-07 21:40:00,100,21,False
2016-03-07 21:50:00,90,21,False
2016-03-07 22:00:00,90,22,False
2016-03-07 22:10:00,90,22,False
2016-03-07 22:20:00,60,22,False
2016-03-07 22:30:00,70,22,False
2016-03-07 22:40:00,60,22,False
2016-03-07 22:50:00,90,22,False
2016-03-07 23:00:00,70,23,False
2016-03-07 23:10:00,60,23,False
2016-03-07 23:20:00,60,23,False
2016-03-07 23:30:00,60,23,False
2016-03-07 23:40:00,60,23,False
2016-03-07 23:50:00,60,23,False
2016-03-08 00:00:00,60,0,False
2016-03-08 00:10:00,50,0,False
2016-03-08 00:20:00,70,0,False
2016-03-08 00:30:00,60,0,False
2016-03-08 00:40:00,70,0,False
2016-03-08 00:50:00,60,0,False
2016-03-08 01:00:00,50,1,False
2016-03-08 01:10:00,60,1,False
2016-03-08 01:20:00,50,1,False
2016-03-08 01:30:00,60,1,False
2016-03-08 01:40:00,70,1,False
2016-03-08 01:50:00,60,1,False
2016-03-08 02:00:00,60,2,False
2016-03-08 02:10:00,60,2,False
2016-03-08 02:20:00,50,2,False
2016-03-08 02:30:00,40,2,False
2016-03-08 02:40:00,50,2,False
2016-03-08 02:50:00,40,2,False
2016-03-08 03:00:00,50,3,False
2016-03-08 03:10:00,60,3,False
2016-03-08 03:20:00,50,3,False
2016-03-08 03:30:00,40,3,False
2016-03-08 03:40:00,30,3,False
2016-03-08 03:50:00,20,3,False
2016-03-08 04:00:00,30,4,False
2016-03-08 04:10:00,30,4,False
2016-03-08 04:20:00,50,4,False
2016-03-08 04:30:00,50,4,False
2016-03-08 04:40:00,60,4,False
2016-03-08 04:50:00,50,4,False
2016-03-08 05:00:00,40,5,False
2016-03-08 05:10:00,50,5,False
2016-03-08 05:20:00,40,5,False
2016-03-08 05:30:00,50,5,False
2016-03-08 05:40:00,50,5,False
2016-03-08 05:50:00,50,5,False
2016-03-08 06:00:00,50,6,False
2016-03-08 06:10:00,50,6,False
2016-03-08 06:20:00,50,6,False
2016-03-08 06:30:00,40,6,False
2016-03-08 06:40:00,30,6,False
2016-03-08 06:50:00,20,6,False
2016-03-08 07:00:00,30,7,False
2016-03-08 07:10:00,70,7,False
2016-03-08 07:20:00,80,7,False
2016-03-08 07:30:00,60,7,False
2016-03-08 07:40:00,50,7,False
2016-03-08 07:50:00,50,7,False
2016-03-08 08:00:00,50,8,False
2016-03-08 08:10:00,40,8,False
2016-03-08 08:20:00,50,8,False
2016-03-08 08:30:00,60,8,False
2016-03-08 08:40:00,60,8,False
2016-03-08 08:50:00,50,8,False
2016-03-08 09:00:00,40,9,False
2016-03-08 09:10:00,50,9,False
2016-03-08 09:20:00,30,9,False
2016-03-08 09:30:00,30,9,False
2016-03-08 09:40:00,20,9,False
2016-03-08 09:50:00,30,9,False
2016-03-08 10:00:00,60,10,False
2016-03-08 10:10:00,50,10,False
2016-03-08 10:20:00,50,10,False
2016-03-08 10:30:00,40,10,False
2016-03-08 10:40:00,50,10,False
2016-03-08 10:50:00,40,10,False
2016-03-08 11:00:00,40,11,False
2016-03-08 11:10:00,50,11,False
2016-03-08 11:20:00,70,11,False
2016-03-08 11:30:00,60,11,False
2016-03-08 11:40:00,40,11,False
2016-03-08 11:50:00,40,11,False
2016-03-08 12:00:00,80,12,False
2016-03-08 12:10:00,390,12,True
2016-03-08 12:20:00,180,12,True
2016-03-08 12:30:00,50,12,False
2016-03-08 12:40:00,70,12,False
2016-03-08 12:50:00,70,12,False
2016-03-08 13:00:00,220,13,True
2016-03-08 13:10:00,310,13,True
2016-03-08 13:20:00,80,13,False
2016-03-08 13:30:00,60,13,False
2016-03-08 13:40:00,50,13,False
2016-03-08 13:50:00,60,13,False
2016-03-08 14:00:00,60,14,False
2016-03-08 14:10:00,50,14,False
2016-03-08 14:20:00,50,14,False
2016-03-08 14:30:00,40,14,False
2016-03-08 14:40:00,30,14,False
2016-03-08 14:50:00,20,14,False
2016-03-08 15:00:00,20,15,False
2016-03-08 15:10:00,40,15,False
2016-03-08 15:20:00,50,15,False
2016-03-08 15:30:00,50,15,False
2016-03-08 15:40:00,60,15,False
2016-03-08 15:50:00,40,15,False
2016-03-08 16:00:00,40,16,False
2016-03-08 16:10:00,50,16,False
2016-03-08 16:20:00,40,16,False
2016-03-08 16:30:00,50,16,False
2016-03-08 16:40:00,50,16,False
2016-03-08 16:50:00,60,16,False
2016-03-08 17:00:00,40,17,False
2016-03-08 17:10:00,40,17,False
2016-03-08 17:20:00,30,17,False
2016-03-08 17:30:00,40,17,False
2016-03-08 17:40:00,60,17,False
2016-03-08 17:50:00,80,17,False
2016-03-08 18:00:00,100,18,False
2016-03-08 18:10:00,110,18,False
2016-03-08 18:20:00,110,18,False
2016-03-08 18:30:00,260,18,True
2016-03-08 18:40:00,760,18,True
2016-03-08 18:50:00,660,18,True
2016-03-08 19:00:00,130,19,False
2016-03-08 19:10:00,110,19,False
2016-03-08 19:20:00,120,19,False
2016-03-08 19:30:00,130,19,False
2016-03-08 19:40:00,120,19,False
2016-03-08 19:50:00,130,19,False
2016-03-08 20:00:00,120,20,False
2016-03-08 20:10:00,110,20,False
2016-03-08 20:20:00,100,20,False
2016-03-08 20:30:00,90,20,False
2016-03-08 20:40:00,100,20,False
2016-03-08 20:50:00,100,20,False
2016-03-08 21:00:00,130,21,False
2016-03-08 21:10:00,100,21,False
2016-03-08 21:20:00,90,21,False
2016-03-08 21:30:00,100,21,False
2016-03-08 21:40:00,100,21,False
2016-03-08 21:50:00,100,21,False
2016-03-08 22:00:00,100,22,False
2016-03-08 22:10:00,80,22,False
2016-03-08 22:20:00,50,22,False
2016-03-08 22:30:00,40,22,False
2016-03-08 22:40:00,40,22,False
2016-03-08 22:50:00,50,22,False
2016-03-08 23:00:00,50,23,False
2016-03-08 23:10:00,30,23,False
2016-03-08 23:20:00,30,23,False
2016-03-08 23:30:00,30,23,False
2016-03-08 23:40:00,40,23,False
2016-03-08 23:50:00,40,23,False
2016-03-09 00:00:00,50,0,False
2016-03-09 00:10:00,50,0,False
2016-03-09 00:20:00,50,0,False
2016-03-09 00:30:00,50,0,False
2016-03-09 00:40:00,50,0,False
2016-03-09 00:50:00,50,0,False
2016-03-09 01:00:00,50,1,False
2016-03-09 01:10:00,50,1,False
2016-03-09 01:20:00,50,1,False
2016-03-09 01:30:00,50,1,False
2016-03-09 01:40:00,40,1,False
2016-03-09 01:50:00,40,1,False
2016-03-09 02:00:00,30,2,False
2016-03-09 02:10:00,30,2,False
2016-03-09 02:20:00,30,2,False
2016-03-09 02:30:00,40,2,False
2016-03-09 02:40:00,50,2,False
2016-03-09 02:50:00,50,2,False
2016-03-09 03:00:00,40,3,False
2016-03-09 03:10:00,40,3,False
2016-03-09 03:20:00,60,3,False
2016-03-09 03:30:00,50,3,False
2016-03-09 03:40:00,50,3,False
2016-03-09 03:50:00,60,3,False
2016-03-09 04:00:00,40,4,False
2016-03-09 04:10:00,50,4,False
2016-03-09 04:20:00,40,4,False
2016-03-09 04:30:00,50,4,False
2016-03-09 04:40:00,40,4,False
2016-03-09 04:50:00,50,4,False
2016-03-09 05:00:00,50,5,False
2016-03-09 05:10:00,40,5,False
2016-03-09 05:20:00,20,5,False
2016-03-09 05:30:00,20,5,False
2016-03-09 05:40:00,30,5,False
2016-03-09 05:50:00,50,5,False
2016-03-09 06:00:00,40,6,False
2016-03-09 06:10:00,50,6,False
2016-03-09 06:20:00,60,6,False
2016-03-09 06:30:00,50,6,False
2016-03-09 06:40:00,50,6,False
2016-03-09 06:50:00,40,6,False
2016-03-09 07:00:00,50,7,False
2016-03-09 07:10:00,80,7,False
2016-03-09 07:20:00,40,7,False
2016-03-09 07:30:00,50,7,False
2016-03-09 07:40:00,50,7,False
2016-03-09 07:50:00,60,7,False
2016-03-09 08:00:00,70,8,False
2016-03-09 08:10:00,30,8,False
2016-03-09 08:20:00,30,8,False
2016-03-09 08:30:00,300,8,True
2016-03-09 08:40:00,190,8,True
2016-03-09 08:50:00,510,8,True
2016-03-09 09:00:00,200,9,True
2016-03-09 09:10:00,200,9,True
2016-03-09 09:20:00,360,9,True
2016-03-09 09:30:00,100,9,False
2016-03-09 09:40:00,60,9,False
2016-03-09 09:50:00,70,9,False
2016-03-09 10:00:00,70,10,False
2016-03-09 10:10:00,280,10,True
2016-03-09 10:20:00,370,10,True
2016-03-09 10:30:00,50,10,False
2016-03-09 10:40:00,90,10,False
2016-03-09 10:50:00,70,10,False
2016-03-09 11:00:00,60,11,False
2016-03-09 11:10:00,60,11,False
2016-03-09 11:20:00,30,11,False
2016-03-09 11:30:00,30,11,False
2016-03-09 11:40:00,50,11,False
2016-03-09 11:50:00,50,11,False
2016-03-09 12:00:00,70,12,False
2016-03-09 12:10:00,50,12,False
2016-03-09 12:20:00,40,12,False
2016-03-09 12:30:00,50,12,False
2016-03-09 12:40:00,50,12,False
2016-03-09 12:50:00,40,12,False
2016-03-09 13:00:00,50,13,False
2016-03-09 13:10:00,50,13,False
2016-03-09 13:20:00,80,13,False
2016-03-09 13:30:00,90,13,False
2016-03-09 13:40:00,90,13,False
2016-03-09 13:50:00,80,13,False
2016-03-09 14:00:00,70,14,False
2016-03-09 14:10:00,60,14,False
2016-03-09 14:20:00,70,14,False
2016-03-09 14:30:00,100,14,False
2016-03-09 14:40:00,110,14,False
2016-03-09 14:50:00,110,14,False
2016-03-09 15:00:00,110,15,False
2016-03-09 15:10:00,110,15,False
2016-03-09 15:20:00,100,15,False
2016-03-09 15:30:00,110,15,False
2016-03-09 15:40:00,120,15,False
2016-03-09 15:50:00,130,15,False
2016-03-09 16:00:00,100,16,False
2016-03-09 16:10:00,110,16,False
2016-03-09 16:20:00,120,16,False
2016-03-09 16:30:00,110,16,False
2016-03-09 16:40:00,100,16,False
2016-03-09 16:50:00,80,16,False
2016-03-09 17:00:00,90,17,False
2016-03-09 17:10:00,90,17,False
2016-03-09 17:20:00,100,17,False
2016-03-09 17:30:00,130,17,False
2016-03-09 17:40:00,110,17,False
2016-03-09 17:50:00,90,17,False
2016-03-09 18:00:00,90,18,False
2016-03-09 18:10:00,100,18,False
2016-03-09 18:20:00,120,18,False
2016-03-09 18:30:00,140,18,False
2016-03-09 18:40:00,160,18,False
2016-03-09 18:50:00,230,18,True
2016-03-09 19:00:00,180,19,True
2016-03-09 19:10:00,140,19,False
2016-03-09 19:20:00,140,19,False
2016-03-09 19:30:00,130,19,False
2016-03-09 19:40:00,120,19,False
2016-03-09 19:50:00,100,19,False
2016-03-09 20:00:00,110,20,False
2016-03-09 20:10:00,130,20,False
2016-03-09 20:20:00,140,20,False
2016-03-09 20:30:00,140,20,False
2016-03-09 20:40:00,130,20,False
2016-03-09 20:50:00,130,20,False
2016-03-09 21:00:00,130,21,False
2016-03-09 21:10:00,100,21,False
2016-03-09 21:20:00,110,21,False
2016-03-09 21:30:00,110,21,False
2016-03-09 21:40:00,120,21,False
2016-03-09 21:50:00,100,21,False
2016-03-09 22:00:00,90,22,False
2016-03-09 22:10:00,90,22,False
2016-03-09 22:20:00,40,22,False
2016-03-09 22:30:00,30,22,False
2016-03-09 22:40:00,50,22,False
2016-03-09 22:50:00,40,22,False
2016-03-09 23:00:00,60,23,False
2016-03-09 23:10:00,50,23,False
2016-03-09 23:20:00,60,23,False
2016-03-09 23:30:00,60,23,False
2016-03-09 23:40:00,60,23,False
2016-03-09 23:50:00,60,23,False
2016-03-10 00:00:00,60,0,False
2016-03-10 00:10:00,70,0,False
2016-03-10 00:20:00,60,0,False
2016-03-10 00:30:00,60,0,False
2016-03-10 00:40:00,60,0,False
2016-03-10 00:50:00,60,0,False
2016-03-10 01:00:00,50,1,False
2016-03-10 01:10:00,40,1,False
2016-03-10 01:20:00,40,1,False
2016-03-10 01:30:00,40,1,False
2016-03-10 01:40:00,70,1,False
2016-03-10 01:50:00,60,1,False
2016-03-10 02:00:00,40,2,False
2016-03-10 02:10:00,50,2,False
2016-03-10 02:20:00,40,2,False
2016-03-10 02:30:00,50,2,False
2016-03-10 02:40:00,50,2,False
2016-03-10 02:50:00,50,2,False
2016-03-10 03:00:00,60,3,False
2016-03-10 03:10:00,40,3,False
2016-03-10 03:20:00,50,3,False
2016-03-10 03:30:00,40,3,False
2016-03-10 03:40:00,40,3,False
2016-03-10 03:50:00,20,3,False
2016-03-10 04:00:00,30,4,False
2016-03-10 04:10:00,40,4,False
2016-03-10 04:20:00,40,4,False
2016-03-10 04:30:00,50,4,False
2016-03-10 04:40:00,50,4,False
2016-03-10 04:50:00,40,4,False
2016-03-10 05:00:00,50,5,False
2016-03-10 05:10:00,40,5,False
2016-03-10 05:20:00,50,5,False
2016-03-10 05:30:00,50,5,False
2016-03-10 05:40:00,50,5,False
2016-03-10 05:50:00,50,5,False
2016-03-10 06:00:00,50,6,False
2016-03-10 06:10:00,40,6,False
2016-03-10 06:20:00,40,6,False
2016-03-10 06:30:00,30,6,False
2016-03-10 06:40:00,20,6,False
2016-03-10 06:50:00,30,6,False
2016-03-10 07:00:00,40,7,False
2016-03-10 07:10:00,90,7,False
2016-03-10 07:20:00,40,7,False
2016-03-10 07:30:00,50,7,False
2016-03-10 07:40:00,40,7,False
2016-03-10 07:50:00,50,7,False
2016-03-10 08:00:00,50,8,False
2016-03-10 08:10:00,40,8,False
2016-03-10 08:20:00,60,8,False
2016-03-10 08:30:00,80,8,False
2016-03-10 08:40:00,50,8,False
2016-03-10 08:50:00,50,8,False
2016-03-10 09:00:00,20,9,False
2016-03-10 09:10:00,30,9,False
2016-03-10 09:20:00,40,9,False
2016-03-10 09:30:00,50,9,False
2016-03-10 09:40:00,80,9,False
2016-03-10 09:50:00,230,9,True
2016-03-10 10:00:00,210,10,True
2016-03-10 10:10:00,90,10,False
2016-03-10 10:20:00,60,10,False
2016-03-10 10:30:00,70,10,False
2016-03-10 10:40:00,60,10,False
2016-03-10 10:50:00,60,10,False
2016-03-10 11:00:00,80,11,False
2016-03-10 11:10:00,80,11,False
2016-03-10 11:20:00,70,11,False
2016-03-10 11:30:00,70,11,False
2016-03-10 11:40:00,70,11,False
2016-03-10 11:50:00,80,11,False
2016-03-10 12:00:00,170,12,False
2016-03-10 12:10:00,50,12,False
2016-03-10 12:20:00,60,12,False
2016-03-10 12:30:00,60,12,False
2016-03-10 12:40:00,70,12,False
2016-03-10 12:50:00,60,12,False
2016-03-10 13:00:00,80,13,False
2016-03-10 13:10:00,70,13,False
2016-03-10 13:20:00,70,13,False
2016-03-10 13:30:00,180,13,True
2016-03-10 13:40:00,50,13,False
2016-03-10 13:50:00,60,13,False
2016-03-10 14:00:00,60,14,False
2016-03-10 14:10:00,50,14,False
2016-03-10 14:20:00,50,14,False
2016-03-10 14:30:00,40,14,False
2016-03-10 14:40:00,50,14,False
2016-03-10 14:50:00,50,14,False
2016-03-10 15:00:00,60,15,False
2016-03-10 15:10:00,50,15,False
2016-03-10 15:20:00,60,15,False
2016-03-10 15:30:00,50,15,False
2016-03-10 15:40:00,60,15,False
2016-03-10 15:50:00,70,15,False
2016-03-10 16:00:00,90,16,False
2016-03-10 16:10:00,90,16,False
2016-03-10 16:20:00,90,16,False
2016-03-10 16:30:00,100,16,False
2016-03-10 16:40:00,90,16,False
2016-03-10 16:50:00,100,16,False
2016-03-10 17:00:00,110,17,False
2016-03-10 17:10:00,120,17,False
2016-03-10 17:20:00,130,17,False
2016-03-10 17:30:00,220,17,True
2016-03-10 17:40:00,360,17,True
2016-03-10 17:50:00,680,17,True
2016-03-10 18:00:00,520,18,True
2016-03-10 18:10:00,430,18,True
2016-03-10 18:20:00,700,18,True
2016-03-10 18:30:00,680,18,True
2016-03-10 18:40:00,180,18,True
2016-03-10 18:50:00,120,18,False
2016-03-10 19:00:00,130,19,False
2016-03-10 19:10:00,120,19,False
2016-03-10 19:20:00,150,19,False
2016-03-10 19:30:00,140,19,False
2016-03-10 19:40:00,140,19,False
2016-03-10 19:50:00,150,19,False
2016-03-10 20:00:00,140,20,False
2016-03-10 20:10:00,150,20,False
2016-03-10 20:20:00,150,20,False
2016-03-10 20:30:00,150,20,False
2016-03-10 20:40:00,140,20,False
2016-03-10 20:50:00,110,20,False
2016-03-10 21:00:00,130,21,False
2016-03-10 21:10:00,110,21,False
2016-03-10 21:20:00,110,21,False
2016-03-10 21:30:00,80,21,False
2016-03-10 21:40:00,80,21,False
2016-03-10 21:50:00,90,21,False
2016-03-10 22:00:00,80,22,False
2016-03-10 22:10:00,80,22,False
2016-03-10 22:20:00,70,22,False
2016-03-10 22:30:00,50,22,False
2016-03-10 22:40:00,60,22,False
2016-03-10 22:50:00,50,22,False
2016-03-10 23:00:00,60,23,False
2016-03-10 23:10:00,30,23,False
2016-03-10 23:20:00,30,23,False
2016-03-10 23:30:00,30,23,False
2016-03-10 23:40:00,40,23,False
2016-03-10 23:50:00,50,23,False
2016-03-11 00:00:00,40,0,False
2016-03-11 00:10:00,50,0,False
2016-03-11 00:20:00,50,0,False
2016-03-11 00:30:00,60,0,False
2016-03-11 00:40:00,50,0,False
2016-03-11 00:50:00,50,0,False
2016-03-11 01:00:00,40,1,False
2016-03-11 01:10:00,50,1,False
2016-03-11 01:20:00,50,1,False
2016-03-11 01:30:00,50,1,False
2016-03-11 01:40:00,60,1,False
2016-03-11 01:50:00,40,1,False
2016-03-11 02:00:00,30,2,False
2016-03-11 02:10:00,20,2,False
2016-03-11 02:20:00,40,2,False
2016-03-11 02:30:00,50,2,False
2016-03-11 02:40:00,50,2,False
2016-03-11 02:50:00,50,2,False
2016-03-11 03:00:00,50,3,False
2016-03-11 03:10:00,70,3,False
2016-03-11 03:20:00,40,3,False
2016-03-11 03:30:00,60,3,False
2016-03-11 03:40:00,40,3,False
2016-03-11 03:50:00,40,3,False
2016-03-11 04:00:00,60,4,False
2016-03-11 04:10:00,40,4,False
2016-03-11 04:20:00,40,4,False
2016-03-11 04:30:00,30,4,False
2016-03-11 04:40:00,20,4,False
2016-03-11 04:50:00,50,4,False
2016-03-11 05:00:00,50,5,False
2016-03-11 05:10:00,50,5,False
2016-03-11 05:20:00,50,5,False
2016-03-11 05:30:00,50,5,False
2016-03-11 05:40:00,50,5,False
2016-03-11 05:50:00,50,5,False
2016-03-11 06:00:00,50,6,False
2016-03-11 06:10:00,40,6,False
2016-03-11 06:20:00,50,6,False
2016-03-11 06:30:00,50,6,False
2016-03-11 06:40:00,30,6,False
2016-03-11 06:50:00,30,6,False
2016-03-11 07:00:00,30,7,False
2016-03-11 07:10:00,80,7,False
2016-03-11 07:20:00,50,7,False
2016-03-11 07:30:00,40,7,False
2016-03-11 07:40:00,90,7,False
2016-03-11 07:50:00,70,7,False
2016-03-11 08:00:00,280,8,True
2016-03-11 08:10:00,180,8,True
2016-03-11 08:20:00,290,8,True
2016-03-11 08:30:00,80,8,False
2016-03-11 08:40:00,330,8,True
2016-03-11 08:50:00,140,8,False
2016-03-11 09:00:00,50,9,False
2016-03-11 09:10:00,30,9,False
2016-03-11 09:20:00,50,9,False
2016-03-11 09:30:00,50,9,False
2016-03-11 09:40:00,320,9,True
2016-03-11 09:50:00,360,9,True
2016-03-11 10:00:00,50,10,False
2016-03-11 10:10:00,70,10,False
2016-03-11 10:20:00,50,10,False
2016-03-11 10:30:00,70,10,False
2016-03-11 10:40:00,40,10,False
2016-03-11 10:50:00,30,10,False
2016-03-11 11:00:00,30,11,False
2016-03-11 11:10:00,20,11,False
2016-03-11 11:20:00,50,11,False
2016-03-11 11:30:00,50,11,False
2016-03-11 11:40:00,50,11,False
2016-03-11 11:50:00,50,11,False
2016-03-11 12:00:00,90,12,False
2016-03-11 12:10:00,100,12,False
2016-03-11 12:20:00,60,12,False
2016-03-11 12:30:00,40,12,False
2016-03-11 12:40:00,30,12,False
2016-03-11 12:50:00,60,12,False
2016-03-11 13:00:00,30,13,False
2016-03-11 13:10:00,40,13,False
2016-03-11 13:20:00,50,13,False
2016-03-11 13:30:00,40,13,False
2016-03-11 13:40:00,50,13,False
2016-03-11 13:50:00,50,13,False
2016-03-11 14:00:00,50,14,False
2016-03-11 14:10:00,60,14,False
2016-03-11 14:20:00,50,14,False
2016-03-11 14:30:00,50,14,False
2016-03-11 14:40:00,50,14,False
2016-03-11 14:50:00,50,14,False
2016-03-11 15:00:00,50,15,False
2016-03-11 15:10:00,20,15,False
2016-03-11 15:20:00,30,15,False
2016-03-11 15:30:00,30,15,False
2016-03-11 15:40:00,50,15,False
2016-03-11 15:50:00,50,15,False
2016-03-11 16:00:00,40,16,False
2016-03-11 16:10:00,50,16,False
2016-03-11 16:20:00,50,16,False
2016-03-11 16:30:00,50,16,False
2016-03-11 16:40:00,50,16,False
2016-03-11 16:50:00,50,16,False
2016-03-11 17:00:00,50,17,False
2016-03-11 17:10:00,40,17,False
2016-03-11 17:20:00,40,17,False
2016-03-11 17:30:00,60,17,False
2016-03-11 17:40:00,60,17,False
2016-03-11 17:50:00,70,17,False
2016-03-11 18:00:00,100,18,False
2016-03-11 18:10:00,100,18,False
2016-03-11 18:20:00,100,18,False
2016-03-11 18:30:00,100,18,False
2016-03-11 18:40:00,100,18,False
2016-03-11 18:50:00,250,18,True
2016-03-11 19:00:00,340,19,True
2016-03-11 19:10:00,100,19,False
2016-03-11 19:20:00,90,19,False
2016-03-11 19:30:00,110,19,False
2016-03-11 19:40:00,120,19,False
2016-03-11 19:50:00,100,19,False
2016-03-11 20:00:00,100,20,False
2016-03-11 20:10:00,100,20,False
2016-03-11 20:20:00,140,20,False
2016-03-11 20:30:00,160,20,False
2016-03-11 20:40:00,100,20,False
2016-03-11 20:50:00,90,20,False
2016-03-11 21:00:00,80,21,False
2016-03-11 21:10:00,90,21,False
2016-03-11 21:20:00,100,21,False
2016-03-11 21:30:00,90,21,False
2016-03-11 21:40:00,110,21,False
2016-03-11 21:50:00,90,21,False
2016-03-11 22:00:00,80,22,False
2016-03-11 22:10:00,70,22,False
2016-03-11 22:20:00,50,22,False
2016-03-11 22:30:00,30,22,False
2016-03-11 22:40:00,20,22,False
2016-03-11 22:50:00,30,22,False
2016-03-11 23:00:00,70,23,False
2016-03-11 23:10:00,50,23,False
2016-03-11 23:20:00,50,23,False
2016-03-11 23:30:00,40,23,False
2016-03-11 23:40:00,40,23,False
2016-03-11 23:50:00,50,23,False
2016-03-12 00:00:00,40,0,False
2016-03-12 00:10:00,50,0,False
2016-03-12 00:20:00,50,0,False
2016-03-12 00:30:00,50,0,False
2016-03-12 00:40:00,30,0,False
2016-03-12 00:50:00,20,0,False
2016-03-12 01:00:00,30,1,False
2016-03-12 01:10:00,50,1,False
2016-03-12 01:20:00,40,1,False
2016-03-12 01:30:00,60,1,False
2016-03-12 01:40:00,50,1,False
2016-03-12 01:50:00,60,1,False
2016-03-12 02:00:00,50,2,False
2016-03-12 02:10:00,40,2,False
2016-03-12 02:20:00,50,2,False
2016-03-12 02:30:00,40,2,False
2016-03-12 02:40:00,50,2,False
2016-03-12 02:50:00,30,2,False
2016-03-12 03:00:00,40,3,False
2016-03-12 03:10:00,30,3,False
2016-03-12 03:20:00,40,3,False
2016-03-12 03:30:00,50,3,False
2016-03-12 03:40:00,50,3,False
2016-03-12 03:50:00,40,3,False
2016-03-12 04:00:00,50,4,False
2016-03-12 04:10:00,60,4,False
2016-03-12 04:20:00,50,4,False
2016-03-12 04:30:00,60,4,False
2016-03-12 04:40:00,40,4,False
2016-03-12 04:50:00,50,4,False
2016-03-12 05:00:00,50,5,False
2016-03-12 05:10:00,30,5,False
2016-03-12 05:20:00,30,5,False
2016-03-12 05:30:00,20,5,False
2016-03-12 05:40:00,40,5,False
2016-03-12 05:50:00,60,5,False
2016-03-12 06:00:00,50,6,False
2016-03-12 06:10:00,40,6,False
2016-03-12 06:20:00,50,6,False
2016-03-12 06:30:00,40,6,False
2016-03-12 06:40:00,50,6,False
2016-03-12 06:50:00,50,6,False
2016-03-12 07:00:00,60,7,False
2016-03-12 07:10:00,50,7,False
2016-03-12 07:20:00,50,7,False
2016-03-12 07:30:00,40,7,False
2016-03-12 07:40:00,40,7,False
2016-03-12 07:50:00,30,7,False
2016-03-12 08:00:00,30,8,False
2016-03-12 08:10:00,50,8,False
2016-03-12 08:20:00,100,8,False
2016-03-12 08:30:00,70,8,False
2016-03-12 08:40:00,50,8,False
2016-03-12 08:50:00,50,8,False
2016-03-12 09:00:00,50,9,False
2016-03-12 09:10:00,60,9,False
2016-03-12 09:20:00,50,9,False
2016-03-12 09:30:00,50,9,False
2016-03-12 09:40:00,40,9,False
2016-03-12 09:50:00,60,9,False
2016-03-12 10:00:00,70,10,False
2016-03-12 10:10:00,70,10,False
2016-03-12 10:20:00,90,10,False
2016-03-12 10:30:00,110,10,False
2016-03-12 10:40:00,80,10,False
2016-03-12 10:50:00,90,10,False
2016-03-12 11:00:00,120,11,False
2016-03-12 11:10:00,140,11,False
2016-03-12 11:20:00,110,11,False
2016-03-12 11:30:00,80,11,False
2016-03-12 11:40:00,60,11,False
2016-03-12 11:50:00,170,11,False
2016-03-12 12:00:00,230,12,True
2016-03-12 12:10:00,230,12,True
2016-03-12 12:20:00,300,12,True
2016-03-12 12:30:00,290,12,True
2016-03-12 12:40:00,180,12,True
2016-03-12 12:50:00,140,12,False
2016-03-12 13:00:00,160,13,False
2016-03-12 13:10:00,200,13,True
2016-03-12 13:20:00,210,13,True
2016-03-12 13:30:00,130,13,False
2016-03-12 13:40:00,130,13,False
2016-03-12 13:50:00,110,13,False
2016-03-12 14:00:00,110,14,False
2016-03-12 14:10:00,90,14,False
2016-03-12 14:20:00,100,14,False
2016-03-12 14:30:00,110,14,False
2016-03-12 14:40:00,100,14,False
2016-03-12 14:50:00,80,14,False
2016-03-12 15:00:00,80,15,False
2016-03-12 15:10:00,90,15,False
2016-03-12 15:20:00,80,15,False
2016-03-12 15:30:00,80,15,False
2016-03-12 15:40:00,90,15,False
2016-03-12 15:50:00,60,15,False
2016-03-12 16:00:00,50,16,False
2016-03-12 16:10:00,70,16,False
2016-03-12 16:20:00,70,16,False
2016-03-12 16:30:00,80,16,False
2016-03-12 16:40:00,80,16,False
2016-03-12 16:50:00,70,16,False
2016-03-12 17:00:00,80,17,False
2016-03-12 17:10:00,70,17,False
2016-03-12 17:20:00,80,17,False
2016-03-12 17:30:00,100,17,False
2016-03-12 17:40:00,90,17,False
2016-03-12 17:50:00,90,17,False
2016-03-12 18:00:00,100,18,False
2016-03-12 18:10:00,60,18,False
2016-03-12 18:20:00,80,18,False
2016-03-12 18:30:00,90,18,False
2016-03-12 18:40:00,100,18,False
2016-03-12 18:50:00,390,18,True
2016-03-12 19:00:00,440,19,True
2016-03-12 19:10:00,440,19,True
2016-03-12 19:20:00,150,19,False
2016-03-12 19:30:00,150,19,False
2016-03-12 19:40:00,150,19,False
2016-03-12 19:50:00,350,19,True
2016-03-12 20:00:00,140,20,False
2016-03-12 20:10:00,130,20,False
2016-03-12 20:20:00,450,20,True
2016-03-12 20:30:00,230,20,True
2016-03-12 20:40:00,300,20,True
2016-03-12 20:50:00,170,20,False
2016-03-12 21:00:00,110,21,False
2016-03-12 21:10:00,110,21,False
2016-03-12 21:20:00,80,21,False
2016-03-12 21:30:00,250,21,True
2016-03-12 21:40:00,420,21,True
2016-03-12 21:50:00,150,21,False
2016-03-12 22:00:00,110,22,False
2016-03-12 22:10:00,100,22,False
2016-03-12 22:20:00,100,22,False
2016-03-12 22:30:00,100,22,False
2016-03-12 22:40:00,80,22,False
2016-03-12 22:50:00,90,22,False
2016-03-12 23:00:00,70,23,False
2016-03-12 23:10:00,60,23,False
2016-03-12 23:20:00,60,23,False
2016-03-12 23:30:00,30,23,False
2016-03-12 23:40:00,40,23,False
2016-03-12 23:50:00,30,23,False
2016-03-13 00:00:00,30,0,False
2016-03-13 00:10:00,60,0,False
2016-03-13 00:20:00,60,0,False
2016-03-13 00:30:00,60,0,False
2016-03-13 00:40:00,50,0,False
2016-03-13 00:50:00,50,0,False
2016-03-13 01:00:00,60,1,False
2016-03-13 01:10:00,50,1,False
2016-03-13 01:20:00,50,1,False
2016-03-13 01:30:00,60,1,False
2016-03-13 01:40:00,50,1,False
2016-03-13 01:50:00,40,1,False
2016-03-13 02:00:00,40,2,False
2016-03-13 02:10:00,40,2,False
2016-03-13 02:20:00,30,2,False
2016-03-13 02:30:00,50,2,False
2016-03-13 02:40:00,60,2,False
2016-03-13 02:50:00,50,2,False
2016-03-13 03:00:00,60,3,False
2016-03-13 03:10:00,60,3,False
2016-03-13 03:20:00,50,3,False
2016-03-13 03:30:00,60,3,False
2016-03-13 03:40:00,50,3,False
2016-03-13 03:50:00,50,3,False
2016-03-13 04:00:00,50,4,False
2016-03-13 04:10:00,40,4,False
2016-03-13 04:20:00,40,4,False
2016-03-13 04:30:00,50,4,False
2016-03-13 04:40:00,30,4,False
2016-03-13 04:50:00,50,4,False
2016-03-13 05:00:00,60,5,False
2016-03-13 05:10:00,40,5,False
2016-03-13 05:20:00,60,5,False
2016-03-13 05:30:00,60,5,False
2016-03-13 05:40:00,50,5,False
2016-03-13 05:50:00,70,5,False
2016-03-13 06:00:00,50,6,False
2016-03-13 06:10:00,50,6,False
2016-03-13 06:20:00,50,6,False
2016-03-13 06:30:00,50,6,False
2016-03-13 06:40:00,30,6,False
2016-03-13 06:50:00,40,6,False
2016-03-13 07:00:00,40,7,False
2016-03-13 07:10:00,40,7,False
2016-03-13 07:20:00,60,7,False
2016-03-13 07:30:00,70,7,False
2016-03-13 07:40:00,60,7,False
2016-03-13 07:50:00,60,7,False
2016-03-13 08:00:00,60,8,False
2016-03-13 08:10:00,70,8,False
2016-03-13 08:20:00,70,8,False
2016-03-13 08:30:00,70,8,False
2016-03-13 08:40:00,70,8,False
2016-03-13 08:50:00,50,8,False
2016-03-13 09:00:00,60,9,False
2016-03-13 09:10:00,60,9,False
2016-03-13 09:20:00,30,9,False
2016-03-13 09:30:00,60,9,False
2016-03-13 09:40:00,100,9,False
2016-03-13 09:50:00,120,9,False
2016-03-13 10:00:00,100,10,False
2016-03-13 10:10:00,90,10,False
2016-03-13 10:20:00,100,10,False
2016-03-13 10:30:00,130,10,False
2016-03-13 10:40:00,130,10,False
2016-03-13 10:50:00,130,10,False
2016-03-13 11:00:00,130,11,False
2016-03-13 11:10:00,140,11,False
2016-03-13 11:20:00,110,11,False
2016-03-13 11:30:00,60,11,False
2016-03-13 11:40:00,60,11,False
2016-03-13 11:50:00,50,11,False
2016-03-13 12:00:00,60,12,False
2016-03-13 12:10:00,70,12,False
2016-03-13 12:20:00,70,12,False
2016-03-13 12:30:00,70,12,False
2016-03-13 12:40:00,60,12,False
2016-03-13 12:50:00,60,12,False
2016-03-13 13:00:00,60,13,False
2016-03-13 13:10:00,60,13,False
2016-03-13 13:20:00,60,13,False
2016-03-13 13:30:00,70,13,False
2016-03-13 13:40:00,70,13,False
2016-03-13 13:50:00,70,13,False
2016-03-13 14:00:00,40,14,False
2016-03-13 14:10:00,40,14,False
2016-03-13 14:20:00,50,14,False
2016-03-13 14:30:00,40,14,False
2016-03-13 14:40:00,70,14,False
2016-03-13 14:50:00,70,14,False
2016-03-13 15:00:00,70,15,False
2016-03-13 15:10:00,60,15,False
2016-03-13 15:20:00,70,15,False
2016-03-13 15:30:00,60,15,False
2016-03-13 15:40:00,70,15,False
2016-03-13 15:50:00,50,15,False
2016-03-13 16:00:00,70,16,False
2016-03-13 16:10:00,70,16,False
2016-03-13 16:20:00,70,16,False
2016-03-13 16:30:00,70,16,False
2016-03-13 16:40:00,40,16,False
2016-03-13 16:50:00,40,16,False
2016-03-13 17:00:00,40,17,False
2016-03-13 17:10:00,40,17,False
2016-03-13 17:20:00,70,17,False
2016-03-13 17:30:00,70,17,False
2016-03-13 17:40:00,80,17,False
2016-03-13 17:50:00,90,17,False
2016-03-13 18:00:00,80,18,False
2016-03-13 18:10:00,90,18,False
2016-03-13 18:20:00,100,18,False
2016-03-13 18:30:00,100,18,False
2016-03-13 18:40:00,130,18,False
2016-03-13 18:50:00,140,18,False
2016-03-13 19:00:00,140,19,False
2016-03-13 19:10:00,130,19,False
2016-03-13 19:20:00,120,19,False
2016-03-13 19:30:00,110,19,False
2016-03-13 19:40:00,80,19,False
2016-03-13 19:50:00,90,19,False
2016-03-13 20:00:00,100,20,False
2016-03-13 20:10:00,120,20,False
2016-03-13 20:20:00,130,20,False
2016-03-13 20:30:00,120,20,False
2016-03-13 20:40:00,120,20,False
2016-03-13 20:50:00,110,20,False
2016-03-13 21:00:00,100,21,False
2016-03-13 21:10:00,70,21,False
2016-03-13 21:20:00,80,21,False
2016-03-13 21:30:00,90,21,False
2016-03-13 21:40:00,80,21,False
2016-03-13 21:50:00,70,21,False
2016-03-13 22:00:00,60,22,False
2016-03-13 22:10:00,50,22,False
2016-03-13 22:20:00,30,22,False
2016-03-13 22:30:00,40,22,False
2016-03-13 22:40:00,70,22,False
2016-03-13 22:50:00,50,22,False
2016-03-13 23:00:00,50,23,False
2016-03-13 23:10:00,50,23,False
2016-03-13 23:20:00,40,23,False
2016-03-13 23:30:00,50,23,False
2016-03-13 23:40:00,50,23,False
2016-03-13 23:50:00,50,23,False
2016-03-14 00:00:00,50,0,False
2016-03-14 00:10:00,50,0,False
2016-03-14 00:20:00,30,0,False
2016-03-14 00:30:00,20,0,False
2016-03-14 00:40:00,30,0,False
2016-03-14 00:50:00,40,0,False
2016-03-14 01:00:00,50,1,False
2016-03-14 01:10:00,50,1,False
2016-03-14 01:20:00,50,1,False
2016-03-14 01:30:00,60,1,False
2016-03-14 01:40:00,40,1,False
2016-03-14 01:50:00,40,1,False
2016-03-14 02:00:00,50,2,False
2016-03-14 02:10:00,50,2,False
2016-03-14 02:20:00,60,2,False
2016-03-14 02:30:00,40,2,False
2016-03-14 02:40:00,50,2,False
2016-03-14 02:50:00,30,2,False
2016-03-14 03:00:00,20,3,False
2016-03-14 03:10:00,30,3,False
2016-03-14 03:20:00,40,3,False
2016-03-14 03:30:00,50,3,False
2016-03-14 03:40:00,50,3,False
2016-03-14 03:50:00,50,3,False
2016-03-14 04:00:00,60,4,False
2016-03-14 04:10:00,50,4,False
2016-03-14 04:20:00,50,4,False
2016-03-14 04:30:00,50,4,False
2016-03-14 04:40:00,40,4,False
2016-03-14 04:50:00,50,4,False
2016-03-14 05:00:00,50,5,False
2016-03-14 05:10:00,40,5,False
2016-03-14 05:20:00,30,5,False
2016-03-14 05:30:00,30,5,False
2016-03-14 05:40:00,20,5,False
2016-03-14 05:50:00,50,5,False
2016-03-14 06:00:00,50,6,False
2016-03-14 06:10:00,40,6,False
2016-03-14 06:20:00,50,6,False
2016-03-14 06:30:00,50,6,False
2016-03-14 06:40:00,50,6,False
2016-03-14 06:50:00,60,6,False
2016-03-14 07:00:00,40,7,False
2016-03-14 07:10:00,90,7,False
2016-03-14 07:20:00,40,7,False
2016-03-14 07:30:00,40,7,False
2016-03-14 07:40:00,30,7,False
2016-03-14 07:50:00,30,7,False
2016-03-14 08:00:00,30,8,False
2016-03-14 08:10:00,80,8,False
2016-03-14 08:20:00,380,8,True
2016-03-14 08:30:00,310,8,True
2016-03-14 08:40:00,410,8,True
2016-03-14 08:50:00,190,8,True
2016-03-14 09:00:00,130,9,False
2016-03-14 09:10:00,290,9,True
2016-03-14 09:20:00,80,9,False
2016-03-14 09:30:00,100,9,False
2016-03-14 09:40:00,60,9,False
2016-03-14 09:50:00,280,9,True
2016-03-14 10:00:00,740,10,True
2016-03-14 10:10:00,860,10,True
2016-03-14 10:20:00,490,10,True
2016-03-14 10:30:00,280,10,True
2016-03-14 10:40:00,280,10,True
2016-03-14 10:50:00,260,10,True
2016-03-14 11:00:00,250,11,True
2016-03-14 11:10:00,220,11,True
2016-03-14 11:20:00,110,11,False
2016-03-14 11:30:00,310,11,True
2016-03-14 11:40:00,270,11,True
2016-03-14 11:50:00,100,11,False
2016-03-14 12:00:00,70,12,False
2016-03-14 12:10:00,60,12,False
2016-03-14 12:20:00,60,12,False
2016-03-14 12:30:00,50,12,False
2016-03-14 12:40:00,80,12,False
2016-03-14 12:50:00,230,12,True
2016-03-14 13:00:00,710,13,True
2016-03-14 13:10:00,570,13,True
2016-03-14 13:20:00,300,13,True
2016-03-14 13:30:00,230,13,True
2016-03-14 13:40:00,240,13,True
2016-03-14 13:50:00,220,13,True
2016-03-14 14:00:00,180,14,True
2016-03-14 14:10:00,100,14,False
2016-03-14 14:20:00,240,14,True
2016-03-14 14:30:00,690,14,True
2016-03-14 14:40:00,490,14,True
2016-03-14 14:50:00,320,14,True
2016-03-14 15:00:00,240,15,True
2016-03-14 15:10:00,270,15,True
2016-03-14 15:20:00,230,15,True
2016-03-14 15:30:00,220,15,True
2016-03-14 15:40:00,190,15,True
2016-03-14 15:50:00,80,15,False
2016-03-14 16:00:00,240,16,True
2016-03-14 16:10:00,460,16,True
2016-03-14 16:20:00,590,16,True
2016-03-14 16:30:00,550,16,True
2016-03-14 16:40:00,560,16,True
2016-03-14 16:50:00,350,16,True
2016-03-14 17:00:00,250,17,True
2016-03-14 17:10:00,210,17,True
2016-03-14 17:20:00,150,17,False
2016-03-14 17:30:00,80,17,False
2016-03-14 17:40:00,210,17,True
2016-03-14 17:50:00,580,17,True
2016-03-14 18:00:00,310,18,True
2016-03-14 18:10:00,270,18,True
2016-03-14 18:20:00,250,18,True
2016-03-14 18:30:00,380,18,True
2016-03-14 18:40:00,470,18,True
2016-03-14 18:50:00,290,18,True
2016-03-14 19:00:00,80,19,False
2016-03-14 19:10:00,90,19,False
2016-03-14 19:20:00,100,19,False
2016-03-14 19:30:00,100,19,False
2016-03-14 19:40:00,110,19,False
2016-03-14 19:50:00,110,19,False
2016-03-14 20:00:00,140,20,False
2016-03-14 20:10:00,110,20,False
2016-03-14 20:20:00,110,20,False
2016-03-14 20:30:00,90,20,False
2016-03-14 20:40:00,110,20,False
2016-03-14 20:50:00,90,20,False
2016-03-14 21:00:00,100,21,False
2016-03-14 21:10:00,120,21,False
2016-03-14 21:20:00,110,21,False
2016-03-14 21:30:00,100,21,False
2016-03-14 21:40:00,100,21,False
2016-03-14 21:50:00,120,21,False
2016-03-14 22:00:00,110,22,False
2016-03-14 22:10:00,90,22,False
2016-03-14 22:20:00,70,22,False
2016-03-14 22:30:00,60,22,False
2016-03-14 22:40:00,70,22,False
2016-03-14 22:50:00,60,22,False
2016-03-14 23:00:00,50,23,False
2016-03-14 23:10:00,60,23,False
2016-03-14 23:20:00,60,23,False
2016-03-14 23:30:00,60,23,False
2016-03-14 23:40:00,70,23,False
2016-03-14 23:50:00,70,23,False
2016-03-15 00:00:00,50,0,False
2016-03-15 00:10:00,60,0,False
2016-03-15 00:20:00,40,0,False
2016-03-15 00:30:00,40,0,False
2016-03-15 00:40:00,20,0,False
2016-03-15 00:50:00,30,0,False
2016-03-15 01:00:00,30,1,False
2016-03-15 01:10:00,60,1,False
2016-03-15 01:20:00,50,1,False
2016-03-15 01:30:00,50,1,False
2016-03-15 01:40:00,50,1,False
2016-03-15 01:50:00,50,1,False
2016-03-15 02:00:00,40,2,False
2016-03-15 02:10:00,50,2,False
2016-03-15 02:20:00,40,2,False
2016-03-15 02:30:00,50,2,False
2016-03-15 02:40:00,60,2,False
2016-03-15 02:50:00,50,2,False
2016-03-15 03:00:00,50,3,False
2016-03-15 03:10:00,40,3,False
2016-03-15 03:20:00,40,3,False
2016-03-15 03:30:00,30,3,False
2016-03-15 03:40:00,30,3,False
2016-03-15 03:50:00,30,3,False
2016-03-15 04:00:00,40,4,False
2016-03-15 04:10:00,60,4,False
2016-03-15 04:20:00,50,4,False
2016-03-15 04:30:00,50,4,False
2016-03-15 04:40:00,50,4,False
2016-03-15 04:50:00,40,4,False
2016-03-15 05:00:00,50,5,False
2016-03-15 05:10:00,50,5,False
2016-03-15 05:20:00,60,5,False
2016-03-15 05:30:00,50,5,False
2016-03-15 05:40:00,40,5,False
2016-03-15 05:50:00,60,5,False
2016-03-15 06:00:00,40,6,False
2016-03-15 06:10:00,50,6,False
2016-03-15 06:20:00,40,6,False
2016-03-15 06:30:00,50,6,False
2016-03-15 06:40:00,40,6,False
2016-03-15 06:50:00,40,6,False
2016-03-15 07:00:00,130,7,False
2016-03-15 07:10:00,330,7,True
2016-03-15 07:20:00,220,7,True
2016-03-15 07:30:00,110,7,False
2016-03-15 07:40:00,60,7,False
2016-03-15 07:50:00,60,7,False
2016-03-15 08:00:00,70,8,False
2016-03-15 08:10:00,60,8,False
2016-03-15 08:20:00,70,8,False
2016-03-15 08:30:00,40,8,False
2016-03-15 08:40:00,50,8,False
2016-03-15 08:50:00,50,8,False
2016-03-15 09:00:00,210,9,True
2016-03-15 09:10:00,160,9,False
2016-03-15 09:20:00,50,9,False
2016-03-15 09:30:00,70,9,False
2016-03-15 09:40:00,80,9,False
2016-03-15 09:50:00,50,9,False
2016-03-15 10:00:00,50,10,False
2016-03-15 10:10:00,50,10,False
2016-03-15 10:20:00,60,10,False
2016-03-15 10:30:00,60,10,False
2016-03-15 10:40:00,70,10,False
2016-03-15 10:50:00,60,10,False
2016-03-15 11:00:00,60,11,False
2016-03-15 11:10:00,60,11,False
2016-03-15 11:20:00,50,11,False
2016-03-15 11:30:00,40,11,False
2016-03-15 11:40:00,40,11,False
2016-03-15 11:50:00,40,11,False
2016-03-15 12:00:00,40,12,False
2016-03-15 12:10:00,60,12,False
2016-03-15 12:20:00,150,12,False
2016-03-15 12:30:00,280,12,True
2016-03-15 12:40:00,100,12,False
2016-03-15 12:50:00,90,12,False
2016-03-15 13:00:00,130,13,False
2016-03-15 13:10:00,120,13,False
2016-03-15 13:20:00,50,13,False
2016-03-15 13:30:00,70,13,False
2016-03-15 13:40:00,50,13,False
2016-03-15 13:50:00,50,13,False
2016-03-15 14:00:00,50,14,False
2016-03-15 14:10:00,50,14,False
2016-03-15 14:20:00,50,14,False
2016-03-15 14:30:00,60,14,False
2016-03-15 14:40:00,60,14,False
2016-03-15 14:50:00,50,14,False
2016-03-15 15:00:00,40,15,False
2016-03-15 15:10:00,70,15,False
2016-03-15 15:20:00,70,15,False
2016-03-15 15:30:00,70,15,False
2016-03-15 15:40:00,50,15,False
2016-03-15 15:50:00,50,15,False
2016-03-15 16:00:00,60,16,False
2016-03-15 16:10:00,70,16,False
2016-03-15 16:20:00,130,16,False
2016-03-15 16:30:00,360,16,True
2016-03-15 16:40:00,90,16,False
2016-03-15 16:50:00,100,16,False
2016-03-15 17:00:00,60,17,False
2016-03-15 17:10:00,80,17,False
2016-03-15 17:20:00,70,17,False
2016-03-15 17:30:00,270,17,True
2016-03-15 17:40:00,210,17,True
2016-03-15 17:50:00,150,17,False
2016-03-15 18:00:00,130,18,False
2016-03-15 18:10:00,210,18,True
2016-03-15 18:20:00,550,18,True
2016-03-15 18:30:00,470,18,True
2016-03-15 18:40:00,280,18,True
2016-03-15 18:50:00,120,18,False
2016-03-15 19:00:00,100,19,False
2016-03-15 19:10:00,370,19,True
2016-03-15 19:20:00,140,19,False
2016-03-15 19:30:00,470,19,True
2016-03-15 19:40:00,130,19,False
2016-03-15 19:50:00,280,19,True
2016-03-15 20:00:00,350,20,True
2016-03-15 20:10:00,170,20,False
2016-03-15 20:20:00,120,20,False
2016-03-15 20:30:00,100,20,False
2016-03-15 20:40:00,120,20,False
2016-03-15 20:50:00,400,20,True
2016-03-15 21:00:00,310,21,True
2016-03-15 21:10:00,130,21,False
2016-03-15 21:20:00,110,21,False
2016-03-15 21:30:00,120,21,False
2016-03-15 21:40:00,90,21,False
2016-03-15 21:50:00,80,21,False
2016-03-15 22:00:00,90,22,False
2016-03-15 22:10:00,70,22,False
2016-03-15 22:20:00,60,22,False
2016-03-15 22:30:00,50,22,False
2016-03-15 22:40:00,40,22,False
2016-03-15 22:50:00,60,22,False
2016-03-15 23:00:00,60,23,False
2016-03-15 23:10:00,60,23,False
2016-03-15 23:20:00,60,23,False
2016-03-15 23:30:00,60,23,False
2016-03-15 23:40:00,60,23,False
2016-03-15 23:50:00,70,23,False
2016-03-16 00:00:00,70,0,False
2016-03-16 00:10:00,70,0,False
2016-03-16 00:20:00,60,0,False
2016-03-16 00:30:00,60,0,False
2016-03-16 00:40:00,60,0,False
2016-03-16 00:50:00,40,0,False
2016-03-16 01:00:00,30,1,False
2016-03-16 01:10:00,50,1,False
2016-03-16 01:20:00,60,1,False
2016-03-16 01:30:00,80,1,False
2016-03-16 01:40:00,60,1,False
2016-03-16 01:50:00,50,1,False
2016-03-16 02:00:00,60,2,False
2016-03-16 02:10:00,40,2,False
2016-03-16 02:20:00,50,2,False
2016-03-16 02:30:00,50,2,False
2016-03-16 02:40:00,50,2,False
2016-03-16 02:50:00,60,2,False
2016-03-16 03:00:00,50,3,False
2016-03-16 03:10:00,40,3,False
2016-03-16 03:20:00,40,3,False
2016-03-16 03:30:00,30,3,False
2016-03-16 03:40:00,20,3,False
2016-03-16 03:50:00,30,3,False
2016-03-16 04:00:00,60,4,False
2016-03-16 04:10:00,50,4,False
2016-03-16 04:20:00,60,4,False
2016-03-16 04:30:00,40,4,False
2016-03-16 04:40:00,50,4,False
2016-03-16 04:50:00,50,4,False
2016-03-16 05:00:00,40,5,False
2016-03-16 05:10:00,50,5,False
2016-03-16 05:20:00,60,5,False
2016-03-16 05:30:00,40,5,False
2016-03-16 05:40:00,50,5,False
2016-03-16 05:50:00,40,5,False
2016-03-16 06:00:00,50,6,False
2016-03-16 06:10:00,50,6,False
2016-03-16 06:20:00,30,6,False
2016-03-16 06:30:00,30,6,False
2016-03-16 06:40:00,30,6,False
2016-03-16 06:50:00,50,6,False
2016-03-16 07:00:00,60,7,False
2016-03-16 07:10:00,60,7,False
2016-03-16 07:20:00,180,7,True
2016-03-16 07:30:00,350,7,True
2016-03-16 07:40:00,180,7,True
2016-03-16 07:50:00,110,7,False
2016-03-16 08:00:00,100,8,False
2016-03-16 08:10:00,70,8,False
2016-03-16 08:20:00,90,8,False
2016-03-16 08:30:00,80,8,False
2016-03-16 08:40:00,90,8,False
2016-03-16 08:50:00,70,8,False
2016-03-16 09:00:00,370,9,True
2016-03-16 09:10:00,780,9,True
2016-03-16 09:20:00,460,9,True
2016-03-16 09:30:00,370,9,True
2016-03-16 09:40:00,300,9,True
2016-03-16 09:50:00,320,9,True
2016-03-16 10:00:00,300,10,True
2016-03-16 10:10:00,210,10,True
2016-03-16 10:20:00,120,10,False
2016-03-16 10:30:00,50,10,False
2016-03-16 10:40:00,180,10,True
2016-03-16 10:50:00,200,10,True
2016-03-16 11:00:00,230,11,True
2016-03-16 11:10:00,110,11,False
2016-03-16 11:20:00,50,11,False
2016-03-16 11:30:00,70,11,False
2016-03-16 11:40:00,130,11,False
2016-03-16 11:50:00,50,11,False
2016-03-16 12:00:00,80,12,False
2016-03-16 12:10:00,90,12,False
2016-03-16 12:20:00,70,12,False
2016-03-16 12:30:00,300,12,True
2016-03-16 12:40:00,100,12,False
2016-03-16 12:50:00,40,12,False
2016-03-16 13:00:00,160,13,False
2016-03-16 13:10:00,90,13,False
2016-03-16 13:20:00,120,13,False
2016-03-16 13:30:00,90,13,False
2016-03-16 13:40:00,100,13,False
2016-03-16 13:50:00,90,13,False
2016-03-16 14:00:00,530,14,True
2016-03-16 14:10:00,710,14,True
2016-03-16 14:20:00,420,14,True
2016-03-16 14:30:00,340,14,True
2016-03-16 14:40:00,340,14,True
2016-03-16 14:50:00,270,14,True
2016-03-16 15:00:00,300,15,True
2016-03-16 15:10:00,210,15,True
2016-03-16 15:20:00,130,15,False
2016-03-16 15:30:00,80,15,False
2016-03-16 15:40:00,90,15,False
2016-03-16 15:50:00,110,15,False
2016-03-16 16:00:00,90,16,False
2016-03-16 16:10:00,70,16,False
2016-03-16 16:20:00,90,16,False
2016-03-16 16:30:00,100,16,False
2016-03-16 16:40:00,90,16,False
2016-03-16 16:50:00,640,16,True
2016-03-16 17:00:00,600,17,True
2016-03-16 17:10:00,330,17,True
2016-03-16 17:20:00,350,17,True
2016-03-16 17:30:00,320,17,True
2016-03-16 17:40:00,420,17,True
2016-03-16 17:50:00,510,17,True
2016-03-16 18:00:00,740,18,True
2016-03-16 18:10:00,590,18,True
2016-03-16 18:20:00,390,18,True
2016-03-16 18:30:00,760,18,True
2016-03-16 18:40:00,560,18,True
2016-03-16 18:50:00,340,18,True
2016-03-16 19:00:00,320,19,True
2016-03-16 19:10:00,270,19,True
2016-03-16 19:20:00,180,19,True
2016-03-16 19:30:00,140,19,False
2016-03-16 19:40:00,130,19,False
2016-03-16 19:50:00,140,19,False
2016-03-16 20:00:00,120,20,False
2016-03-16 20:10:00,130,20,False
2016-03-16 20:20:00,140,20,False
2016-03-16 20:30:00,160,20,False
2016-03-16 20:40:00,140,20,False
2016-03-16 20:50:00,140,20,False
2016-03-16 21:00:00,130,21,False
2016-03-16 21:10:00,120,21,False
2016-03-16 21:20:00,70,21,False
2016-03-16 21:30:00,90,21,False
2016-03-16 21:40:00,100,21,False
2016-03-16 21:50:00,90,21,False
2016-03-16 22:00:00,90,22,False
2016-03-16 22:10:00,40,22,False
2016-03-16 22:20:00,60,22,False
2016-03-16 22:30:00,40,22,False
2016-03-16 22:40:00,40,22,False
2016-03-16 22:50:00,30,22,False
2016-03-16 23:00:00,30,23,False
2016-03-16 23:10:00,40,23,False
2016-03-16 23:20:00,50,23,False
2016-03-16 23:30:00,50,23,False
2016-03-16 23:40:00,60,23,False
2016-03-16 23:50:00,40,23,False
2016-03-17 00:00:00,60,0,False
2016-03-17 00:10:00,40,0,False
2016-03-17 00:20:00,60,0,False
2016-03-17 00:30:00,50,0,False
2016-03-17 00:40:00,60,0,False
2016-03-17 00:50:00,50,0,False
2016-03-17 01:00:00,50,1,False
2016-03-17 01:10:00,50,1,False
2016-03-17 01:20:00,50,1,False
2016-03-17 01:30:00,40,1,False
2016-03-17 01:40:00,60,1,False
2016-03-17 01:50:00,50,1,False
2016-03-17 02:00:00,50,2,False
2016-03-17 02:10:00,50,2,False
2016-03-17 02:20:00,30,2,False
2016-03-17 02:30:00,30,2,False
2016-03-17 02:40:00,30,2,False
2016-03-17 02:50:00,30,2,False
2016-03-17 03:00:00,60,3,False
2016-03-17 03:10:00,50,3,False
2016-03-17 03:20:00,50,3,False
2016-03-17 03:30:00,50,3,False
2016-03-17 03:40:00,50,3,False
2016-03-17 03:50:00,50,3,False
2016-03-17 04:00:00,50,4,False
2016-03-17 04:10:00,40,4,False
2016-03-17 04:20:00,40,4,False
2016-03-17 04:30:00,60,4,False
2016-03-17 04:40:00,50,4,False
2016-03-17 04:50:00,60,4,False
2016-03-17 05:00:00,50,5,False
2016-03-17 05:10:00,40,5,False
2016-03-17 05:20:00,50,5,False
2016-03-17 05:30:00,50,5,False
2016-03-17 05:40:00,50,5,False
2016-03-17 05:50:00,20,5,False
2016-03-17 06:00:00,40,6,False
2016-03-17 06:10:00,30,6,False
2016-03-17 06:20:00,40,6,False
2016-03-17 06:30:00,50,6,False
2016-03-17 06:40:00,50,6,False
2016-03-17 06:50:00,60,6,False
2016-03-17 07:00:00,50,7,False
2016-03-17 07:10:00,60,7,False
2016-03-17 07:20:00,60,7,False
2016-03-17 07:30:00,90,7,False
2016-03-17 07:40:00,70,7,False
2016-03-17 07:50:00,50,7,False
2016-03-17 08:00:00,40,8,False
2016-03-17 08:10:00,70,8,False
2016-03-17 08:20:00,330,8,True
2016-03-17 08:30:00,260,8,True
2016-03-17 08:40:00,200,8,True
2016-03-17 08:50:00,150,8,False
2016-03-17 09:00:00,70,9,False
2016-03-17 09:10:00,60,9,False
2016-03-17 09:20:00,80,9,False
2016-03-17 09:30:00,70,9,False
2016-03-17 09:40:00,80,9,False
2016-03-17 09:50:00,80,9,False
2016-03-17 10:00:00,80,10,False
2016-03-17 10:10:00,80,10,False
2016-03-17 10:20:00,260,10,True
2016-03-17 10:30:00,420,10,True
2016-03-17 10:40:00,150,10,False
2016-03-17 10:50:00,60,10,False
2016-03-17 11:00:00,60,11,False
2016-03-17 11:10:00,60,11,False
2016-03-17 11:20:00,60,11,False
2016-03-17 11:30:00,40,11,False
2016-03-17 11:40:00,50,11,False
2016-03-17 11:50:00,40,11,False
2016-03-17 12:00:00,180,12,True
2016-03-17 12:10:00,100,12,False
2016-03-17 12:20:00,60,12,False
2016-03-17 12:30:00,60,12,False
2016-03-17 12:40:00,60,12,False
2016-03-17 12:50:00,80,12,False
2016-03-17 13:00:00,70,13,False
2016-03-17 13:10:00,50,13,False
2016-03-17 13:20:00,50,13,False
2016-03-17 13:30:00,50,13,False
2016-03-17 13:40:00,50,13,False
2016-03-17 13:50:00,40,13,False
2016-03-17 14:00:00,60,14,False
2016-03-17 14:10:00,50,14,False
2016-03-17 14:20:00,60,14,False
2016-03-17 14:30:00,60,14,False
2016-03-17 14:40:00,40,14,False
2016-03-17 14:50:00,50,14,False
2016-03-17 15:00:00,50,15,False
2016-03-17 15:10:00,60,15,False
2016-03-17 15:20:00,80,15,False
2016-03-17 15:30:00,80,15,False
2016-03-17 15:40:00,70,15,False
2016-03-17 15:50:00,80,15,False
2016-03-17 16:00:00,80,16,False
2016-03-17 16:10:00,100,16,False
2016-03-17 16:20:00,80,16,False
2016-03-17 16:30:00,80,16,False
2016-03-17 16:40:00,90,16,False
2016-03-17 16:50:00,90,16,False
2016-03-17 17:00:00,100,17,False
2016-03-17 17:10:00,110,17,False
2016-03-17 17:20:00,90,17,False
2016-03-17 17:30:00,100,17,False
2016-03-17 17:40:00,80,17,False
2016-03-17 17:50:00,70,17,False
2016-03-17 18:00:00,110,18,False
2016-03-17 18:10:00,100,18,False
2016-03-17 18:20:00,360,18,True
2016-03-17 18:30:00,350,18,True
2016-03-17 18:40:00,190,18,True
2016-03-17 18:50:00,590,18,True
2016-03-17 19:00:00,90,19,False
2016-03-17 19:10:00,110,19,False
2016-03-17 19:20:00,110,19,False
2016-03-17 19:30:00,140,19,False
2016-03-17 19:40:00,130,19,False
2016-03-17 19:50:00,180,19,True
2016-03-17 20:00:00,130,20,False
2016-03-17 20:10:00,140,20,False
2016-03-17 20:20:00,140,20,False
2016-03-17 20:30:00,120,20,False
2016-03-17 20:40:00,150,20,False
2016-03-17 20:50:00,130,20,False
2016-03-17 21:00:00,130,21,False
2016-03-17 21:10:00,110,21,False
2016-03-17 21:20:00,90,21,False
2016-03-17 21:30:00,70,21,False
2016-03-17 21:40:00,70,21,False
2016-03-17 21:50:00,100,21,False
2016-03-17 22:00:00,80,22,False
2016-03-17 22:10:00,80,22,False
2016-03-17 22:20:00,60,22,False
2016-03-17 22:30:00,70,22,False
2016-03-17 22:40:00,70,22,False
2016-03-17 22:50:00,60,22,False
2016-03-17 23:00:00,70,23,False
2016-03-17 23:10:00,50,23,False
2016-03-17 23:20:00,60,23,False
2016-03-17 23:30:00,60,23,False
2016-03-17 23:40:00,70,23,False
2016-03-17 23:50:00,70,23,False
2016-03-18 00:00:00,50,0,False
2016-03-18 00:10:00,40,0,False
2016-03-18 00:20:00,30,0,False
2016-03-18 00:30:00,30,0,False
2016-03-18 00:40:00,30,0,False
2016-03-18 00:50:00,50,0,False
2016-03-18 01:00:00,50,1,False
2016-03-18 01:10:00,50,1,False
2016-03-18 01:20:00,60,1,False
2016-03-18 01:30:00,50,1,False
2016-03-18 01:40:00,50,1,False
2016-03-18 01:50:00,50,1,False
2016-03-18 02:00:00,40,2,False
2016-03-18 02:10:00,50,2,False
2016-03-18 02:20:00,50,2,False
2016-03-18 02:30:00,60,2,False
2016-03-18 02:40:00,60,2,False
2016-03-18 02:50:00,50,2,False
2016-03-18 03:00:00,50,3,False
2016-03-18 03:10:00,40,3,False
2016-03-18 03:20:00,20,3,False
2016-03-18 03:30:00,30,3,False
2016-03-18 03:40:00,30,3,False
2016-03-18 03:50:00,50,3,False
2016-03-18 04:00:00,60,4,False
2016-03-18 04:10:00,40,4,False
2016-03-18 04:20:00,50,4,False
2016-03-18 04:30:00,50,4,False
2016-03-18 04:40:00,50,4,False
2016-03-18 04:50:00,50,4,False
2016-03-18 05:00:00,50,5,False
2016-03-18 05:10:00,50,5,False
2016-03-18 05:20:00,50,5,False
2016-03-18 05:30:00,50,5,False
2016-03-18 05:40:00,50,5,False
2016-03-18 05:50:00,40,5,False
2016-03-18 06:00:00,50,6,False
2016-03-18 06:10:00,50,6,False
2016-03-18 06:20:00,50,6,False
2016-03-18 06:30:00,50,6,False
2016-03-18 06:40:00,30,6,False
2016-03-18 06:50:00,50,6,False
2016-03-18 07:00:00,20,7,False
2016-03-18 07:10:00,60,7,False
2016-03-18 07:20:00,80,7,False
2016-03-18 07:30:00,90,7,False
2016-03-18 07:40:00,50,7,False
2016-03-18 07:50:00,60,7,False
2016-03-18 08:00:00,60,8,False
2016-03-18 08:10:00,50,8,False
2016-03-18 08:20:00,50,8,False
2016-03-18 08:30:00,50,8,False
2016-03-18 08:40:00,40,8,False
2016-03-18 08:50:00,50,8,False
2016-03-18 09:00:00,50,9,False
2016-03-18 09:10:00,70,9,False
2016-03-18 09:20:00,50,9,False
2016-03-18 09:30:00,30,9,False
2016-03-18 09:40:00,30,9,False
2016-03-18 09:50:00,30,9,False
2016-03-18 10:00:00,40,10,False
2016-03-18 10:10:00,40,10,False
2016-03-18 10:20:00,60,10,False
2016-03-18 10:30:00,60,10,False
2016-03-18 10:40:00,50,10,False
2016-03-18 10:50:00,70,10,False
2016-03-18 11:00:00,40,11,False
2016-03-18 11:10:00,60,11,False
2016-03-18 11:20:00,50,11,False
2016-03-18 11:30:00,40,11,False
2016-03-18 11:40:00,60,11,False
2016-03-18 11:50:00,50,11,False
2016-03-18 12:00:00,130,12,False
2016-03-18 12:10:00,90,12,False
2016-03-18 12:20:00,70,12,False
2016-03-18 12:30:00,70,12,False
2016-03-18 12:40:00,70,12,False
2016-03-18 12:50:00,70,12,False
2016-03-18 13:00:00,60,13,False
2016-03-18 13:10:00,60,13,False
2016-03-18 13:20:00,60,13,False
2016-03-18 13:30:00,60,13,False
2016-03-18 13:40:00,50,13,False
2016-03-18 13:50:00,50,13,False
2016-03-18 14:00:00,50,14,False
2016-03-18 14:10:00,50,14,False
2016-03-18 14:20:00,40,14,False
2016-03-18 14:30:00,60,14,False
2016-03-18 14:40:00,50,14,False
2016-03-18 14:50:00,60,14,False
2016-03-18 15:00:00,50,15,False
2016-03-18 15:10:00,60,15,False
2016-03-18 15:20:00,50,15,False
2016-03-18 15:30:00,40,15,False
2016-03-18 15:40:00,50,15,False
2016-03-18 15:50:00,50,15,False
2016-03-18 16:00:00,60,16,False
2016-03-18 16:10:00,50,16,False
2016-03-18 16:20:00,50,16,False
2016-03-18 16:30:00,50,16,False
2016-03-18 16:40:00,50,16,False
2016-03-18 16:50:00,80,16,False
2016-03-18 17:00:00,80,17,False
2016-03-18 17:10:00,90,17,False
2016-03-18 17:20:00,90,17,False
2016-03-18 17:30:00,80,17,False
2016-03-18 17:40:00,80,17,False
2016-03-18 17:50:00,70,17,False
2016-03-18 18:00:00,70,18,False
2016-03-18 18:10:00,240,18,True
2016-03-18 18:20:00,250,18,True
2016-03-18 18:30:00,100,18,False
2016-03-18 18:40:00,110,18,False
2016-03-18 18:50:00,130,18,False
2016-03-18 19:00:00,120,19,False
2016-03-18 19:10:00,120,19,False
2016-03-18 19:20:00,110,19,False
2016-03-18 19:30:00,120,19,False
2016-03-18 19:40:00,110,19,False
2016-03-18 19:50:00,110,19,False
2016-03-18 20:00:00,130,20,False
2016-03-18 20:10:00,110,20,False
2016-03-18 20:20:00,110,20,False
2016-03-18 20:30:00,80,20,False
2016-03-18 20:40:00,80,20,False
2016-03-18 20:50:00,80,20,False
2016-03-18 21:00:00,70,21,False
2016-03-18 21:10:00,90,21,False
2016-03-18 21:20:00,80,21,False
2016-03-18 21:30:00,70,21,False
2016-03-18 21:40:00,80,21,False
2016-03-18 21:50:00,80,21,False
2016-03-18 22:00:00,80,22,False
2016-03-18 22:10:00,50,22,False
2016-03-18 22:20:00,60,22,False
2016-03-18 22:30:00,30,22,False
2016-03-18 22:40:00,30,22,False
2016-03-18 22:50:00,40,22,False
2016-03-18 23:00:00,30,23,False
2016-03-18 23:10:00,60,23,False
2016-03-18 23:20:00,50,23,False
2016-03-18 23:30:00,80,23,False
2016-03-18 23:40:00,50,23,False
2016-03-18 23:50:00,50,23,False
2016-03-19 00:00:00,60,0,False
2016-03-19 00:10:00,50,0,False
2016-03-19 00:20:00,60,0,False
2016-03-19 00:30:00,50,0,False
2016-03-19 00:40:00,50,0,False
2016-03-19 00:50:00,50,0,False
2016-03-19 01:00:00,40,1,False
2016-03-19 01:10:00,50,1,False
2016-03-19 01:20:00,60,1,False
2016-03-19 01:30:00,50,1,False
2016-03-19 01:40:00,40,1,False
2016-03-19 01:50:00,40,1,False
2016-03-19 02:00:00,30,2,False
2016-03-19 02:10:00,30,2,False
2016-03-19 02:20:00,50,2,False
2016-03-19 02:30:00,50,2,False
2016-03-19 02:40:00,50,2,False
2016-03-19 02:50:00,50,2,False
2016-03-19 03:00:00,60,3,False
2016-03-19 03:10:00,50,3,False
2016-03-19 03:20:00,50,3,False
2016-03-19 03:30:00,60,3,False
2016-03-19 03:40:00,50,3,False
2016-03-19 03:50:00,50,3,False
2016-03-19 04:00:00,40,4,False
2016-03-19 04:10:00,40,4,False
2016-03-19 04:20:00,60,4,False
2016-03-19 04:30:00,50,4,False
2016-03-19 04:40:00,60,4,False
2016-03-19 04:50:00,40,4,False
2016-03-19 05:00:00,30,5,False
2016-03-19 05:10:00,20,5,False
2016-03-19 05:20:00,20,5,False
2016-03-19 05:30:00,50,5,False
2016-03-19 05:40:00,50,5,False
2016-03-19 05:50:00,60,5,False
2016-03-19 06:00:00,50,6,False
2016-03-19 06:10:00,60,6,False
2016-03-19 06:20:00,50,6,False
2016-03-19 06:30:00,50,6,False
2016-03-19 06:40:00,50,6,False
2016-03-19 06:50:00,50,6,False
2016-03-19 07:00:00,50,7,False
2016-03-19 07:10:00,60,7,False
2016-03-19 07:20:00,60,7,False
2016-03-19 07:30:00,50,7,False
2016-03-19 07:40:00,60,7,False
2016-03-19 07:50:00,60,7,False
2016-03-19 08:00:00,50,8,False
2016-03-19 08:10:00,30,8,False
2016-03-19 08:20:00,30,8,False
2016-03-19 08:30:00,110,8,False
2016-03-19 08:40:00,50,8,False
2016-03-19 08:50:00,120,8,False
2016-03-19 09:00:00,350,9,True
2016-03-19 09:10:00,60,9,False
2016-03-19 09:20:00,60,9,False
2016-03-19 09:30:00,60,9,False
2016-03-19 09:40:00,280,9,True
2016-03-19 09:50:00,360,9,True
2016-03-19 10:00:00,120,10,False
2016-03-19 10:10:00,80,10,False
2016-03-19 10:20:00,110,10,False
2016-03-19 10:30:00,70,10,False
2016-03-19 10:40:00,90,10,False
2016-03-19 10:50:00,190,10,True
2016-03-19 11:00:00,420,11,True
2016-03-19 11:10:00,230,11,True
2016-03-19 11:20:00,650,11,True
2016-03-19 11:30:00,690,11,True
2016-03-19 11:40:00,410,11,True
2016-03-19 11:50:00,330,11,True
2016-03-19 12:00:00,320,12,True
2016-03-19 12:10:00,300,12,True
2016-03-19 12:20:00,270,12,True
2016-03-19 12:30:00,140,12,False
2016-03-19 12:40:00,110,12,False
2016-03-19 12:50:00,340,12,True
2016-03-19 13:00:00,370,13,True
2016-03-19 13:10:00,290,13,True
2016-03-19 13:20:00,310,13,True
2016-03-19 13:30:00,270,13,True
2016-03-19 13:40:00,260,13,True
2016-03-19 13:50:00,230,13,True
2016-03-19 14:00:00,200,14,True
2016-03-19 14:10:00,90,14,False
2016-03-19 14:20:00,100,14,False
2016-03-19 14:30:00,110,14,False
2016-03-19 14:40:00,90,14,False
2016-03-19 14:50:00,100,14,False
2016-03-19 15:00:00,100,15,False
2016-03-19 15:10:00,90,15,False
2016-03-19 15:20:00,80,15,False
2016-03-19 15:30:00,80,15,False
2016-03-19 15:40:00,80,15,False
2016-03-19 15:50:00,60,15,False
2016-03-19 16:00:00,90,16,False
2016-03-19 16:10:00,80,16,False
2016-03-19 16:20:00,110,16,False
2016-03-19 16:30:00,120,16,False
2016-03-19 16:40:00,100,16,False
2016-03-19 16:50:00,110,16,False
2016-03-19 17:00:00,100,17,False
2016-03-19 17:10:00,100,17,False
2016-03-19 17:20:00,90,17,False
2016-03-19 17:30:00,80,17,False
2016-03-19 17:40:00,80,17,False
2016-03-19 17:50:00,90,17,False
2016-03-19 18:00:00,110,18,False
2016-03-19 18:10:00,110,18,False
2016-03-19 18:20:00,130,18,False
2016-03-19 18:30:00,220,18,True
2016-03-19 18:40:00,200,18,True
2016-03-19 18:50:00,150,18,False
2016-03-19 19:00:00,140,19,False
2016-03-19 19:10:00,120,19,False
2016-03-19 19:20:00,90,19,False
2016-03-19 19:30:00,100,19,False
2016-03-19 19:40:00,110,19,False
2016-03-19 19:50:00,120,19,False
2016-03-19 20:00:00,140,20,False
2016-03-19 20:10:00,110,20,False
2016-03-19 20:20:00,100,20,False
2016-03-19 20:30:00,120,20,False
2016-03-19 20:40:00,100,20,False
2016-03-19 20:50:00,80,20,False
2016-03-19 21:00:00,100,21,False
2016-03-19 21:10:00,100,21,False
2016-03-19 21:20:00,100,21,False
2016-03-19 21:30:00,100,21,False
2016-03-19 21:40:00,90,21,False
2016-03-19 21:50:00,100,21,False
2016-03-19 22:00:00,90,22,False
2016-03-19 22:10:00,90,22,False
2016-03-19 22:20:00,80,22,False
2016-03-19 22:30:00,40,22,False
2016-03-19 22:40:00,70,22,False
2016-03-19 22:50:00,60,22,False
2016-03-19 23:00:00,50,23,False
2016-03-19 23:10:00,30,23,False
2016-03-19 23:20:00,30,23,False
2016-03-19 23:30:00,40,23,False
2016-03-19 23:40:00,50,23,False
2016-03-19 23:50:00,60,23,False
2016-03-20 00:00:00,50,0,False
2016-03-20 00:10:00,60,0,False
2016-03-20 00:20:00,70,0,False
2016-03-20 00:30:00,60,0,False
2016-03-20 00:40:00,50,0,False
2016-03-20 00:50:00,60,0,False
2016-03-20 01:00:00,50,1,False
2016-03-20 01:10:00,50,1,False
2016-03-20 01:20:00,60,1,False
2016-03-20 01:30:00,50,1,False
2016-03-20 01:40:00,60,1,False
2016-03-20 01:50:00,70,1,False
2016-03-20 02:00:00,50,2,False
2016-03-20 02:10:00,60,2,False
2016-03-20 02:20:00,50,2,False
2016-03-20 02:30:00,50,2,False
2016-03-20 02:40:00,40,2,False
2016-03-20 02:50:00,40,2,False
2016-03-20 03:00:00,30,3,False
2016-03-20 03:10:00,40,3,False
2016-03-20 03:20:00,70,3,False
2016-03-20 03:30:00,60,3,False
2016-03-20 03:40:00,60,3,False
2016-03-20 03:50:00,50,3,False
2016-03-20 04:00:00,50,4,False
2016-03-20 04:10:00,60,4,False
2016-03-20 04:20:00,50,4,False
2016-03-20 04:30:00,60,4,False
2016-03-20 04:40:00,60,4,False
2016-03-20 04:50:00,60,4,False
2016-03-20 05:00:00,50,5,False
2016-03-20 05:10:00,60,5,False
2016-03-20 05:20:00,50,5,False
2016-03-20 05:30:00,50,5,False
2016-03-20 05:40:00,50,5,False
2016-03-20 05:50:00,60,5,False
2016-03-20 06:00:00,60,6,False
2016-03-20 06:10:00,60,6,False
2016-03-20 06:20:00,50,6,False
2016-03-20 06:30:00,50,6,False
2016-03-20 06:40:00,40,6,False
2016-03-20 06:50:00,40,6,False
2016-03-20 07:00:00,30,7,False
2016-03-20 07:10:00,50,7,False
2016-03-20 07:20:00,60,7,False
2016-03-20 07:30:00,60,7,False
2016-03-20 07:40:00,60,7,False
2016-03-20 07:50:00,60,7,False
2016-03-20 08:00:00,80,8,False
2016-03-20 08:10:00,110,8,False
2016-03-20 08:20:00,100,8,False
2016-03-20 08:30:00,90,8,False
2016-03-20 08:40:00,100,8,False
2016-03-20 08:50:00,100,8,False
2016-03-20 09:00:00,90,9,False
2016-03-20 09:10:00,100,9,False
2016-03-20 09:20:00,90,9,False
2016-03-20 09:30:00,140,9,False
2016-03-20 09:40:00,370,9,True
2016-03-20 09:50:00,230,9,True
2016-03-20 10:00:00,100,10,False
2016-03-20 10:10:00,90,10,False
2016-03-20 10:20:00,140,10,False
2016-03-20 10:30:00,150,10,False
2016-03-20 10:40:00,110,10,False
2016-03-20 10:50:00,130,10,False
2016-03-20 11:00:00,100,11,False
2016-03-20 11:10:00,130,11,False
2016-03-20 11:20:00,490,11,True
2016-03-20 11:30:00,410,11,True
2016-03-20 11:40:00,360,11,True
2016-03-20 11:50:00,340,11,True
2016-03-20 12:00:00,310,12,True
2016-03-20 12:10:00,290,12,True
2016-03-20 12:20:00,230,12,True
2016-03-20 12:30:00,150,12,False
2016-03-20 12:40:00,100,12,False
2016-03-20 12:50:00,110,12,False
2016-03-20 13:00:00,120,13,False
2016-03-20 13:10:00,120,13,False
2016-03-20 13:20:00,120,13,False
2016-03-20 13:30:00,110,13,False
2016-03-20 13:40:00,120,13,False
2016-03-20 13:50:00,110,13,False
2016-03-20 14:00:00,110,14,False
2016-03-20 14:10:00,230,14,True
2016-03-20 14:20:00,180,14,True
2016-03-20 14:30:00,70,14,False
2016-03-20 14:40:00,70,14,False
2016-03-20 14:50:00,80,14,False
2016-03-20 15:00:00,80,15,False
2016-03-20 15:10:00,100,15,False
2016-03-20 15:20:00,80,15,False
2016-03-20 15:30:00,90,15,False
2016-03-20 15:40:00,80,15,False
2016-03-20 15:50:00,100,15,False
2016-03-20 16:00:00,100,16,False
2016-03-20 16:10:00,80,16,False
2016-03-20 16:20:00,100,16,False
2016-03-20 16:30:00,160,16,False
2016-03-20 16:40:00,460,16,True
2016-03-20 16:50:00,120,16,False
2016-03-20 17:00:00,70,17,False
2016-03-20 17:10:00,100,17,False
2016-03-20 17:20:00,100,17,False
2016-03-20 17:30:00,130,17,False
2016-03-20 17:40:00,110,17,False
2016-03-20 17:50:00,110,17,False
2016-03-20 18:00:00,220,18,True
2016-03-20 18:10:00,430,18,True
2016-03-20 18:20:00,290,18,True
2016-03-20 18:30:00,250,18,True
2016-03-20 18:40:00,260,18,True
2016-03-20 18:50:00,250,18,True
2016-03-20 19:00:00,240,19,True
2016-03-20 19:10:00,190,19,True
2016-03-20 19:20:00,70,19,False
2016-03-20 19:30:00,80,19,False
2016-03-20 19:40:00,90,19,False
2016-03-20 19:50:00,100,19,False
2016-03-20 20:00:00,110,20,False
2016-03-20 20:10:00,130,20,False
2016-03-20 20:20:00,170,20,False
2016-03-20 20:30:00,120,20,False
2016-03-20 20:40:00,110,20,False
2016-03-20 20:50:00,120,20,False
2016-03-20 21:00:00,120,21,False
2016-03-20 21:10:00,110,21,False
2016-03-20 21:20:00,120,21,False
2016-03-20 21:30:00,130,21,False
2016-03-20 21:40:00,130,21,False
2016-03-20 21:50:00,130,21,False
2016-03-20 22:00:00,80,22,False
2016-03-20 22:10:00,80,22,False
2016-03-20 22:20:00,60,22,False
2016-03-20 22:30:00,60,22,False
2016-03-20 22:40:00,40,22,False
2016-03-20 22:50:00,60,22,False
2016-03-20 23:00:00,60,23,False
2016-03-20 23:10:00,50,23,False
2016-03-20 23:20:00,40,23,False
2016-03-20 23:30:00,40,23,False
2016-03-20 23:40:00,30,23,False
2016-03-20 23:50:00,60,23,False
2016-03-21 00:00:00,50,0,False
2016-03-21 00:10:00,50,0,False
2016-03-21 00:20:00,60,0,False
2016-03-21 00:30:00,60,0,False
2016-03-21 00:40:00,60,0,False
2016-03-21 00:50:00,70,0,False
2016-03-21 01:00:00,50,1,False
2016-03-21 01:10:00,60,1,False
2016-03-21 01:20:00,50,1,False
2016-03-21 01:30:00,50,1,False
2016-03-21 01:40:00,50,1,False
2016-03-21 01:50:00,50,1,False
2016-03-21 02:00:00,70,2,False
2016-03-21 02:10:00,60,2,False
2016-03-21 02:20:00,60,2,False
2016-03-21 02:30:00,50,2,False
2016-03-21 02:40:00,50,2,False
2016-03-21 02:50:00,50,2,False
2016-03-21 03:00:00,40,3,False
2016-03-21 03:10:00,30,3,False
2016-03-21 03:20:00,30,3,False
2016-03-21 03:30:00,50,3,False
2016-03-21 03:40:00,50,3,False
2016-03-21 03:50:00,70,3,False
2016-03-21 04:00:00,50,4,False
2016-03-21 04:10:00,50,4,False
2016-03-21 04:20:00,60,4,False
2016-03-21 04:30:00,50,4,False
2016-03-21 04:40:00,50,4,False
2016-03-21 04:50:00,60,4,False
2016-03-21 05:00:00,60,5,False
2016-03-21 05:10:00,60,5,False
2016-03-21 05:20:00,60,5,False
2016-03-21 05:30:00,50,5,False
2016-03-21 05:40:00,50,5,False
2016-03-21 05:50:00,50,5,False
2016-03-21 06:00:00,50,6,False
2016-03-21 06:10:00,90,6,False
2016-03-21 06:20:00,60,6,False
2016-03-21 06:30:00,70,6,False
2016-03-21 06:40:00,370,6,True
2016-03-21 06:50:00,70,6,False
2016-03-21 07:00:00,60,7,False
2016-03-21 07:10:00,50,7,False
2016-03-21 07:20:00,50,7,False
2016-03-21 07:30:00,70,7,False
2016-03-21 07:40:00,80,7,False
2016-03-21 07:50:00,70,7,False
2016-03-21 08:00:00,80,8,False
2016-03-21 08:10:00,70,8,False
2016-03-21 08:20:00,60,8,False
2016-03-21 08:30:00,60,8,False
2016-03-21 08:40:00,370,8,True
2016-03-21 08:50:00,380,8,True
2016-03-21 09:00:00,50,9,False
2016-03-21 09:10:00,70,9,False
2016-03-21 09:20:00,60,9,False
2016-03-21 09:30:00,50,9,False
2016-03-21 09:40:00,60,9,False
2016-03-21 09:50:00,50,9,False
2016-03-21 10:00:00,60,10,False
2016-03-21 10:10:00,50,10,False
2016-03-21 10:20:00,40,10,False
2016-03-21 10:30:00,60,10,False
2016-03-21 10:40:00,50,10,False
2016-03-21 10:50:00,40,10,False
2016-03-21 11:00:00,70,11,False
2016-03-21 11:10:00,60,11,False
2016-03-21 11:20:00,60,11,False
2016-03-21 11:30:00,60,11,False
2016-03-21 11:40:00,60,11,False
2016-03-21 11:50:00,70,11,False
2016-03-21 12:00:00,70,12,False
2016-03-21 12:10:00,70,12,False
2016-03-21 12:20:00,60,12,False
2016-03-21 12:30:00,50,12,False
2016-03-21 12:40:00,60,12,False
2016-03-21 12:50:00,50,12,False
2016-03-21 13:00:00,50,13,False
2016-03-21 13:10:00,50,13,False
2016-03-21 13:20:00,60,13,False
2016-03-21 13:30:00,60,13,False
2016-03-21 13:40:00,70,13,False
2016-03-21 13:50:00,40,13,False
2016-03-21 14:00:00,30,14,False
2016-03-21 14:10:00,30,14,False
2016-03-21 14:20:00,30,14,False
2016-03-21 14:30:00,60,14,False
2016-03-21 14:40:00,50,14,False
2016-03-21 14:50:00,60,14,False
2016-03-21 15:00:00,60,15,False
2016-03-21 15:10:00,60,15,False
2016-03-21 15:20:00,50,15,False
2016-03-21 15:30:00,60,15,False
2016-03-21 15:40:00,50,15,False
2016-03-21 15:50:00,50,15,False
2016-03-21 16:00:00,60,16,False
2016-03-21 16:10:00,50,16,False
2016-03-21 16:20:00,70,16,False
2016-03-21 16:30:00,60,16,False
2016-03-21 16:40:00,50,16,False
2016-03-21 16:50:00,50,16,False
2016-03-21 17:00:00,50,17,False
2016-03-21 17:10:00,50,17,False
2016-03-21 17:20:00,50,17,False
2016-03-21 17:30:00,50,17,False
2016-03-21 17:40:00,40,17,False
2016-03-21 17:50:00,40,17,False
2016-03-21 18:00:00,60,18,False
2016-03-21 18:10:00,50,18,False
2016-03-21 18:20:00,90,18,False
2016-03-21 18:30:00,90,18,False
2016-03-21 18:40:00,560,18,True
2016-03-21 18:50:00,410,18,True
2016-03-21 19:00:00,170,19,False
2016-03-21 19:10:00,110,19,False
2016-03-21 19:20:00,130,19,False
2016-03-21 19:30:00,140,19,False
2016-03-21 19:40:00,140,19,False
2016-03-21 19:50:00,140,19,False
2016-03-21 20:00:00,110,20,False
2016-03-21 20:10:00,140,20,False
2016-03-21 20:20:00,140,20,False
2016-03-21 20:30:00,140,20,False
2016-03-21 20:40:00,130,20,False
2016-03-21 20:50:00,120,20,False
2016-03-21 21:00:00,140,21,False
2016-03-21 21:10:00,120,21,False
2016-03-21 21:20:00,120,21,False
2016-03-21 21:30:00,140,21,False
2016-03-21 21:40:00,100,21,False
2016-03-21 21:50:00,70,21,False
2016-03-21 22:00:00,60,22,False
2016-03-21 22:10:00,70,22,False
2016-03-21 22:20:00,70,22,False
2016-03-21 22:30:00,50,22,False
2016-03-21 22:40:00,60,22,False
2016-03-21 22:50:00,30,22,False
2016-03-21 23:00:00,40,23,False
2016-03-21 23:10:00,40,23,False
2016-03-21 23:20:00,60,23,False
2016-03-21 23:30:00,70,23,False
2016-03-21 23:40:00,70,23,False
2016-03-21 23:50:00,70,23,False
2016-03-22 00:00:00,60,0,False
2016-03-22 00:10:00,60,0,False
2016-03-22 00:20:00,60,0,False
2016-03-22 00:30:00,60,0,False
2016-03-22 00:40:00,50,0,False
2016-03-22 00:50:00,60,0,False
2016-03-22 01:00:00,60,1,False
2016-03-22 01:10:00,50,1,False
2016-03-22 01:20:00,60,1,False
2016-03-22 01:30:00,40,1,False
2016-03-22 01:40:00,50,1,False
2016-03-22 01:50:00,50,1,False
2016-03-22 02:00:00,40,2,False
2016-03-22 02:10:00,60,2,False
2016-03-22 02:20:00,50,2,False
2016-03-22 02:30:00,60,2,False
2016-03-22 02:40:00,30,2,False
2016-03-22 02:50:00,40,2,False
2016-03-22 03:00:00,20,3,False
2016-03-22 03:10:00,30,3,False
2016-03-22 03:20:00,40,3,False
2016-03-22 03:30:00,50,3,False
2016-03-22 03:40:00,60,3,False
2016-03-22 03:50:00,60,3,False
2016-03-22 04:00:00,50,4,False
2016-03-22 04:10:00,50,4,False
2016-03-22 04:20:00,50,4,False
2016-03-22 04:30:00,50,4,False
2016-03-22 04:40:00,40,4,False
2016-03-22 04:50:00,50,4,False
2016-03-22 05:00:00,60,5,False
2016-03-22 05:10:00,50,5,False
2016-03-22 05:20:00,50,5,False
2016-03-22 05:30:00,60,5,False
2016-03-22 05:40:00,50,5,False
2016-03-22 05:50:00,40,5,False
2016-03-22 06:00:00,60,6,False
2016-03-22 06:10:00,70,6,False
2016-03-22 06:20:00,60,6,False
2016-03-22 06:30:00,40,6,False
2016-03-22 06:40:00,90,6,False
2016-03-22 06:50:00,30,6,False
2016-03-22 07:00:00,30,7,False
2016-03-22 07:10:00,50,7,False
2016-03-22 07:20:00,50,7,False
2016-03-22 07:30:00,40,7,False
2016-03-22 07:40:00,50,7,False
2016-03-22 07:50:00,60,7,False
2016-03-22 08:00:00,50,8,False
2016-03-22 08:10:00,60,8,False
2016-03-22 08:20:00,50,8,False
2016-03-22 08:30:00,50,8,False
2016-03-22 08:40:00,50,8,False
2016-03-22 08:50:00,50,8,False
2016-03-22 09:00:00,50,9,False
2016-03-22 09:10:00,40,9,False
2016-03-22 09:20:00,60,9,False
2016-03-22 09:30:00,50,9,False
2016-03-22 09:40:00,60,9,False
2016-03-22 09:50:00,40,9,False
2016-03-22 10:00:00,50,10,False
2016-03-22 10:10:00,40,10,False
2016-03-22 10:20:00,30,10,False
2016-03-22 10:30:00,30,10,False
2016-03-22 10:40:00,30,10,False
2016-03-22 10:50:00,50,10,False
2016-03-22 11:00:00,60,11,False
2016-03-22 11:10:00,60,11,False
2016-03-22 11:20:00,40,11,False
2016-03-22 11:30:00,50,11,False
2016-03-22 11:40:00,50,11,False
2016-03-22 11:50:00,50,11,False
2016-03-22 12:00:00,50,12,False
2016-03-22 12:10:00,60,12,False
2016-03-22 12:20:00,60,12,False
2016-03-22 12:30:00,50,12,False
2016-03-22 12:40:00,50,12,False
2016-03-22 12:50:00,50,12,False
2016-03-22 13:00:00,40,13,False
2016-03-22 13:10:00,60,13,False
2016-03-22 13:20:00,50,13,False
2016-03-22 13:30:00,50,13,False
2016-03-22 13:40:00,50,13,False
2016-03-22 13:50:00,70,13,False
2016-03-22 14:00:00,40,14,False
2016-03-22 14:10:00,50,14,False
2016-03-22 14:20:00,50,14,False
2016-03-22 14:30:00,50,14,False
2016-03-22 14:40:00,50,14,False
2016-03-22 14:50:00,30,14,False
2016-03-22 15:00:00,40,15,False
2016-03-22 15:10:00,30,15,False
2016-03-22 15:20:00,40,15,False
2016-03-22 15:30:00,50,15,False
2016-03-22 15:40:00,60,15,False
2016-03-22 15:50:00,40,15,False
2016-03-22 16:00:00,50,16,False
2016-03-22 16:10:00,50,16,False
2016-03-22 16:20:00,50,16,False
2016-03-22 16:30:00,60,16,False
2016-03-22 16:40:00,50,16,False
2016-03-22 16:50:00,60,16,False
2016-03-22 17:00:00,50,17,False
2016-03-22 17:10:00,50,17,False
2016-03-22 17:20:00,40,17,False
2016-03-22 17:30:00,70,17,False
2016-03-22 17:40:00,80,17,False
2016-03-22 17:50:00,90,17,False
2016-03-22 18:00:00,100,18,False
2016-03-22 18:10:00,100,18,False
2016-03-22 18:20:00,120,18,False
2016-03-22 18:30:00,110,18,False
2016-03-22 18:40:00,320,18,True
2016-03-22 18:50:00,620,18,True
2016-03-22 19:00:00,450,19,True
2016-03-22 19:10:00,240,19,True
2016-03-22 19:20:00,100,19,False
2016-03-22 19:30:00,120,19,False
2016-03-22 19:40:00,130,19,False
2016-03-22 19:50:00,140,19,False
2016-03-22 20:00:00,140,20,False
2016-03-22 20:10:00,160,20,False
2016-03-22 20:20:00,110,20,False
2016-03-22 20:30:00,120,20,False
2016-03-22 20:40:00,130,20,False
2016-03-22 20:50:00,140,20,False
2016-03-22 21:00:00,130,21,False
2016-03-22 21:10:00,150,21,False
2016-03-22 21:20:00,140,21,False
2016-03-22 21:30:00,130,21,False
2016-03-22 21:40:00,120,21,False
2016-03-22 21:50:00,110,21,False
2016-03-22 22:00:00,80,22,False
2016-03-22 22:10:00,60,22,False
2016-03-22 22:20:00,40,22,False
2016-03-22 22:30:00,40,22,False
2016-03-22 22:40:00,50,22,False
2016-03-22 22:50:00,70,22,False
2016-03-22 23:00:00,60,23,False
2016-03-22 23:10:00,50,23,False
2016-03-22 23:20:00,40,23,False
2016-03-22 23:30:00,60,23,False
2016-03-22 23:40:00,50,23,False
2016-03-22 23:50:00,60,23,False
2016-03-23 00:00:00,60,0,False
2016-03-23 00:10:00,60,0,False
2016-03-23 00:20:00,50,0,False
2016-03-23 00:30:00,50,0,False
2016-03-23 00:40:00,50,0,False
2016-03-23 00:50:00,50,0,False
2016-03-23 01:00:00,50,1,False
2016-03-23 01:10:00,40,1,False
2016-03-23 01:20:00,60,1,False
2016-03-23 01:30:00,60,1,False
2016-03-23 01:40:00,50,1,False
2016-03-23 01:50:00,60,1,False
2016-03-23 02:00:00,50,2,False
2016-03-23 02:10:00,40,2,False
2016-03-23 02:20:00,30,2,False
2016-03-23 02:30:00,20,2,False
2016-03-23 02:40:00,40,2,False
2016-03-23 02:50:00,40,2,False
2016-03-23 03:00:00,60,3,False
2016-03-23 03:10:00,60,3,False
2016-03-23 03:20:00,50,3,False
2016-03-23 03:30:00,40,3,False
2016-03-23 03:40:00,60,3,False
2016-03-23 03:50:00,40,3,False
2016-03-23 04:00:00,50,4,False
2016-03-23 04:10:00,50,4,False
2016-03-23 04:20:00,50,4,False
2016-03-23 04:30:00,60,4,False
2016-03-23 04:40:00,60,4,False
2016-03-23 04:50:00,50,4,False
2016-03-23 05:00:00,50,5,False
2016-03-23 05:10:00,50,5,False
2016-03-23 05:20:00,40,5,False
2016-03-23 05:30:00,50,5,False
2016-03-23 05:40:00,50,5,False
2016-03-23 05:50:00,60,5,False
2016-03-23 06:00:00,60,6,False
2016-03-23 06:10:00,80,6,False
2016-03-23 06:20:00,40,6,False
2016-03-23 06:30:00,290,6,True
2016-03-23 06:40:00,130,6,False
2016-03-23 06:50:00,330,6,True
2016-03-23 07:00:00,80,7,False
2016-03-23 07:10:00,280,7,True
2016-03-23 07:20:00,150,7,False
2016-03-23 07:30:00,60,7,False
2016-03-23 07:40:00,70,7,False
2016-03-23 07:50:00,50,7,False
2016-03-23 08:00:00,110,8,False
2016-03-23 08:10:00,410,8,True
2016-03-23 08:20:00,160,8,False
2016-03-23 08:30:00,70,8,False
2016-03-23 08:40:00,80,8,False
2016-03-23 08:50:00,60,8,False
2016-03-23 09:00:00,100,9,False
2016-03-23 09:10:00,80,9,False
2016-03-23 09:20:00,60,9,False
2016-03-23 09:30:00,80,9,False
2016-03-23 09:40:00,60,9,False
2016-03-23 09:50:00,60,9,False
2016-03-23 10:00:00,80,10,False
2016-03-23 10:10:00,100,10,False
2016-03-23 10:20:00,80,10,False
2016-03-23 10:30:00,110,10,False
2016-03-23 10:40:00,60,10,False
2016-03-23 10:50:00,40,10,False
2016-03-23 11:00:00,40,11,False
2016-03-23 11:10:00,60,11,False
2016-03-23 11:20:00,70,11,False
2016-03-23 11:30:00,90,11,False
2016-03-23 11:40:00,100,11,False
2016-03-23 11:50:00,100,11,False
2016-03-23 12:00:00,50,12,False
2016-03-23 12:10:00,50,12,False
2016-03-23 12:20:00,50,12,False
2016-03-23 12:30:00,50,12,False
2016-03-23 12:40:00,50,12,False
2016-03-23 12:50:00,50,12,False
2016-03-23 13:00:00,50,13,False
2016-03-23 13:10:00,60,13,False
2016-03-23 13:20:00,60,13,False
2016-03-23 13:30:00,60,13,False
2016-03-23 13:40:00,80,13,False
2016-03-23 13:50:00,90,13,False
2016-03-23 14:00:00,90,14,False
2016-03-23 14:10:00,90,14,False
2016-03-23 14:20:00,100,14,False
2016-03-23 14:30:00,100,14,False
2016-03-23 14:40:00,90,14,False
2016-03-23 14:50:00,90,14,False
2016-03-23 15:00:00,60,15,False
2016-03-23 15:10:00,80,15,False
2016-03-23 15:20:00,60,15,False
2016-03-23 15:30:00,70,15,False
2016-03-23 15:40:00,90,15,False
2016-03-23 15:50:00,100,15,False
2016-03-23 16:00:00,120,16,False
2016-03-23 16:10:00,120,16,False
2016-03-23 16:20:00,110,16,False
2016-03-23 16:30:00,90,16,False
2016-03-23 16:40:00,100,16,False
2016-03-23 16:50:00,110,16,False
2016-03-23 17:00:00,100,17,False
2016-03-23 17:10:00,110,17,False
2016-03-23 17:20:00,100,17,False
2016-03-23 17:30:00,90,17,False
2016-03-23 17:40:00,100,17,False
2016-03-23 17:50:00,110,17,False
2016-03-23 18:00:00,100,18,False
2016-03-23 18:10:00,190,18,True
2016-03-23 18:20:00,210,18,True
2016-03-23 18:30:00,140,18,False
2016-03-23 18:40:00,100,18,False
2016-03-23 18:50:00,120,18,False
2016-03-23 19:00:00,90,19,False
2016-03-23 19:10:00,200,19,True
2016-03-23 19:20:00,140,19,False
2016-03-23 19:30:00,100,19,False
2016-03-23 19:40:00,120,19,False
2016-03-23 19:50:00,130,19,False
2016-03-23 20:00:00,150,20,False
2016-03-23 20:10:00,140,20,False
2016-03-23 20:20:00,120,20,False
2016-03-23 20:30:00,140,20,False
2016-03-23 20:40:00,120,20,False
2016-03-23 20:50:00,110,20,False
2016-03-23 21:00:00,90,21,False
2016-03-23 21:10:00,90,21,False
2016-03-23 21:20:00,90,21,False
2016-03-23 21:30:00,90,21,False
2016-03-23 21:40:00,80,21,False
2016-03-23 21:50:00,80,21,False
2016-03-23 22:00:00,60,22,False
2016-03-23 22:10:00,70,22,False
2016-03-23 22:20:00,50,22,False
2016-03-23 22:30:00,80,22,False
2016-03-23 22:40:00,50,22,False
2016-03-23 22:50:00,70,22,False
2016-03-23 23:00:00,60,23,False
2016-03-23 23:10:00,60,23,False
2016-03-23 23:20:00,50,23,False
2016-03-23 23:30:00,40,23,False
2016-03-23 23:40:00,20,23,False
2016-03-23 23:50:00,50,23,False
2016-03-24 00:00:00,50,0,False
2016-03-24 00:10:00,50,0,False
2016-03-24 00:20:00,50,0,False
2016-03-24 00:30:00,50,0,False
2016-03-24 00:40:00,60,0,False
2016-03-24 00:50:00,50,0,False
2016-03-24 01:00:00,60,1,False
2016-03-24 01:10:00,50,1,False
2016-03-24 01:20:00,50,1,False
2016-03-24 01:30:00,50,1,False
2016-03-24 01:40:00,50,1,False
2016-03-24 01:50:00,50,1,False
2016-03-24 02:00:00,50,2,False
2016-03-24 02:10:00,50,2,False
2016-03-24 02:20:00,60,2,False
2016-03-24 02:30:00,60,2,False
2016-03-24 02:40:00,50,2,False
2016-03-24 02:50:00,40,2,False
2016-03-24 03:00:00,50,3,False
2016-03-24 03:10:00,50,3,False
2016-03-24 03:20:00,50,3,False
2016-03-24 03:30:00,50,3,False
2016-03-24 03:40:00,50,3,False
2016-03-24 03:50:00,50,3,False
2016-03-24 04:00:00,40,4,False
2016-03-24 04:10:00,20,4,False
2016-03-24 04:20:00,30,4,False
2016-03-24 04:30:00,30,4,False
2016-03-24 04:40:00,50,4,False
2016-03-24 04:50:00,50,4,False
2016-03-24 05:00:00,60,5,False
2016-03-24 05:10:00,60,5,False
2016-03-24 05:20:00,50,5,False
2016-03-24 05:30:00,50,5,False
2016-03-24 05:40:00,50,5,False
2016-03-24 05:50:00,50,5,False
2016-03-24 06:00:00,50,6,False
2016-03-24 06:10:00,80,6,False
2016-03-24 06:20:00,50,6,False
2016-03-24 06:30:00,50,6,False
2016-03-24 06:40:00,70,6,False
2016-03-24 06:50:00,60,6,False
2016-03-24 07:00:00,100,7,False
2016-03-24 07:10:00,60,7,False
2016-03-24 07:20:00,50,7,False
2016-03-24 07:30:00,40,7,False
2016-03-24 07:40:00,40,7,False
2016-03-24 07:50:00,30,7,False
2016-03-24 08:00:00,30,8,False
2016-03-24 08:10:00,40,8,False
2016-03-24 08:20:00,20,8,False
2016-03-24 08:30:00,60,8,False
2016-03-24 08:40:00,50,8,False
2016-03-24 08:50:00,60,8,False
2016-03-24 09:00:00,60,9,False
2016-03-24 09:10:00,60,9,False
2016-03-24 09:20:00,60,9,False
2016-03-24 09:30:00,60,9,False
2016-03-24 09:40:00,70,9,False
2016-03-24 09:50:00,60,9,False
2016-03-24 10:00:00,70,10,False
2016-03-24 10:10:00,60,10,False
2016-03-24 10:20:00,60,10,False
2016-03-24 10:30:00,60,10,False
2016-03-24 10:40:00,60,10,False
2016-03-24 10:50:00,60,10,False
2016-03-24 11:00:00,70,11,False
2016-03-24 11:10:00,70,11,False
2016-03-24 11:20:00,50,11,False
2016-03-24 11:30:00,50,11,False
2016-03-24 11:40:00,20,11,False
2016-03-24 11:50:00,30,11,False
2016-03-24 12:00:00,30,12,False
2016-03-24 12:10:00,30,12,False
2016-03-24 12:20:00,60,12,False
2016-03-24 12:30:00,50,12,False
2016-03-24 12:40:00,60,12,False
2016-03-24 12:50:00,50,12,False
2016-03-24 13:00:00,50,13,False
2016-03-24 13:10:00,40,13,False
2016-03-24 13:20:00,50,13,False
2016-03-24 13:30:00,50,13,False
2016-03-24 13:40:00,50,13,False
2016-03-24 13:50:00,50,13,False
2016-03-24 14:00:00,50,14,False
2016-03-24 14:10:00,50,14,False
2016-03-24 14:20:00,60,14,False
2016-03-24 14:30:00,40,14,False
2016-03-24 14:40:00,50,14,False
2016-03-24 14:50:00,50,14,False
2016-03-24 15:00:00,50,15,False
2016-03-24 15:10:00,50,15,False
2016-03-24 15:20:00,50,15,False
2016-03-24 15:30:00,30,15,False
2016-03-24 15:40:00,40,15,False
2016-03-24 15:50:00,50,15,False
2016-03-24 16:00:00,90,16,False
2016-03-24 16:10:00,90,16,False
2016-03-24 16:20:00,130,16,False
2016-03-24 16:30:00,130,16,False
2016-03-24 16:40:00,140,16,False
2016-03-24 16:50:00,150,16,False
2016-03-24 17:00:00,140,17,False
2016-03-24 17:10:00,130,17,False
2016-03-24 17:20:00,90,17,False
2016-03-24 17:30:00,100,17,False
2016-03-24 17:40:00,70,17,False
2016-03-24 17:50:00,80,17,False
2016-03-24 18:00:00,90,18,False
2016-03-24 18:10:00,160,18,False
2016-03-24 18:20:00,560,18,True
2016-03-24 18:30:00,390,18,True
2016-03-24 18:40:00,190,18,True
2016-03-24 18:50:00,80,18,False
2016-03-24 19:00:00,90,19,False
2016-03-24 19:10:00,90,19,False
2016-03-24 19:20:00,80,19,False
2016-03-24 19:30:00,100,19,False
2016-03-24 19:40:00,100,19,False
2016-03-24 19:50:00,120,19,False
2016-03-24 20:00:00,100,20,False
2016-03-24 20:10:00,100,20,False
2016-03-24 20:20:00,100,20,False
2016-03-24 20:30:00,100,20,False
2016-03-24 20:40:00,90,20,False
2016-03-24 20:50:00,80,20,False
2016-03-24 21:00:00,110,21,False
2016-03-24 21:10:00,80,21,False
2016-03-24 21:20:00,110,21,False
2016-03-24 21:30:00,100,21,False
2016-03-24 21:40:00,90,21,False
2016-03-24 21:50:00,90,21,False
2016-03-24 22:00:00,70,22,False
2016-03-24 22:10:00,80,22,False
2016-03-24 22:20:00,50,22,False
2016-03-24 22:30:00,50,22,False
2016-03-24 22:40:00,70,22,False
2016-03-24 22:50:00,60,22,False
2016-03-24 23:00:00,50,23,False
2016-03-24 23:10:00,50,23,False
2016-03-24 23:20:00,50,23,False
2016-03-24 23:30:00,50,23,False
2016-03-24 23:40:00,40,23,False
2016-03-24 23:50:00,60,23,False
2016-03-25 00:00:00,60,0,False
2016-03-25 00:10:00,60,0,False
2016-03-25 00:20:00,60,0,False
2016-03-25 00:30:00,50,0,False
2016-03-25 00:40:00,50,0,False
2016-03-25 00:50:00,40,0,False
2016-03-25 01:00:00,30,1,False
2016-03-25 01:10:00,30,1,False
2016-03-25 01:20:00,40,1,False
2016-03-25 01:30:00,50,1,False
2016-03-25 01:40:00,60,1,False
2016-03-25 01:50:00,50,1,False
2016-03-25 02:00:00,50,2,False
2016-03-25 02:10:00,60,2,False
2016-03-25 02:20:00,50,2,False
2016-03-25 02:30:00,50,2,False
2016-03-25 02:40:00,50,2,False
2016-03-25 02:50:00,50,2,False
2016-03-25 03:00:00,60,3,False
2016-03-25 03:10:00,60,3,False
2016-03-25 03:20:00,50,3,False
2016-03-25 03:30:00,60,3,False
2016-03-25 03:40:00,50,3,False
2016-03-25 03:50:00,50,3,False
2016-03-25 04:00:00,50,4,False
2016-03-25 04:10:00,60,4,False
2016-03-25 04:20:00,50,4,False
2016-03-25 04:30:00,60,4,False
2016-03-25 04:40:00,50,4,False
2016-03-25 04:50:00,50,4,False
2016-03-25 05:00:00,50,5,False
2016-03-25 05:10:00,40,5,False
2016-03-25 05:20:00,60,5,False
2016-03-25 05:30:00,50,5,False
2016-03-25 05:40:00,50,5,False
2016-03-25 05:50:00,40,5,False
2016-03-25 06:00:00,40,6,False
2016-03-25 06:10:00,30,6,False
2016-03-25 06:20:00,30,6,False
2016-03-25 06:30:00,60,6,False
2016-03-25 06:40:00,40,6,False
2016-03-25 06:50:00,60,6,False
2016-03-25 07:00:00,50,7,False
2016-03-25 07:10:00,90,7,False
2016-03-25 07:20:00,70,7,False
2016-03-25 07:30:00,60,7,False
2016-03-25 07:40:00,70,7,False
2016-03-25 07:50:00,50,7,False
2016-03-25 08:00:00,60,8,False
2016-03-25 08:10:00,40,8,False
2016-03-25 08:20:00,50,8,False
2016-03-25 08:30:00,50,8,False
2016-03-25 08:40:00,300,8,True
2016-03-25 08:50:00,140,8,False
2016-03-25 09:00:00,490,9,True
2016-03-25 09:10:00,370,9,True
2016-03-25 09:20:00,370,9,True
2016-03-25 09:30:00,210,9,True
2016-03-25 09:40:00,60,9,False
2016-03-25 09:50:00,70,9,False
2016-03-25 10:00:00,90,10,False
2016-03-25 10:10:00,80,10,False
2016-03-25 10:20:00,310,10,True
2016-03-25 10:30:00,370,10,True
2016-03-25 10:40:00,60,10,False
2016-03-25 10:50:00,40,10,False
2016-03-25 11:00:00,250,11,True
2016-03-25 11:10:00,780,11,True
2016-03-25 11:20:00,520,11,True
2016-03-25 11:30:00,440,11,True
2016-03-25 11:40:00,600,11,True
2016-03-25 11:50:00,530,11,True
2016-03-25 12:00:00,290,12,True
2016-03-25 12:10:00,240,12,True
2016-03-25 12:20:00,240,12,True
2016-03-25 12:30:00,80,12,False
2016-03-25 12:40:00,60,12,False
2016-03-25 12:50:00,50,12,False
2016-03-25 13:00:00,230,13,True
2016-03-25 13:10:00,690,13,True
2016-03-25 13:20:00,570,13,True
2016-03-25 13:30:00,330,13,True
2016-03-25 13:40:00,270,13,True
2016-03-25 13:50:00,280,13,True
2016-03-25 14:00:00,250,14,True
2016-03-25 14:10:00,240,14,True
2016-03-25 14:20:00,190,14,True
2016-03-25 14:30:00,80,14,False
2016-03-25 14:40:00,650,14,True
2016-03-25 14:50:00,660,14,True
2016-03-25 15:00:00,370,15,True
2016-03-25 15:10:00,310,15,True
2016-03-25 15:20:00,330,15,True
2016-03-25 15:30:00,320,15,True
2016-03-25 15:40:00,310,15,True
2016-03-25 15:50:00,260,15,True
2016-03-25 16:00:00,200,16,True
2016-03-25 16:10:00,110,16,False
2016-03-25 16:20:00,500,16,True
2016-03-25 16:30:00,640,16,True
2016-03-25 16:40:00,420,16,True
2016-03-25 16:50:00,320,16,True
2016-03-25 17:00:00,300,17,True
2016-03-25 17:10:00,280,17,True
2016-03-25 17:20:00,330,17,True
2016-03-25 17:30:00,240,17,True
2016-03-25 17:40:00,170,17,False
2016-03-25 17:50:00,110,17,False
2016-03-25 18:00:00,470,18,True
2016-03-25 18:10:00,380,18,True
2016-03-25 18:20:00,330,18,True
2016-03-25 18:30:00,340,18,True
2016-03-25 18:40:00,320,18,True
2016-03-25 18:50:00,510,18,True
2016-03-25 19:00:00,880,19,True
2016-03-25 19:10:00,440,19,True
2016-03-25 19:20:00,110,19,False
2016-03-25 19:30:00,110,19,False
2016-03-25 19:40:00,130,19,False
2016-03-25 19:50:00,110,19,False
2016-03-25 20:00:00,120,20,False
2016-03-25 20:10:00,130,20,False
2016-03-25 20:20:00,180,20,True
2016-03-25 20:30:00,130,20,False
2016-03-25 20:40:00,130,20,False
2016-03-25 20:50:00,110,20,False
2016-03-25 21:00:00,110,21,False
2016-03-25 21:10:00,110,21,False
2016-03-25 21:20:00,100,21,False
2016-03-25 21:30:00,110,21,False
2016-03-25 21:40:00,110,21,False
2016-03-25 21:50:00,110,21,False
2016-03-25 22:00:00,90,22,False
2016-03-25 22:10:00,70,22,False
2016-03-25 22:20:00,70,22,False
2016-03-25 22:30:00,50,22,False
2016-03-25 22:40:00,50,22,False
2016-03-25 22:50:00,70,22,False
2016-03-25 23:00:00,50,23,False
2016-03-25 23:10:00,50,23,False
2016-03-25 23:20:00,50,23,False
2016-03-25 23:30:00,50,23,False
2016-03-25 23:40:00,60,23,False
2016-03-25 23:50:00,60,23,False
2016-03-26 00:00:00,70,0,False
2016-03-26 00:10:00,50,0,False
2016-03-26 00:20:00,60,0,False
2016-03-26 00:30:00,50,0,False
2016-03-26 00:40:00,50,0,False
2016-03-26 00:50:00,50,0,False
2016-03-26 01:00:00,50,1,False
2016-03-26 01:10:00,50,1,False
2016-03-26 01:20:00,60,1,False
2016-03-26 01:30:00,60,1,False
2016-03-26 01:40:00,50,1,False
2016-03-26 01:50:00,60,1,False
2016-03-26 02:00:00,60,2,False
2016-03-26 02:10:00,50,2,False
2016-03-26 02:20:00,50,2,False
2016-03-26 02:30:00,50,2,False
2016-03-26 02:40:00,50,2,False
2016-03-26 02:50:00,50,2,False
2016-03-26 03:00:00,40,3,False
2016-03-26 03:10:00,40,3,False
2016-03-26 03:20:00,40,3,False
2016-03-26 03:30:00,30,3,False
2016-03-26 03:40:00,50,3,False
2016-03-26 03:50:00,50,3,False
2016-03-26 04:00:00,60,4,False
2016-03-26 04:10:00,50,4,False
2016-03-26 04:20:00,50,4,False
2016-03-26 04:30:00,60,4,False
2016-03-26 04:40:00,50,4,False
2016-03-26 04:50:00,60,4,False
2016-03-26 05:00:00,60,5,False
2016-03-26 05:10:00,50,5,False
2016-03-26 05:20:00,50,5,False
2016-03-26 05:30:00,50,5,False
2016-03-26 05:40:00,40,5,False
2016-03-26 05:50:00,50,5,False
2016-03-26 06:00:00,60,6,False
2016-03-26 06:10:00,60,6,False
2016-03-26 06:20:00,60,6,False
2016-03-26 06:30:00,50,6,False
2016-03-26 06:40:00,60,6,False
2016-03-26 06:50:00,40,6,False
2016-03-26 07:00:00,60,7,False
2016-03-26 07:10:00,50,7,False
2016-03-26 07:20:00,50,7,False
2016-03-26 07:30:00,50,7,False
2016-03-26 07:40:00,60,7,False
2016-03-26 07:50:00,70,7,False
2016-03-26 08:00:00,80,8,False
2016-03-26 08:10:00,90,8,False
2016-03-26 08:20:00,60,8,False
2016-03-26 08:30:00,60,8,False
2016-03-26 08:40:00,50,8,False
2016-03-26 08:50:00,60,8,False
2016-03-26 09:00:00,50,9,False
2016-03-26 09:10:00,50,9,False
2016-03-26 09:20:00,50,9,False
2016-03-26 09:30:00,60,9,False
2016-03-26 09:40:00,110,9,False
2016-03-26 09:50:00,50,9,False
2016-03-26 10:00:00,150,10,False
2016-03-26 10:10:00,210,10,True
2016-03-26 10:20:00,120,10,False
2016-03-26 10:30:00,380,10,True
2016-03-26 10:40:00,160,10,False
2016-03-26 10:50:00,140,10,False
2016-03-26 11:00:00,130,11,False
2016-03-26 11:10:00,130,11,False
2016-03-26 11:20:00,140,11,False
2016-03-26 11:30:00,210,11,True
2016-03-26 11:40:00,510,11,True
2016-03-26 11:50:00,630,11,True
2016-03-26 12:00:00,500,12,True
2016-03-26 12:10:00,290,12,True
2016-03-26 12:20:00,270,12,True
2016-03-26 12:30:00,250,12,True
2016-03-26 12:40:00,130,12,False
2016-03-26 12:50:00,80,12,False
2016-03-26 13:00:00,100,13,False
2016-03-26 13:10:00,80,13,False
2016-03-26 13:20:00,140,13,False
2016-03-26 13:30:00,80,13,False
2016-03-26 13:40:00,90,13,False
2016-03-26 13:50:00,80,13,False
2016-03-26 14:00:00,80,14,False
2016-03-26 14:10:00,80,14,False
2016-03-26 14:20:00,70,14,False
2016-03-26 14:30:00,70,14,False
2016-03-26 14:40:00,70,14,False
2016-03-26 14:50:00,60,14,False
2016-03-26 15:00:00,60,15,False
2016-03-26 15:10:00,70,15,False
2016-03-26 15:20:00,70,15,False
2016-03-26 15:30:00,80,15,False
2016-03-26 15:40:00,60,15,False
2016-03-26 15:50:00,80,15,False
2016-03-26 16:00:00,60,16,False
2016-03-26 16:10:00,50,16,False
2016-03-26 16:20:00,90,16,False
2016-03-26 16:30:00,100,16,False
2016-03-26 16:40:00,100,16,False
2016-03-26 16:50:00,100,16,False
2016-03-26 17:00:00,120,17,False
2016-03-26 17:10:00,110,17,False
2016-03-26 17:20:00,110,17,False
2016-03-26 17:30:00,110,17,False
2016-03-26 17:40:00,100,17,False
2016-03-26 17:50:00,110,17,False
2016-03-26 18:00:00,100,18,False
2016-03-26 18:10:00,110,18,False
2016-03-26 18:20:00,110,18,False
2016-03-26 18:30:00,100,18,False
2016-03-26 18:40:00,100,18,False
2016-03-26 18:50:00,120,18,False
2016-03-26 19:00:00,240,19,True
2016-03-26 19:10:00,470,19,True
2016-03-26 19:20:00,180,19,True
2016-03-26 19:30:00,100,19,False
2016-03-26 19:40:00,100,19,False
2016-03-26 19:50:00,120,19,False
2016-03-26 20:00:00,450,20,True
2016-03-26 20:10:00,170,20,False
2016-03-26 20:20:00,140,20,False
2016-03-26 20:30:00,150,20,False
2016-03-26 20:40:00,140,20,False
2016-03-26 20:50:00,140,20,False
2016-03-26 21:00:00,120,21,False
2016-03-26 21:10:00,120,21,False
2016-03-26 21:20:00,120,21,False
2016-03-26 21:30:00,120,21,False
2016-03-26 21:40:00,110,21,False
2016-03-26 21:50:00,130,21,False
2016-03-26 22:00:00,470,22,True
2016-03-26 22:10:00,420,22,True
2016-03-26 22:20:00,130,22,False
2016-03-26 22:30:00,110,22,False
2016-03-26 22:40:00,100,22,False
2016-03-26 22:50:00,70,22,False
2016-03-26 23:00:00,50,23,False
2016-03-26 23:10:00,60,23,False
2016-03-26 23:20:00,50,23,False
2016-03-26 23:30:00,60,23,False
2016-03-26 23:40:00,50,23,False
2016-03-26 23:50:00,60,23,False
2016-03-27 00:00:00,60,0,False
2016-03-27 00:10:00,60,0,False
2016-03-27 00:20:00,30,0,False
2016-03-27 00:30:00,30,0,False
2016-03-27 00:40:00,40,0,False
2016-03-27 00:50:00,30,0,False
2016-03-27 01:00:00,70,1,False
2016-03-27 01:10:00,60,1,False
2016-03-27 01:20:00,70,1,False
2016-03-27 01:30:00,60,1,False
2016-03-27 01:40:00,70,1,False
2016-03-27 01:50:00,60,1,False
2016-03-27 02:00:00,60,2,False
2016-03-27 02:10:00,60,2,False
2016-03-27 02:20:00,60,2,False
2016-03-27 02:30:00,60,2,False
2016-03-27 02:40:00,60,2,False
2016-03-27 02:50:00,70,2,False
2016-03-27 03:00:00,60,3,False
2016-03-27 03:10:00,70,3,False
2016-03-27 03:20:00,60,3,False
2016-03-27 03:30:00,60,3,False
2016-03-27 03:40:00,60,3,False
2016-03-27 03:50:00,60,3,False
2016-03-27 04:00:00,60,4,False
2016-03-27 04:10:00,50,4,False
2016-03-27 04:20:00,70,4,False
2016-03-27 04:30:00,60,4,False
2016-03-27 04:40:00,60,4,False
2016-03-27 04:50:00,70,4,False
2016-03-27 05:00:00,60,5,False
2016-03-27 05:10:00,60,5,False
2016-03-27 05:20:00,50,5,False
2016-03-27 05:30:00,50,5,False
2016-03-27 05:40:00,60,5,False
2016-03-27 05:50:00,50,5,False
2016-03-27 06:00:00,60,6,False
2016-03-27 06:10:00,60,6,False
2016-03-27 06:20:00,60,6,False
2016-03-27 06:30:00,70,6,False
2016-03-27 06:40:00,60,6,False
2016-03-27 06:50:00,60,6,False
2016-03-27 07:00:00,50,7,False
2016-03-27 07:10:00,50,7,False
2016-03-27 07:20:00,60,7,False
2016-03-27 07:30:00,50,7,False
2016-03-27 07:40:00,60,7,False
2016-03-27 07:50:00,50,7,False
2016-03-27 08:00:00,40,8,False
2016-03-27 08:10:00,40,8,False
2016-03-27 08:20:00,40,8,False
2016-03-27 08:30:00,40,8,False
2016-03-27 08:40:00,100,8,False
2016-03-27 08:50:00,60,8,False
2016-03-27 09:00:00,50,9,False
2016-03-27 09:10:00,80,9,False
2016-03-27 09:20:00,100,9,False
2016-03-27 09:30:00,80,9,False
2016-03-27 09:40:00,80,9,False
2016-03-27 09:50:00,100,9,False
2016-03-27 10:00:00,80,10,False
2016-03-27 10:10:00,110,10,False
2016-03-27 10:20:00,80,10,False
2016-03-27 10:30:00,90,10,False
2016-03-27 10:40:00,110,10,False
2016-03-27 10:50:00,100,10,False
2016-03-27 11:00:00,100,11,False
2016-03-27 11:10:00,80,11,False
2016-03-27 11:20:00,80,11,False
2016-03-27 11:30:00,70,11,False
2016-03-27 11:40:00,70,11,False
2016-03-27 11:50:00,70,11,False
2016-03-27 12:00:00,60,12,False
2016-03-27 12:10:00,70,12,False
2016-03-27 12:20:00,70,12,False
2016-03-27 12:30:00,80,12,False
2016-03-27 12:40:00,80,12,False
2016-03-27 12:50:00,70,12,False
2016-03-27 13:00:00,80,13,False
2016-03-27 13:10:00,60,13,False
2016-03-27 13:20:00,70,13,False
2016-03-27 13:30:00,70,13,False
2016-03-27 13:40:00,60,13,False
2016-03-27 13:50:00,70,13,False
2016-03-27 14:00:00,60,14,False
2016-03-27 14:10:00,50,14,False
2016-03-27 14:20:00,50,14,False
2016-03-27 14:30:00,60,14,False
2016-03-27 14:40:00,70,14,False
2016-03-27 14:50:00,70,14,False
2016-03-27 15:00:00,70,15,False
2016-03-27 15:10:00,70,15,False
2016-03-27 15:20:00,60,15,False
2016-03-27 15:30:00,70,15,False
2016-03-27 15:40:00,60,15,False
2016-03-27 15:50:00,80,15,False
2016-03-27 16:00:00,70,16,False
2016-03-27 16:10:00,60,16,False
2016-03-27 16:20:00,80,16,False
2016-03-27 16:30:00,60,16,False
2016-03-27 16:40:00,70,16,False
2016-03-27 16:50:00,60,16,False
2016-03-27 17:00:00,70,17,False
2016-03-27 17:10:00,60,17,False
2016-03-27 17:20:00,60,17,False
2016-03-27 17:30:00,80,17,False
2016-03-27 17:40:00,120,17,False
2016-03-27 17:50:00,140,17,False
2016-03-27 18:00:00,140,18,False
2016-03-27 18:10:00,160,18,False
2016-03-27 18:20:00,180,18,True
2016-03-27 18:30:00,160,18,False
2016-03-27 18:40:00,160,18,False
2016-03-27 18:50:00,140,18,False
2016-03-27 19:00:00,120,19,False
2016-03-27 19:10:00,110,19,False
2016-03-27 19:20:00,90,19,False
2016-03-27 19:30:00,90,19,False
2016-03-27 19:40:00,80,19,False
2016-03-27 19:50:00,80,19,False
2016-03-27 20:00:00,80,20,False
2016-03-27 20:10:00,80,20,False
2016-03-27 20:20:00,70,20,False
2016-03-27 20:30:00,70,20,False
2016-03-27 20:40:00,60,20,False
2016-03-27 20:50:00,80,20,False
2016-03-27 21:00:00,100,21,False
2016-03-27 21:10:00,90,21,False
2016-03-27 21:20:00,90,21,False
2016-03-27 21:30:00,80,21,False
2016-03-27 21:40:00,90,21,False
2016-03-27 21:50:00,70,21,False
2016-03-27 22:00:00,80,22,False
2016-03-27 22:10:00,90,22,False
2016-03-27 22:20:00,90,22,False
2016-03-27 22:30:00,80,22,False
2016-03-27 22:40:00,80,22,False
2016-03-27 22:50:00,90,22,False
2016-03-27 23:00:00,70,23,False
2016-03-27 23:10:00,80,23,False
2016-03-27 23:20:00,60,23,False
2016-03-27 23:30:00,50,23,False
2016-03-27 23:40:00,60,23,False
2016-03-27 23:50:00,60,23,False
2016-03-28 00:00:00,60,0,False
2016-03-28 00:10:00,70,0,False
2016-03-28 00:20:00,60,0,False
2016-03-28 00:30:00,60,0,False
2016-03-28 00:40:00,50,0,False
2016-03-28 00:50:00,60,0,False
2016-03-28 01:00:00,50,1,False
2016-03-28 01:10:00,60,1,False
2016-03-28 01:20:00,60,1,False
2016-03-28 01:30:00,70,1,False
2016-03-28 01:40:00,60,1,False
2016-03-28 01:50:00,60,1,False
2016-03-28 02:00:00,70,2,False
2016-03-28 02:10:00,60,2,False
2016-03-28 02:20:00,60,2,False
2016-03-28 02:30:00,50,2,False
2016-03-28 02:40:00,60,2,False
2016-03-28 02:50:00,60,2,False
2016-03-28 03:00:00,60,3,False
2016-03-28 03:10:00,70,3,False
2016-03-28 03:20:00,50,3,False
2016-03-28 03:30:00,70,3,False
2016-03-28 03:40:00,60,3,False
2016-03-28 03:50:00,60,3,False
2016-03-28 04:00:00,50,4,False
2016-03-28 04:10:00,60,4,False
2016-03-28 04:20:00,60,4,False
2016-03-28 04:30:00,50,4,False
2016-03-28 04:40:00,70,4,False
2016-03-28 04:50:00,60,4,False
2016-03-28 05:00:00,60,5,False
2016-03-28 05:10:00,60,5,False
2016-03-28 05:20:00,60,5,False
2016-03-28 05:30:00,50,5,False
2016-03-28 05:40:00,60,5,False
2016-03-28 05:50:00,50,5,False
2016-03-28 06:00:00,60,6,False
2016-03-28 06:10:00,50,6,False
2016-03-28 06:20:00,40,6,False
2016-03-28 06:30:00,50,6,False
2016-03-28 06:40:00,40,6,False
2016-03-28 06:50:00,60,6,False
2016-03-28 07:00:00,70,7,False
2016-03-28 07:10:00,50,7,False
2016-03-28 07:20:00,60,7,False
2016-03-28 07:30:00,70,7,False
2016-03-28 07:40:00,60,7,False
2016-03-28 07:50:00,70,7,False
2016-03-28 08:00:00,70,8,False
2016-03-28 08:10:00,120,8,False
2016-03-28 08:20:00,60,8,False
2016-03-28 08:30:00,70,8,False
2016-03-28 08:40:00,60,8,False
2016-03-28 08:50:00,60,8,False
2016-03-28 09:00:00,90,9,False
2016-03-28 09:10:00,60,9,False
2016-03-28 09:20:00,60,9,False
2016-03-28 09:30:00,60,9,False
2016-03-28 09:40:00,140,9,False
2016-03-28 09:50:00,110,9,False
2016-03-28 10:00:00,100,10,False
2016-03-28 10:10:00,90,10,False
2016-03-28 10:20:00,110,10,False
2016-03-28 10:30:00,90,10,False
2016-03-28 10:40:00,230,10,True
2016-03-28 10:50:00,210,10,True
2016-03-28 11:00:00,170,11,False
2016-03-28 11:10:00,380,11,True
2016-03-28 11:20:00,210,11,True
2016-03-28 11:30:00,150,11,False
2016-03-28 11:40:00,100,11,False
2016-03-28 11:50:00,270,11,True
2016-03-28 12:00:00,130,12,False
2016-03-28 12:10:00,100,12,False
2016-03-28 12:20:00,130,12,False
2016-03-28 12:30:00,100,12,False
2016-03-28 12:40:00,100,12,False
2016-03-28 12:50:00,100,12,False
2016-03-28 13:00:00,70,13,False
2016-03-28 13:10:00,80,13,False
2016-03-28 13:20:00,80,13,False
2016-03-28 13:30:00,440,13,True
2016-03-28 13:40:00,430,13,True
2016-03-28 13:50:00,320,13,True
2016-03-28 14:00:00,300,14,True
2016-03-28 14:10:00,270,14,True
2016-03-28 14:20:00,290,14,True
2016-03-28 14:30:00,280,14,True
2016-03-28 14:40:00,250,14,True
2016-03-28 14:50:00,190,14,True
2016-03-28 15:00:00,100,15,False
2016-03-28 15:10:00,90,15,False
2016-03-28 15:20:00,80,15,False
2016-03-28 15:30:00,80,15,False
2016-03-28 15:40:00,400,15,True
2016-03-28 15:50:00,660,15,True
2016-03-28 16:00:00,310,16,True
2016-03-28 16:10:00,110,16,False
2016-03-28 16:20:00,110,16,False
2016-03-28 16:30:00,100,16,False
2016-03-28 16:40:00,100,16,False
2016-03-28 16:50:00,100,16,False
2016-03-28 17:00:00,100,17,False
2016-03-28 17:10:00,110,17,False
2016-03-28 17:20:00,140,17,False
2016-03-28 17:30:00,620,17,True
2016-03-28 17:40:00,580,17,True
2016-03-28 17:50:00,350,17,True
2016-03-28 18:00:00,100,18,False
2016-03-28 18:10:00,130,18,False
2016-03-28 18:20:00,240,18,True
2016-03-28 18:30:00,250,18,True
2016-03-28 18:40:00,330,18,True
2016-03-28 18:50:00,260,18,True
2016-03-28 19:00:00,120,19,False
2016-03-28 19:10:00,500,19,True
2016-03-28 19:20:00,110,19,False
2016-03-28 19:30:00,120,19,False
2016-03-28 19:40:00,120,19,False
2016-03-28 19:50:00,110,19,False
2016-03-28 20:00:00,110,20,False
2016-03-28 20:10:00,420,20,True
2016-03-28 20:20:00,330,20,True
2016-03-28 20:30:00,100,20,False
2016-03-28 20:40:00,100,20,False
2016-03-28 20:50:00,90,20,False
2016-03-28 21:00:00,80,21,False
2016-03-28 21:10:00,70,21,False
2016-03-28 21:20:00,80,21,False
2016-03-28 21:30:00,90,21,False
2016-03-28 21:40:00,90,21,False
2016-03-28 21:50:00,80,21,False
2016-03-28 22:00:00,80,22,False
2016-03-28 22:10:00,50,22,False
2016-03-28 22:20:00,60,22,False
2016-03-28 22:30:00,50,22,False
2016-03-28 22:40:00,50,22,False
2016-03-28 22:50:00,50,22,False
2016-03-28 23:00:00,40,23,False
2016-03-28 23:10:00,40,23,False
2016-03-28 23:20:00,40,23,False
2016-03-28 23:30:00,40,23,False
2016-03-28 23:40:00,50,23,False
2016-03-28 23:50:00,60,23,False
2016-03-29 00:00:00,50,0,False
2016-03-29 00:10:00,60,0,False
2016-03-29 00:20:00,50,0,False
2016-03-29 00:30:00,50,0,False
2016-03-29 00:40:00,70,0,False
2016-03-29 00:50:00,60,0,False
2016-03-29 01:00:00,70,1,False
2016-03-29 01:10:00,50,1,False
2016-03-29 01:20:00,70,1,False
2016-03-29 01:30:00,50,1,False
2016-03-29 01:40:00,60,1,False
2016-03-29 01:50:00,50,1,False
2016-03-29 02:00:00,50,2,False
2016-03-29 02:10:00,60,2,False
2016-03-29 02:20:00,60,2,False
2016-03-29 02:30:00,60,2,False
2016-03-29 02:40:00,60,2,False
2016-03-29 02:50:00,70,2,False
2016-03-29 03:00:00,60,3,False
2016-03-29 03:10:00,60,3,False
2016-03-29 03:20:00,40,3,False
2016-03-29 03:30:00,60,3,False
2016-03-29 03:40:00,50,3,False
2016-03-29 03:50:00,50,3,False
2016-03-29 04:00:00,70,4,False
2016-03-29 04:10:00,50,4,False
2016-03-29 04:20:00,70,4,False
2016-03-29 04:30:00,50,4,False
2016-03-29 04:40:00,70,4,False
2016-03-29 04:50:00,60,4,False
2016-03-29 05:00:00,80,5,False
2016-03-29 05:10:00,60,5,False
2016-03-29 05:20:00,50,5,False
2016-03-29 05:30:00,60,5,False
2016-03-29 05:40:00,50,5,False
2016-03-29 05:50:00,60,5,False
2016-03-29 06:00:00,40,6,False
2016-03-29 06:10:00,30,6,False
2016-03-29 06:20:00,40,6,False
2016-03-29 06:30:00,40,6,False
2016-03-29 06:40:00,60,6,False
2016-03-29 06:50:00,60,6,False
2016-03-29 07:00:00,70,7,False
2016-03-29 07:10:00,50,7,False
2016-03-29 07:20:00,70,7,False
2016-03-29 07:30:00,60,7,False
2016-03-29 07:40:00,60,7,False
2016-03-29 07:50:00,60,7,False
2016-03-29 08:00:00,60,8,False
2016-03-29 08:10:00,50,8,False
2016-03-29 08:20:00,70,8,False
2016-03-29 08:30:00,80,8,False
2016-03-29 08:40:00,80,8,False
2016-03-29 08:50:00,90,8,False
2016-03-29 09:00:00,100,9,False
2016-03-29 09:10:00,100,9,False
2016-03-29 09:20:00,100,9,False
2016-03-29 09:30:00,70,9,False
2016-03-29 09:40:00,80,9,False
2016-03-29 09:50:00,70,9,False
2016-03-29 10:00:00,80,10,False
2016-03-29 10:10:00,80,10,False
2016-03-29 10:20:00,80,10,False
2016-03-29 10:30:00,90,10,False
2016-03-29 10:40:00,80,10,False
2016-03-29 10:50:00,80,10,False
2016-03-29 11:00:00,60,11,False
2016-03-29 11:10:00,50,11,False
2016-03-29 11:20:00,60,11,False
2016-03-29 11:30:00,50,11,False
2016-03-29 11:40:00,70,11,False
2016-03-29 11:50:00,80,11,False
2016-03-29 12:00:00,90,12,False
2016-03-29 12:10:00,160,12,False
2016-03-29 12:20:00,90,12,False
2016-03-29 12:30:00,120,12,False
2016-03-29 12:40:00,80,12,False
2016-03-29 12:50:00,80,12,False
2016-03-29 13:00:00,90,13,False
2016-03-29 13:10:00,100,13,False
2016-03-29 13:20:00,110,13,False
2016-03-29 13:30:00,130,13,False
2016-03-29 13:40:00,120,13,False
2016-03-29 13:50:00,120,13,False
2016-03-29 14:00:00,100,14,False
2016-03-29 14:10:00,120,14,False
2016-03-29 14:20:00,110,14,False
2016-03-29 14:30:00,110,14,False
2016-03-29 14:40:00,110,14,False
2016-03-29 14:50:00,100,14,False
2016-03-29 15:00:00,110,15,False
2016-03-29 15:10:00,110,15,False
2016-03-29 15:20:00,110,15,False
2016-03-29 15:30:00,110,15,False
2016-03-29 15:40:00,110,15,False
2016-03-29 15:50:00,100,15,False
2016-03-29 16:00:00,110,16,False
2016-03-29 16:10:00,110,16,False
2016-03-29 16:20:00,90,16,False
2016-03-29 16:30:00,90,16,False
2016-03-29 16:40:00,70,16,False
2016-03-29 16:50:00,260,16,True
2016-03-29 17:00:00,390,17,True
2016-03-29 17:10:00,320,17,True
2016-03-29 17:20:00,100,17,False
2016-03-29 17:30:00,350,17,True
2016-03-29 17:40:00,480,17,True
2016-03-29 17:50:00,120,17,False
2016-03-29 18:00:00,100,18,False
2016-03-29 18:10:00,100,18,False
2016-03-29 18:20:00,120,18,False
2016-03-29 18:30:00,110,18,False
2016-03-29 18:40:00,110,18,False
2016-03-29 18:50:00,110,18,False
2016-03-29 19:00:00,110,19,False
2016-03-29 19:10:00,120,19,False
2016-03-29 19:20:00,130,19,False
2016-03-29 19:30:00,140,19,False
2016-03-29 19:40:00,130,19,False
2016-03-29 19:50:00,140,19,False
2016-03-29 20:00:00,140,20,False
2016-03-29 20:10:00,140,20,False
2016-03-29 20:20:00,130,20,False
2016-03-29 20:30:00,130,20,False
2016-03-29 20:40:00,120,20,False
2016-03-29 20:50:00,130,20,False
2016-03-29 21:00:00,100,21,False
2016-03-29 21:10:00,90,21,False
2016-03-29 21:20:00,100,21,False
2016-03-29 21:30:00,90,21,False
2016-03-29 21:40:00,80,21,False
2016-03-29 21:50:00,80,21,False
2016-03-29 22:00:00,90,22,False
2016-03-29 22:10:00,60,22,False
2016-03-29 22:20:00,60,22,False
2016-03-29 22:30:00,50,22,False
2016-03-29 22:40:00,60,22,False
2016-03-29 22:50:00,50,22,False
2016-03-29 23:00:00,60,23,False
2016-03-29 23:10:00,80,23,False
2016-03-29 23:20:00,70,23,False
2016-03-29 23:30:00,70,23,False
2016-03-29 23:40:00,70,23,False
2016-03-29 23:50:00,70,23,False
2016-03-30 00:00:00,60,0,False
2016-03-30 00:10:00,70,0,False
2016-03-30 00:20:00,60,0,False
2016-03-30 00:30:00,70,0,False
2016-03-30 00:40:00,70,0,False
2016-03-30 00:50:00,60,0,False
2016-03-30 01:00:00,60,1,False
2016-03-30 01:10:00,60,1,False
2016-03-30 01:20:00,60,1,False
2016-03-30 01:30:00,50,1,False
2016-03-30 01:40:00,60,1,False
2016-03-30 01:50:00,50,1,False
2016-03-30 02:00:00,60,2,False
2016-03-30 02:10:00,70,2,False
2016-03-30 02:20:00,60,2,False
2016-03-30 02:30:00,70,2,False
2016-03-30 02:40:00,50,2,False
2016-03-30 02:50:00,60,2,False
2016-03-30 03:00:00,50,3,False
2016-03-30 03:10:00,60,3,False
2016-03-30 03:20:00,50,3,False
2016-03-30 03:30:00,70,3,False
2016-03-30 03:40:00,50,3,False
2016-03-30 03:50:00,70,3,False
2016-03-30 04:00:00,60,4,False
2016-03-30 04:10:00,60,4,False
2016-03-30 04:20:00,60,4,False
2016-03-30 04:30:00,50,4,False
2016-03-30 04:40:00,60,4,False
2016-03-30 04:50:00,50,4,False
2016-03-30 05:00:00,60,5,False
2016-03-30 05:10:00,80,5,False
2016-03-30 05:20:00,40,5,False
2016-03-30 05:30:00,40,5,False
2016-03-30 05:40:00,50,5,False
2016-03-30 05:50:00,50,5,False
2016-03-30 06:00:00,50,6,False
2016-03-30 06:10:00,60,6,False
2016-03-30 06:20:00,60,6,False
2016-03-30 06:30:00,60,6,False
2016-03-30 06:40:00,70,6,False
2016-03-30 06:50:00,70,6,False
2016-03-30 07:00:00,70,7,False
2016-03-30 07:10:00,50,7,False
2016-03-30 07:20:00,60,7,False
2016-03-30 07:30:00,50,7,False
2016-03-30 07:40:00,60,7,False
2016-03-30 07:50:00,60,7,False
2016-03-30 08:00:00,50,8,False
2016-03-30 08:10:00,110,8,False
2016-03-30 08:20:00,70,8,False
2016-03-30 08:30:00,80,8,False
2016-03-30 08:40:00,90,8,False
2016-03-30 08:50:00,100,8,False
2016-03-30 09:00:00,80,9,False
2016-03-30 09:10:00,80,9,False
2016-03-30 09:20:00,80,9,False
2016-03-30 09:30:00,50,9,False
2016-03-30 09:40:00,90,9,False
2016-03-30 09:50:00,120,9,False
2016-03-30 10:00:00,90,10,False
2016-03-30 10:10:00,110,10,False
2016-03-30 10:20:00,70,10,False
2016-03-30 10:30:00,110,10,False
2016-03-30 10:40:00,110,10,False
2016-03-30 10:50:00,100,10,False
2016-03-30 11:00:00,90,11,False
2016-03-30 11:10:00,100,11,False
2016-03-30 11:20:00,100,11,False
2016-03-30 11:30:00,110,11,False
2016-03-30 11:40:00,100,11,False
2016-03-30 11:50:00,100,11,False
2016-03-30 12:00:00,170,12,False
2016-03-30 12:10:00,90,12,False
2016-03-30 12:20:00,70,12,False
2016-03-30 12:30:00,80,12,False
2016-03-30 12:40:00,110,12,False
2016-03-30 12:50:00,110,12,False
2016-03-30 13:00:00,110,13,False
2016-03-30 13:10:00,100,13,False
2016-03-30 13:20:00,100,13,False
2016-03-30 13:30:00,100,13,False
2016-03-30 13:40:00,100,13,False
2016-03-30 13:50:00,80,13,False
2016-03-30 14:00:00,80,14,False
2016-03-30 14:10:00,80,14,False
2016-03-30 14:20:00,80,14,False
2016-03-30 14:30:00,110,14,False
2016-03-30 14:40:00,90,14,False
2016-03-30 14:50:00,90,14,False
2016-03-30 15:00:00,80,15,False
2016-03-30 15:10:00,90,15,False
2016-03-30 15:20:00,80,15,False
2016-03-30 15:30:00,90,15,False
2016-03-30 15:40:00,90,15,False
2016-03-30 15:50:00,100,15,False
2016-03-30 16:00:00,80,16,False
2016-03-30 16:10:00,60,16,False
2016-03-30 16:20:00,60,16,False
2016-03-30 16:30:00,60,16,False
2016-03-30 16:40:00,50,16,False
2016-03-30 16:50:00,60,16,False
2016-03-30 17:00:00,70,17,False
2016-03-30 17:10:00,90,17,False
2016-03-30 17:20:00,80,17,False
2016-03-30 17:30:00,90,17,False
2016-03-30 17:40:00,90,17,False
2016-03-30 17:50:00,100,17,False
2016-03-30 18:00:00,90,18,False
2016-03-30 18:10:00,90,18,False
2016-03-30 18:20:00,120,18,False
2016-03-30 18:30:00,440,18,True
2016-03-30 18:40:00,220,18,True
2016-03-30 18:50:00,210,18,True
2016-03-30 19:00:00,330,19,True
2016-03-30 19:10:00,220,19,True
2016-03-30 19:20:00,120,19,False
2016-03-30 19:30:00,90,19,False
2016-03-30 19:40:00,100,19,False
2016-03-30 19:50:00,110,19,False
2016-03-30 20:00:00,100,20,False
2016-03-30 20:10:00,360,20,True
2016-03-30 20:20:00,400,20,True
2016-03-30 20:30:00,100,20,False
2016-03-30 20:40:00,120,20,False
2016-03-30 20:50:00,100,20,False
2016-03-30 21:00:00,120,21,False
2016-03-30 21:10:00,70,21,False
2016-03-30 21:20:00,50,21,False
2016-03-30 21:30:00,60,21,False
2016-03-30 21:40:00,60,21,False
2016-03-30 21:50:00,50,21,False
2016-03-30 22:00:00,70,22,False
2016-03-30 22:10:00,60,22,False
2016-03-30 22:20:00,60,22,False
2016-03-30 22:30:00,70,22,False
2016-03-30 22:40:00,50,22,False
2016-03-30 22:50:00,60,22,False
2016-03-30 23:00:00,60,23,False
2016-03-30 23:10:00,60,23,False
2016-03-30 23:20:00,60,23,False
2016-03-30 23:30:00,60,23,False
2016-03-30 23:40:00,50,23,False
2016-03-30 23:50:00,50,23,False
2016-03-31 00:00:00,30,0,False
2016-03-31 00:10:00,30,0,False
2016-03-31 00:20:00,20,0,False
2016-03-31 00:30:00,40,0,False
2016-03-31 00:40:00,50,0,False
2016-03-31 00:50:00,60,0,False
2016-03-31 01:00:00,50,1,False
2016-03-31 01:10:00,60,1,False
2016-03-31 01:20:00,50,1,False
2016-03-31 01:30:00,50,1,False
2016-03-31 01:40:00,50,1,False
2016-03-31 01:50:00,50,1,False
2016-03-31 02:00:00,60,2,False
2016-03-31 02:10:00,50,2,False
2016-03-31 02:20:00,60,2,False
2016-03-31 02:30:00,50,2,False
2016-03-31 02:40:00,50,2,False
2016-03-31 02:50:00,50,2,False
2016-03-31 03:00:00,50,3,False
2016-03-31 03:10:00,50,3,False
2016-03-31 03:20:00,50,3,False
2016-03-31 03:30:00,70,3,False
2016-03-31 03:40:00,50,3,False
2016-03-31 03:50:00,60,3,False
2016-03-31 04:00:00,50,4,False
2016-03-31 04:10:00,50,4,False
2016-03-31 04:20:00,50,4,False
2016-03-31 04:30:00,40,4,False
2016-03-31 04:40:00,50,4,False
2016-03-31 04:50:00,50,4,False
2016-03-31 05:00:00,90,5,False
2016-03-31 05:10:00,60,5,False
2016-03-31 05:20:00,50,5,False
2016-03-31 05:30:00,20,5,False
2016-03-31 05:40:00,40,5,False
2016-03-31 05:50:00,30,5,False
2016-03-31 06:00:00,50,6,False
2016-03-31 06:10:00,50,6,False
2016-03-31 06:20:00,50,6,False
2016-03-31 06:30:00,60,6,False
2016-03-31 06:40:00,60,6,False
2016-03-31 06:50:00,60,6,False
2016-03-31 07:00:00,80,7,False
2016-03-31 07:10:00,60,7,False
2016-03-31 07:20:00,40,7,False
2016-03-31 07:30:00,50,7,False
2016-03-31 07:40:00,50,7,False
2016-03-31 07:50:00,70,7,False
2016-03-31 08:00:00,80,8,False
2016-03-31 08:10:00,70,8,False
2016-03-31 08:20:00,70,8,False
2016-03-31 08:30:00,50,8,False
2016-03-31 08:40:00,50,8,False
2016-03-31 08:50:00,70,8,False
2016-03-31 09:00:00,60,9,False
2016-03-31 09:10:00,50,9,False
2016-03-31 09:20:00,50,9,False
2016-03-31 09:30:00,100,9,False
2016-03-31 09:40:00,80,9,False
2016-03-31 09:50:00,90,9,False
2016-03-31 10:00:00,90,10,False
2016-03-31 10:10:00,90,10,False
2016-03-31 10:20:00,90,10,False
2016-03-31 10:30:00,90,10,False
2016-03-31 10:40:00,80,10,False
2016-03-31 10:50:00,80,10,False
2016-03-31 11:00:00,100,11,False
2016-03-31 11:10:00,90,11,False
2016-03-31 11:20:00,80,11,False
2016-03-31 11:30:00,100,11,False
2016-03-31 11:40:00,90,11,False
2016-03-31 11:50:00,100,11,False
2016-03-31 12:00:00,90,12,False
2016-03-31 12:10:00,100,12,False
2016-03-31 12:20:00,90,12,False
2016-03-31 12:30:00,100,12,False
2016-03-31 12:40:00,100,12,False
2016-03-31 12:50:00,150,12,False
2016-03-31 13:00:00,140,13,False
2016-03-31 13:10:00,90,13,False
2016-03-31 13:20:00,80,13,False
2016-03-31 13:30:00,90,13,False
2016-03-31 13:40:00,80,13,False
2016-03-31 13:50:00,100,13,False
2016-03-31 14:00:00,110,14,False
2016-03-31 14:10:00,110,14,False
2016-03-31 14:20:00,120,14,False
2016-03-31 14:30:00,110,14,False
2016-03-31 14:40:00,80,14,False
2016-03-31 14:50:00,110,14,False
2016-03-31 15:00:00,90,15,False
2016-03-31 15:10:00,110,15,False
2016-03-31 15:20:00,100,15,False
2016-03-31 15:30:00,110,15,False
2016-03-31 15:40:00,110,15,False
2016-03-31 15:50:00,100,15,False
2016-03-31 16:00:00,90,16,False
2016-03-31 16:10:00,90,16,False
2016-03-31 16:20:00,90,16,False
2016-03-31 16:30:00,80,16,False
2016-03-31 16:40:00,100,16,False
2016-03-31 16:50:00,90,16,False
2016-03-31 17:00:00,80,17,False
2016-03-31 17:10:00,70,17,False
2016-03-31 17:20:00,90,17,False
2016-03-31 17:30:00,430,17,True
2016-03-31 17:40:00,440,17,True
2016-03-31 17:50:00,110,17,False
2016-03-31 18:00:00,90,18,False
2016-03-31 18:10:00,90,18,False
2016-03-31 18:20:00,110,18,False
2016-03-31 18:30:00,90,18,False
2016-03-31 18:40:00,120,18,False
2016-03-31 18:50:00,100,18,False
2016-03-31 19:00:00,100,19,False
2016-03-31 19:10:00,90,19,False
2016-03-31 19:20:00,120,19,False
2016-03-31 19:30:00,110,19,False
2016-03-31 19:40:00,120,19,False
2016-03-31 19:50:00,120,19,False
2016-03-31 20:00:00,120,20,False
2016-03-31 20:10:00,140,20,False
2016-03-31 20:20:00,110,20,False
2016-03-31 20:30:00,120,20,False
2016-03-31 20:40:00,90,20,False
2016-03-31 20:50:00,70,20,False
2016-03-31 21:00:00,40,21,False
2016-03-31 21:10:00,40,21,False
2016-03-31 21:20:00,40,21,False
2016-03-31 21:30:00,30,21,False
2016-03-31 21:40:00,60,21,False
2016-03-31 21:50:00,50,21,False
2016-03-31 22:00:00,50,22,False
2016-03-31 22:10:00,50,22,False
2016-03-31 22:20:00,60,22,False
2016-03-31 22:30:00,50,22,False
2016-03-31 22:40:00,60,22,False
2016-03-31 22:50:00,60,22,False
2016-03-31 23:00:00,70,23,False
2016-03-31 23:10:00,50,23,False
2016-03-31 23:20:00,60,23,False
2016-03-31 23:30:00,40,23,False
2016-03-31 23:40:00,50,23,False
2016-03-31 23:50:00,50,23,False
2016-04-01 00:00:00,60,0,False
2016-04-01 00:10:00,60,0,False
2016-04-01 00:20:00,60,0,False
2016-04-01 00:30:00,50,0,False
2016-04-01 00:40:00,50,0,False
2016-04-01 00:50:00,50,0,False
2016-04-01 01:00:00,30,1,False
2016-04-01 01:10:00,30,1,False
2016-04-01 01:20:00,20,1,False
2016-04-01 01:30:00,30,1,False
2016-04-01 01:40:00,60,1,False
2016-04-01 01:50:00,60,1,False
2016-04-01 02:00:00,60,2,False
2016-04-01 02:10:00,60,2,False
2016-04-01 02:20:00,50,2,False
2016-04-01 02:30:00,50,2,False
2016-04-01 02:40:00,50,2,False
2016-04-01 02:50:00,50,2,False
2016-04-01 03:00:00,50,3,False
2016-04-01 03:10:00,60,3,False
2016-04-01 03:20:00,60,3,False
2016-04-01 03:30:00,50,3,False
2016-04-01 03:40:00,50,3,False
2016-04-01 03:50:00,50,3,False
2016-04-01 04:00:00,50,4,False
2016-04-01 04:10:00,60,4,False
2016-04-01 04:20:00,40,4,False
2016-04-01 04:30:00,60,4,False
2016-04-01 04:40:00,50,4,False
2016-04-01 04:50:00,50,4,False
2016-04-01 05:00:00,60,5,False
2016-04-01 05:10:00,40,5,False
2016-04-01 05:20:00,30,5,False
2016-04-01 05:30:00,20,5,False
2016-04-01 05:40:00,30,5,False
2016-04-01 05:50:00,50,5,False
2016-04-01 06:00:00,60,6,False
2016-04-01 06:10:00,60,6,False
2016-04-01 06:20:00,50,6,False
2016-04-01 06:30:00,60,6,False
2016-04-01 06:40:00,40,6,False
2016-04-01 06:50:00,60,6,False
2016-04-01 07:00:00,70,7,False
2016-04-01 07:10:00,60,7,False
2016-04-01 07:20:00,80,7,False
2016-04-01 07:30:00,70,7,False
2016-04-01 07:40:00,60,7,False
2016-04-01 07:50:00,50,7,False
2016-04-01 08:00:00,60,8,False
2016-04-01 08:10:00,370,8,True
2016-04-01 08:20:00,50,8,False
2016-04-01 08:30:00,60,8,False
2016-04-01 08:40:00,40,8,False
2016-04-01 08:50:00,50,8,False
2016-04-01 09:00:00,60,9,False
2016-04-01 09:10:00,110,9,False
2016-04-01 09:20:00,110,9,False
2016-04-01 09:30:00,100,9,False
2016-04-01 09:40:00,110,9,False
2016-04-01 09:50:00,100,9,False
2016-04-01 10:00:00,90,10,False
2016-04-01 10:10:00,380,10,True
2016-04-01 10:20:00,440,10,True
2016-04-01 10:30:00,110,10,False
2016-04-01 10:40:00,90,10,False
2016-04-01 10:50:00,70,10,False
2016-04-01 11:00:00,50,11,False
2016-04-01 11:10:00,40,11,False
2016-04-01 11:20:00,50,11,False
2016-04-01 11:30:00,50,11,False
2016-04-01 11:40:00,50,11,False
2016-04-01 11:50:00,50,11,False
2016-04-01 12:00:00,60,12,False
2016-04-01 12:10:00,60,12,False
2016-04-01 12:20:00,30,12,False
2016-04-01 12:30:00,40,12,False
2016-04-01 12:40:00,20,12,False
2016-04-01 12:50:00,30,12,False
2016-04-01 13:00:00,50,13,False
2016-04-01 13:10:00,50,13,False
2016-04-01 13:20:00,60,13,False
2016-04-01 13:30:00,50,13,False
2016-04-01 13:40:00,60,13,False
2016-04-01 13:50:00,50,13,False
2016-04-01 14:00:00,60,14,False
2016-04-01 14:10:00,40,14,False
2016-04-01 14:20:00,40,14,False
2016-04-01 14:30:00,60,14,False
2016-04-01 14:40:00,50,14,False
2016-04-01 14:50:00,60,14,False
2016-04-01 15:00:00,50,15,False
2016-04-01 15:10:00,50,15,False
2016-04-01 15:20:00,50,15,False
2016-04-01 15:30:00,50,15,False
2016-04-01 15:40:00,50,15,False
2016-04-01 15:50:00,40,15,False
2016-04-01 16:00:00,60,16,False
2016-04-01 16:10:00,50,16,False
2016-04-01 16:20:00,50,16,False
2016-04-01 16:30:00,50,16,False
2016-04-01 16:40:00,40,16,False
2016-04-01 16:50:00,20,16,False
2016-04-01 17:00:00,20,17,False
2016-04-01 17:10:00,30,17,False
2016-04-01 17:20:00,50,17,False
2016-04-01 17:30:00,60,17,False
2016-04-01 17:40:00,60,17,False
2016-04-01 17:50:00,50,17,False
2016-04-01 18:00:00,50,18,False
2016-04-01 18:10:00,50,18,False
2016-04-01 18:20:00,40,18,False
2016-04-01 18:30:00,50,18,False
2016-04-01 18:40:00,50,18,False
2016-04-01 18:50:00,50,18,False
2016-04-01 19:00:00,60,19,False
2016-04-01 19:10:00,50,19,False
2016-04-01 19:20:00,60,19,False
2016-04-01 19:30:00,50,19,False
2016-04-01 19:40:00,40,19,False
2016-04-01 19:50:00,50,19,False
2016-04-01 20:00:00,40,20,False
2016-04-01 20:10:00,50,20,False
2016-04-01 20:20:00,50,20,False
2016-04-01 20:30:00,30,20,False
2016-04-01 20:40:00,30,20,False
2016-04-01 20:50:00,30,20,False
2016-04-01 21:00:00,40,21,False
2016-04-01 21:10:00,60,21,False
2016-04-01 21:20:00,50,21,False
2016-04-01 21:30:00,40,21,False
2016-04-01 21:40:00,60,21,False
2016-04-01 21:50:00,50,21,False
2016-04-01 22:00:00,50,22,False
2016-04-01 22:10:00,60,22,False
2016-04-01 22:20:00,40,22,False
2016-04-01 22:30:00,50,22,False
2016-04-01 22:40:00,50,22,False
2016-04-01 22:50:00,50,22,False
2016-04-01 23:00:00,40,23,False
2016-04-01 23:10:00,60,23,False
2016-04-01 23:20:00,50,23,False
2016-04-01 23:30:00,60,23,False
2016-04-01 23:40:00,50,23,False
2016-04-01 23:50:00,40,23,False
2016-04-02 00:00:00,50,0,False
2016-04-02 00:10:00,30,0,False
2016-04-02 00:20:00,20,0,False
2016-04-02 00:30:00,40,0,False
2016-04-02 00:40:00,40,0,False
2016-04-02 00:50:00,70,0,False
2016-04-02 01:00:00,50,1,False
2016-04-02 01:10:00,50,1,False
2016-04-02 01:20:00,40,1,False
2016-04-02 01:30:00,50,1,False
2016-04-02 01:40:00,50,1,False
2016-04-02 01:50:00,40,1,False
2016-04-02 02:00:00,60,2,False
2016-04-02 02:10:00,50,2,False
2016-04-02 02:20:00,70,2,False
2016-04-02 02:30:00,50,2,False
2016-04-02 02:40:00,50,2,False
2016-04-02 02:50:00,50,2,False
2016-04-02 03:00:00,50,3,False
2016-04-02 03:10:00,40,3,False
2016-04-02 03:20:00,50,3,False
2016-04-02 03:30:00,60,3,False
2016-04-02 03:40:00,40,3,False
2016-04-02 03:50:00,40,3,False
2016-04-02 04:00:00,30,4,False
2016-04-02 04:10:00,30,4,False
2016-04-02 04:20:00,50,4,False
2016-04-02 04:30:00,40,4,False
2016-04-02 04:40:00,50,4,False
2016-04-02 04:50:00,60,4,False
2016-04-02 05:00:00,50,5,False
2016-04-02 05:10:00,60,5,False
2016-04-02 05:20:00,50,5,False
2016-04-02 05:30:00,50,5,False
2016-04-02 05:40:00,50,5,False
2016-04-02 05:50:00,40,5,False
2016-04-02 06:00:00,50,6,False
2016-04-02 06:10:00,50,6,False
2016-04-02 06:20:00,50,6,False
2016-04-02 06:30:00,50,6,False
2016-04-02 06:40:00,60,6,False
2016-04-02 06:50:00,50,6,False
2016-04-02 07:00:00,50,7,False
2016-04-02 07:10:00,40,7,False
2016-04-02 07:20:00,20,7,False
2016-04-02 07:30:00,30,7,False
2016-04-02 07:40:00,30,7,False
2016-04-02 07:50:00,50,7,False
2016-04-02 08:00:00,60,8,False
2016-04-02 08:10:00,50,8,False
2016-04-02 08:20:00,50,8,False
2016-04-02 08:30:00,60,8,False
2016-04-02 08:40:00,40,8,False
2016-04-02 08:50:00,50,8,False
2016-04-02 09:00:00,50,9,False
2016-04-02 09:10:00,50,9,False
2016-04-02 09:20:00,50,9,False
2016-04-02 09:30:00,60,9,False
2016-04-02 09:40:00,50,9,False
2016-04-02 09:50:00,50,9,False
2016-04-02 10:00:00,50,10,False
2016-04-02 10:10:00,40,10,False
2016-04-02 10:20:00,50,10,False
2016-04-02 10:30:00,40,10,False
2016-04-02 10:40:00,30,10,False
2016-04-02 10:50:00,40,10,False
2016-04-02 11:00:00,30,11,False
2016-04-02 11:10:00,40,11,False
2016-04-02 11:20:00,50,11,False
2016-04-02 11:30:00,50,11,False
2016-04-02 11:40:00,50,11,False
2016-04-02 11:50:00,50,11,False
2016-04-02 12:00:00,50,12,False
2016-04-02 12:10:00,50,12,False
2016-04-02 12:20:00,60,12,False
2016-04-02 12:30:00,50,12,False
2016-04-02 12:40:00,50,12,False
2016-04-02 12:50:00,50,12,False
2016-04-02 13:00:00,40,13,False
2016-04-02 13:10:00,50,13,False
2016-04-02 13:20:00,50,13,False
2016-04-02 13:30:00,60,13,False
2016-04-02 13:40:00,70,13,False
2016-04-02 13:50:00,80,13,False
2016-04-02 14:00:00,70,14,False
2016-04-02 14:10:00,60,14,False
2016-04-02 14:20:00,40,14,False
2016-04-02 14:30:00,30,14,False
2016-04-02 14:40:00,30,14,False
2016-04-02 14:50:00,40,14,False
2016-04-02 15:00:00,70,15,False
2016-04-02 15:10:00,60,15,False
2016-04-02 15:20:00,60,15,False
2016-04-02 15:30:00,60,15,False
2016-04-02 15:40:00,60,15,False
2016-04-02 15:50:00,60,15,False
2016-04-02 16:00:00,50,16,False
2016-04-02 16:10:00,60,16,False
2016-04-02 16:20:00,60,16,False
2016-04-02 16:30:00,60,16,False
2016-04-02 16:40:00,70,16,False
2016-04-02 16:50:00,60,16,False
2016-04-02 17:00:00,60,17,False
2016-04-02 17:10:00,50,17,False
2016-04-02 17:20:00,50,17,False
2016-04-02 17:30:00,60,17,False
2016-04-02 17:40:00,50,17,False
2016-04-02 17:50:00,60,17,False
2016-04-02 18:00:00,70,18,False
2016-04-02 18:10:00,50,18,False
2016-04-02 18:20:00,40,18,False
2016-04-02 18:30:00,30,18,False
2016-04-02 18:40:00,40,18,False
2016-04-02 18:50:00,50,18,False
2016-04-02 19:00:00,60,19,False
2016-04-02 19:10:00,50,19,False
2016-04-02 19:20:00,70,19,False
2016-04-02 19:30:00,60,19,False
2016-04-02 19:40:00,60,19,False
2016-04-02 19:50:00,60,19,False
2016-04-02 20:00:00,50,20,False
2016-04-02 20:10:00,60,20,False
2016-04-02 20:20:00,60,20,False
2016-04-02 20:30:00,50,20,False
2016-04-02 20:40:00,50,20,False
2016-04-02 20:50:00,60,20,False
2016-04-02 21:00:00,70,21,False
2016-04-02 21:10:00,60,21,False
2016-04-02 21:20:00,60,21,False
2016-04-02 21:30:00,50,21,False
2016-04-02 21:40:00,50,21,False
2016-04-02 21:50:00,50,21,False
2016-04-02 22:00:00,30,22,False
2016-04-02 22:10:00,50,22,False
2016-04-02 22:20:00,30,22,False
2016-04-02 22:30:00,60,22,False
2016-04-02 22:40:00,60,22,False
2016-04-02 22:50:00,60,22,False
2016-04-02 23:00:00,50,23,False
2016-04-02 23:10:00,60,23,False
2016-04-02 23:20:00,50,23,False
2016-04-02 23:30:00,60,23,False
2016-04-02 23:40:00,60,23,False
2016-04-02 23:50:00,60,23,False
2016-04-03 00:00:00,60,0,False
2016-04-03 00:10:00,60,0,False
2016-04-03 00:20:00,50,0,False
2016-04-03 00:30:00,60,0,False
2016-04-03 00:40:00,50,0,False
2016-04-03 00:50:00,60,0,False
2016-04-03 01:00:00,60,1,False
2016-04-03 01:10:00,60,1,False
2016-04-03 01:20:00,60,1,False
2016-04-03 01:30:00,30,1,False
2016-04-03 01:40:00,40,1,False
2016-04-03 01:50:00,30,1,False
2016-04-03 02:00:00,50,2,False
2016-04-03 02:10:00,50,2,False
2016-04-03 02:20:00,70,2,False
2016-04-03 02:30:00,60,2,False
2016-04-03 02:40:00,70,2,False
2016-04-03 02:50:00,70,2,False
2016-04-03 03:00:00,50,3,False
2016-04-03 03:10:00,60,3,False
2016-04-03 03:20:00,50,3,False
2016-04-03 03:30:00,50,3,False
2016-04-03 03:40:00,50,3,False
2016-04-03 03:50:00,60,3,False
2016-04-03 04:00:00,60,4,False
2016-04-03 04:10:00,60,4,False
2016-04-03 04:20:00,70,4,False
2016-04-03 04:30:00,60,4,False
2016-04-03 04:40:00,60,4,False
2016-04-03 04:50:00,50,4,False
2016-04-03 05:00:00,40,5,False
2016-04-03 05:10:00,30,5,False
2016-04-03 05:20:00,50,5,False
2016-04-03 05:30:00,40,5,False
2016-04-03 05:40:00,70,5,False
2016-04-03 05:50:00,50,5,False
2016-04-03 06:00:00,50,6,False
2016-04-03 06:10:00,70,6,False
2016-04-03 06:20:00,50,6,False
2016-04-03 06:30:00,60,6,False
2016-04-03 06:40:00,60,6,False
2016-04-03 06:50:00,60,6,False
2016-04-03 07:00:00,60,7,False
2016-04-03 07:10:00,60,7,False
2016-04-03 07:20:00,50,7,False
2016-04-03 07:30:00,50,7,False
2016-04-03 07:40:00,60,7,False
2016-04-03 07:50:00,60,7,False
2016-04-03 08:00:00,50,8,False
2016-04-03 08:10:00,70,8,False
2016-04-03 08:20:00,40,8,False
2016-04-03 08:30:00,50,8,False
2016-04-03 08:40:00,30,8,False
2016-04-03 08:50:00,30,8,False
2016-04-03 09:00:00,60,9,False
2016-04-03 09:10:00,50,9,False
2016-04-03 09:20:00,60,9,False
2016-04-03 09:30:00,60,9,False
2016-04-03 09:40:00,70,9,False
2016-04-03 09:50:00,60,9,False
2016-04-03 10:00:00,60,10,False
2016-04-03 10:10:00,60,10,False
2016-04-03 10:20:00,50,10,False
2016-04-03 10:30:00,60,10,False
2016-04-03 10:40:00,50,10,False
2016-04-03 10:50:00,60,10,False
2016-04-03 11:00:00,60,11,False
2016-04-03 11:10:00,60,11,False
2016-04-03 11:20:00,70,11,False
2016-04-03 11:30:00,60,11,False
2016-04-03 11:40:00,50,11,False
2016-04-03 11:50:00,60,11,False
2016-04-03 12:00:00,50,12,False
2016-04-03 12:10:00,60,12,False
2016-04-03 12:20:00,50,12,False
2016-04-03 12:30:00,60,12,False
2016-04-03 12:40:00,70,12,False
2016-04-03 12:50:00,80,12,False
2016-04-03 13:00:00,80,13,False
2016-04-03 13:10:00,60,13,False
2016-04-03 13:20:00,70,13,False
2016-04-03 13:30:00,60,13,False
2016-04-03 13:40:00,80,13,False
2016-04-03 13:50:00,80,13,False
2016-04-03 14:00:00,90,14,False
2016-04-03 14:10:00,100,14,False
2016-04-03 14:20:00,90,14,False
2016-04-03 14:30:00,90,14,False
2016-04-03 14:40:00,90,14,False
2016-04-03 14:50:00,80,14,False
2016-04-03 15:00:00,90,15,False
2016-04-03 15:10:00,80,15,False
2016-04-03 15:20:00,80,15,False
2016-04-03 15:30:00,90,15,False
2016-04-03 15:40:00,90,15,False
2016-04-03 15:50:00,90,15,False
2016-04-03 16:00:00,90,16,False
2016-04-03 16:10:00,80,16,False
2016-04-03 16:20:00,90,16,False
2016-04-03 16:30:00,80,16,False
2016-04-03 16:40:00,90,16,False
2016-04-03 16:50:00,90,16,False
2016-04-03 17:00:00,90,17,False
2016-04-03 17:10:00,110,17,False
2016-04-03 17:20:00,110,17,False
2016-04-03 17:30:00,120,17,False
2016-04-03 17:40:00,90,17,False
2016-04-03 17:50:00,90,17,False
2016-04-03 18:00:00,100,18,False
2016-04-03 18:10:00,90,18,False
2016-04-03 18:20:00,110,18,False
2016-04-03 18:30:00,120,18,False
2016-04-03 18:40:00,120,18,False
2016-04-03 18:50:00,130,18,False
2016-04-03 19:00:00,120,19,False
2016-04-03 19:10:00,100,19,False
2016-04-03 19:20:00,90,19,False
2016-04-03 19:30:00,90,19,False
2016-04-03 19:40:00,80,19,False
2016-04-03 19:50:00,120,19,False
2016-04-03 20:00:00,110,20,False
2016-04-03 20:10:00,130,20,False
2016-04-03 20:20:00,120,20,False
2016-04-03 20:30:00,110,20,False
2016-04-03 20:40:00,120,20,False
2016-04-03 20:50:00,120,20,False
2016-04-03 21:00:00,110,21,False
2016-04-03 21:10:00,100,21,False
2016-04-03 21:20:00,100,21,False
2016-04-03 21:30:00,90,21,False
2016-04-03 21:40:00,90,21,False
2016-04-03 21:50:00,100,21,False
2016-04-03 22:00:00,90,22,False
2016-04-03 22:10:00,100,22,False
2016-04-03 22:20:00,80,22,False
2016-04-03 22:30:00,50,22,False
2016-04-03 22:40:00,60,22,False
2016-04-03 22:50:00,50,22,False
2016-04-03 23:00:00,60,23,False
2016-04-03 23:10:00,70,23,False
2016-04-03 23:20:00,70,23,False
2016-04-03 23:30:00,60,23,False
2016-04-03 23:40:00,60,23,False
2016-04-03 23:50:00,60,23,False
2016-04-04 00:00:00,50,0,False
2016-04-04 00:10:00,60,0,False
2016-04-04 00:20:00,50,0,False
2016-04-04 00:30:00,70,0,False
2016-04-04 00:40:00,70,0,False
2016-04-04 00:50:00,50,0,False
2016-04-04 01:00:00,60,1,False
2016-04-04 01:10:00,60,1,False
2016-04-04 01:20:00,60,1,False
2016-04-04 01:30:00,50,1,False
2016-04-04 01:40:00,60,1,False
2016-04-04 01:50:00,50,1,False
2016-04-04 02:00:00,60,2,False
2016-04-04 02:10:00,30,2,False
2016-04-04 02:20:00,50,2,False
2016-04-04 02:30:00,40,2,False
2016-04-04 02:40:00,40,2,False
2016-04-04 02:50:00,60,2,False
2016-04-04 03:00:00,60,3,False
2016-04-04 03:10:00,50,3,False
2016-04-04 03:20:00,60,3,False
2016-04-04 03:30:00,50,3,False
2016-04-04 03:40:00,60,3,False
2016-04-04 03:50:00,60,3,False
2016-04-04 04:00:00,60,4,False
2016-04-04 04:10:00,70,4,False
2016-04-04 04:20:00,60,4,False
2016-04-04 04:30:00,60,4,False
2016-04-04 04:40:00,50,4,False
2016-04-04 04:50:00,50,4,False
2016-04-04 05:00:00,60,5,False
2016-04-04 05:10:00,50,5,False
2016-04-04 05:20:00,50,5,False
2016-04-04 05:30:00,60,5,False
2016-04-04 05:40:00,60,5,False
2016-04-04 05:50:00,60,5,False
2016-04-04 06:00:00,60,6,False
2016-04-04 06:10:00,70,6,False
2016-04-04 06:20:00,50,6,False
2016-04-04 06:30:00,60,6,False
2016-04-04 06:40:00,50,6,False
2016-04-04 06:50:00,60,6,False
2016-04-04 07:00:00,90,7,False
2016-04-04 07:10:00,60,7,False
2016-04-04 07:20:00,210,7,True
2016-04-04 07:30:00,370,7,True
2016-04-04 07:40:00,150,7,False
2016-04-04 07:50:00,60,7,False
2016-04-04 08:00:00,90,8,False
2016-04-04 08:10:00,70,8,False
2016-04-04 08:20:00,80,8,False
2016-04-04 08:30:00,60,8,False
2016-04-04 08:40:00,50,8,False
2016-04-04 08:50:00,70,8,False
2016-04-04 09:00:00,250,9,True
2016-04-04 09:10:00,750,9,True
2016-04-04 09:20:00,530,9,True
2016-04-04 09:30:00,320,9,True
2016-04-04 09:40:00,270,9,True
2016-04-04 09:50:00,290,9,True
2016-04-04 10:00:00,300,10,True
2016-04-04 10:10:00,240,10,True
2016-04-04 10:20:00,220,10,True
2016-04-04 10:30:00,120,10,False
2016-04-04 10:40:00,120,10,False
2016-04-04 10:50:00,380,10,True
2016-04-04 11:00:00,720,11,True
2016-04-04 11:10:00,470,11,True
2016-04-04 11:20:00,350,11,True
2016-04-04 11:30:00,320,11,True
2016-04-04 11:40:00,260,11,True
2016-04-04 11:50:00,270,11,True
2016-04-04 12:00:00,140,12,False
2016-04-04 12:10:00,150,12,False
2016-04-04 12:20:00,790,12,True
2016-04-04 12:30:00,730,12,True
2016-04-04 12:40:00,380,12,True
2016-04-04 12:50:00,320,12,True
2016-04-04 13:00:00,360,13,True
2016-04-04 13:10:00,280,13,True
2016-04-04 13:20:00,320,13,True
2016-04-04 13:30:00,270,13,True
2016-04-04 13:40:00,180,13,True
2016-04-04 13:50:00,110,13,False
2016-04-04 14:00:00,560,14,True
2016-04-04 14:10:00,630,14,True
2016-04-04 14:20:00,400,14,True
2016-04-04 14:30:00,300,14,True
2016-04-04 14:40:00,310,14,True
2016-04-04 14:50:00,320,14,True
2016-04-04 15:00:00,270,15,True
2016-04-04 15:10:00,210,15,True
2016-04-04 15:20:00,100,15,False
2016-04-04 15:30:00,720,15,True
2016-04-04 15:40:00,900,15,True
2016-04-04 15:50:00,760,15,True
2016-04-04 16:00:00,700,16,True
2016-04-04 16:10:00,660,16,True
2016-04-04 16:20:00,440,16,True
2016-04-04 16:30:00,450,16,True
2016-04-04 16:40:00,310,16,True
2016-04-04 16:50:00,330,16,True
2016-04-04 17:00:00,270,17,True
2016-04-04 17:10:00,260,17,True
2016-04-04 17:20:00,260,17,True
2016-04-04 17:30:00,260,17,True
2016-04-04 17:40:00,270,17,True
2016-04-04 17:50:00,280,17,True
2016-04-04 18:00:00,150,18,False
2016-04-04 18:10:00,120,18,False
2016-04-04 18:20:00,150,18,False
2016-04-04 18:30:00,140,18,False
2016-04-04 18:40:00,190,18,True
2016-04-04 18:50:00,120,18,False
2016-04-04 19:00:00,120,19,False
2016-04-04 19:10:00,90,19,False
2016-04-04 19:20:00,110,19,False
2016-04-04 19:30:00,100,19,False
2016-04-04 19:40:00,110,19,False
2016-04-04 19:50:00,100,19,False
2016-04-04 20:00:00,90,20,False
2016-04-04 20:10:00,100,20,False
2016-04-04 20:20:00,90,20,False
2016-04-04 20:30:00,100,20,False
2016-04-04 20:40:00,80,20,False
2016-04-04 20:50:00,100,20,False
2016-04-04 21:00:00,80,21,False
2016-04-04 21:10:00,60,21,False
2016-04-04 21:20:00,50,21,False
2016-04-04 21:30:00,70,21,False
2016-04-04 21:40:00,60,21,False
2016-04-04 21:50:00,60,21,False
2016-04-04 22:00:00,60,22,False
2016-04-04 22:10:00,80,22,False
2016-04-04 22:20:00,80,22,False
2016-04-04 22:30:00,70,22,False
2016-04-04 22:40:00,80,22,False
2016-04-04 22:50:00,70,22,False
2016-04-04 23:00:00,60,23,False
2016-04-04 23:10:00,70,23,False
2016-04-04 23:20:00,60,23,False
2016-04-04 23:30:00,60,23,False
2016-04-04 23:40:00,60,23,False
2016-04-04 23:50:00,70,23,False
2016-04-05 00:00:00,60,0,False
2016-04-05 00:10:00,60,0,False
2016-04-05 00:20:00,50,0,False
2016-04-05 00:30:00,60,0,False
2016-04-05 00:40:00,50,0,False
2016-04-05 00:50:00,60,0,False
2016-04-05 01:00:00,50,1,False
2016-04-05 01:10:00,70,1,False
2016-04-05 01:20:00,60,1,False
2016-04-05 01:30:00,60,1,False
2016-04-05 01:40:00,60,1,False
2016-04-05 01:50:00,60,1,False
2016-04-05 02:00:00,70,2,False
2016-04-05 02:10:00,50,2,False
2016-04-05 02:20:00,60,2,False
2016-04-05 02:30:00,50,2,False
2016-04-05 02:40:00,60,2,False
2016-04-05 02:50:00,50,2,False
2016-04-05 03:00:00,60,3,False
2016-04-05 03:10:00,60,3,False
2016-04-05 03:20:00,70,3,False
2016-04-05 03:30:00,60,3,False
2016-04-05 03:40:00,60,3,False
2016-04-05 03:50:00,60,3,False
2016-04-05 04:00:00,60,4,False
2016-04-05 04:10:00,60,4,False
2016-04-05 04:20:00,50,4,False
2016-04-05 04:30:00,50,4,False
2016-04-05 04:40:00,50,4,False
2016-04-05 04:50:00,60,4,False
2016-04-05 05:00:00,60,5,False
2016-04-05 05:10:00,60,5,False
2016-04-05 05:20:00,60,5,False
2016-04-05 05:30:00,60,5,False
2016-04-05 05:40:00,60,5,False
2016-04-05 05:50:00,60,5,False
2016-04-05 06:00:00,60,6,False
2016-04-05 06:10:00,50,6,False
2016-04-05 06:20:00,60,6,False
2016-04-05 06:30:00,60,6,False
2016-04-05 06:40:00,70,6,False
2016-04-05 06:50:00,60,6,False
2016-04-05 07:00:00,60,7,False
2016-04-05 07:10:00,120,7,False
2016-04-05 07:20:00,100,7,False
2016-04-05 07:30:00,60,7,False
2016-04-05 07:40:00,100,7,False
2016-04-05 07:50:00,700,7,True
2016-04-05 08:00:00,620,8,True
2016-04-05 08:10:00,340,8,True
2016-04-05 08:20:00,280,8,True
2016-04-05 08:30:00,280,8,True
2016-04-05 08:40:00,260,8,True
2016-04-05 08:50:00,190,8,True
2016-04-05 09:00:00,110,9,False
2016-04-05 09:10:00,90,9,False
2016-04-05 09:20:00,70,9,False
2016-04-05 09:30:00,80,9,False
2016-04-05 09:40:00,80,9,False
2016-04-05 09:50:00,80,9,False
2016-04-05 10:00:00,80,10,False
2016-04-05 10:10:00,80,10,False
2016-04-05 10:20:00,90,10,False
2016-04-05 10:30:00,80,10,False
2016-04-05 10:40:00,70,10,False
2016-04-05 10:50:00,70,10,False
2016-04-05 11:00:00,80,11,False
2016-04-05 11:10:00,200,11,True
2016-04-05 11:20:00,390,11,True
2016-04-05 11:30:00,310,11,True
2016-04-05 11:40:00,130,11,False
2016-04-05 11:50:00,110,11,False
2016-04-05 12:00:00,140,12,False
2016-04-05 12:10:00,140,12,False
2016-04-05 12:20:00,120,12,False
2016-04-05 12:30:00,130,12,False
2016-04-05 12:40:00,100,12,False
2016-04-05 12:50:00,130,12,False
2016-04-05 13:00:00,750,13,True
2016-04-05 13:10:00,610,13,True
2016-04-05 13:20:00,360,13,True
2016-04-05 13:30:00,360,13,True
2016-04-05 13:40:00,310,13,True
2016-04-05 13:50:00,270,13,True
2016-04-05 14:00:00,270,14,True
2016-04-05 14:10:00,240,14,True
2016-04-05 14:20:00,150,14,False
2016-04-05 14:30:00,100,14,False
2016-04-05 14:40:00,110,14,False
2016-04-05 14:50:00,100,14,False
2016-04-05 15:00:00,120,15,False
2016-04-05 15:10:00,100,15,False
2016-04-05 15:20:00,90,15,False
2016-04-05 15:30:00,240,15,True
2016-04-05 15:40:00,390,15,True
2016-04-05 15:50:00,180,15,True
2016-04-05 16:00:00,160,16,False
2016-04-05 16:10:00,250,16,True
2016-04-05 16:20:00,150,16,False
2016-04-05 16:30:00,150,16,False
2016-04-05 16:40:00,390,16,True
2016-04-05 16:50:00,380,16,True
2016-04-05 17:00:00,300,17,True
2016-04-05 17:10:00,260,17,True
2016-04-05 17:20:00,580,17,True
2016-04-05 17:30:00,730,17,True
2016-04-05 17:40:00,450,17,True
2016-04-05 17:50:00,310,17,True
2016-04-05 18:00:00,380,18,True
2016-04-05 18:10:00,460,18,True
2016-04-05 18:20:00,480,18,True
2016-04-05 18:30:00,500,18,True
2016-04-05 18:40:00,170,18,False
2016-04-05 18:50:00,410,18,True
2016-04-05 19:00:00,140,19,False
2016-04-05 19:10:00,90,19,False
2016-04-05 19:20:00,80,19,False
2016-04-05 19:30:00,90,19,False
2016-04-05 19:40:00,180,19,True
2016-04-05 19:50:00,410,19,True
2016-04-05 20:00:00,130,20,False
2016-04-05 20:10:00,90,20,False
2016-04-05 20:20:00,70,20,False
2016-04-05 20:30:00,80,20,False
2016-04-05 20:40:00,70,20,False
2016-04-05 20:50:00,70,20,False
2016-04-05 21:00:00,70,21,False
2016-04-05 21:10:00,70,21,False
2016-04-05 21:20:00,70,21,False
2016-04-05 21:30:00,50,21,False
2016-04-05 21:40:00,50,21,False
2016-04-05 21:50:00,70,21,False
2016-04-05 22:00:00,50,22,False
2016-04-05 22:10:00,50,22,False
2016-04-05 22:20:00,50,22,False
2016-04-05 22:30:00,50,22,False
2016-04-05 22:40:00,40,22,False
2016-04-05 22:50:00,60,22,False
2016-04-05 23:00:00,50,23,False
2016-04-05 23:10:00,60,23,False
2016-04-05 23:20:00,50,23,False
2016-04-05 23:30:00,60,23,False
2016-04-05 23:40:00,60,23,False
2016-04-05 23:50:00,50,23,False
2016-04-06 00:00:00,50,0,False
2016-04-06 00:10:00,50,0,False
2016-04-06 00:20:00,50,0,False
2016-04-06 00:30:00,50,0,False
2016-04-06 00:40:00,50,0,False
2016-04-06 00:50:00,60,0,False
2016-04-06 01:00:00,60,1,False
2016-04-06 01:10:00,50,1,False
2016-04-06 01:20:00,50,1,False
2016-04-06 01:30:00,60,1,False
2016-04-06 01:40:00,40,1,False
2016-04-06 01:50:00,60,1,False
2016-04-06 02:00:00,40,2,False
2016-04-06 02:10:00,50,2,False
2016-04-06 02:20:00,50,2,False
2016-04-06 02:30:00,50,2,False
2016-04-06 02:40:00,60,2,False
2016-04-06 02:50:00,60,2,False
2016-04-06 03:00:00,50,3,False
2016-04-06 03:10:00,60,3,False
2016-04-06 03:20:00,40,3,False
2016-04-06 03:30:00,50,3,False
2016-04-06 03:40:00,50,3,False
2016-04-06 03:50:00,50,3,False
2016-04-06 04:00:00,50,4,False
2016-04-06 04:10:00,60,4,False
2016-04-06 04:20:00,50,4,False
2016-04-06 04:30:00,60,4,False
2016-04-06 04:40:00,50,4,False
2016-04-06 04:50:00,60,4,False
2016-04-06 05:00:00,50,5,False
2016-04-06 05:10:00,50,5,False
2016-04-06 05:20:00,40,5,False
2016-04-06 05:30:00,50,5,False
2016-04-06 05:40:00,40,5,False
2016-04-06 05:50:00,60,5,False
2016-04-06 06:00:00,50,6,False
2016-04-06 06:10:00,60,6,False
2016-04-06 06:20:00,50,6,False
2016-04-06 06:30:00,70,6,False
2016-04-06 06:40:00,70,6,False
2016-04-06 06:50:00,70,6,False
2016-04-06 07:00:00,100,7,False
2016-04-06 07:10:00,60,7,False
2016-04-06 07:20:00,60,7,False
2016-04-06 07:30:00,70,7,False
2016-04-06 07:40:00,90,7,False
2016-04-06 07:50:00,70,7,False
2016-04-06 08:00:00,180,8,True
2016-04-06 08:10:00,210,8,True
2016-04-06 08:20:00,130,8,False
2016-04-06 08:30:00,80,8,False
2016-04-06 08:40:00,80,8,False
2016-04-06 08:50:00,80,8,False
2016-04-06 09:00:00,70,9,False
2016-04-06 09:10:00,90,9,False
2016-04-06 09:20:00,60,9,False
2016-04-06 09:30:00,60,9,False
2016-04-06 09:40:00,80,9,False
2016-04-06 09:50:00,80,9,False
2016-04-06 10:00:00,70,10,False
2016-04-06 10:10:00,60,10,False
2016-04-06 10:20:00,90,10,False
2016-04-06 10:30:00,100,10,False
2016-04-06 10:40:00,80,10,False
2016-04-06 10:50:00,100,10,False
2016-04-06 11:00:00,90,11,False
2016-04-06 11:10:00,70,11,False
2016-04-06 11:20:00,70,11,False
2016-04-06 11:30:00,60,11,False
2016-04-06 11:40:00,60,11,False
2016-04-06 11:50:00,60,11,False
2016-04-06 12:00:00,60,12,False
2016-04-06 12:10:00,140,12,False
2016-04-06 12:20:00,120,12,False
2016-04-06 12:30:00,90,12,False
2016-04-06 12:40:00,110,12,False
2016-04-06 12:50:00,100,12,False
2016-04-06 13:00:00,110,13,False
2016-04-06 13:10:00,90,13,False
2016-04-06 13:20:00,100,13,False
2016-04-06 13:30:00,110,13,False
2016-04-06 13:40:00,110,13,False
2016-04-06 13:50:00,110,13,False
2016-04-06 14:00:00,110,14,False
2016-04-06 14:10:00,120,14,False
2016-04-06 14:20:00,100,14,False
2016-04-06 14:30:00,120,14,False
2016-04-06 14:40:00,100,14,False
2016-04-06 14:50:00,100,14,False
2016-04-06 15:00:00,90,15,False
2016-04-06 15:10:00,90,15,False
2016-04-06 15:20:00,80,15,False
2016-04-06 15:30:00,90,15,False
2016-04-06 15:40:00,70,15,False
2016-04-06 15:50:00,110,15,False
2016-04-06 16:00:00,70,16,False
2016-04-06 16:10:00,90,16,False
2016-04-06 16:20:00,100,16,False
2016-04-06 16:30:00,90,16,False
2016-04-06 16:40:00,110,16,False
2016-04-06 16:50:00,150,16,False
2016-04-06 17:00:00,130,17,False
2016-04-06 17:10:00,110,17,False
2016-04-06 17:20:00,100,17,False
2016-04-06 17:30:00,90,17,False
2016-04-06 17:40:00,100,17,False
2016-04-06 17:50:00,240,17,True
2016-04-06 18:00:00,470,18,True
2016-04-06 18:10:00,100,18,False
2016-04-06 18:20:00,100,18,False
2016-04-06 18:30:00,420,18,True
2016-04-06 18:40:00,320,18,True
2016-04-06 18:50:00,100,18,False
2016-04-06 19:00:00,110,19,False
2016-04-06 19:10:00,150,19,False
2016-04-06 19:20:00,160,19,False
2016-04-06 19:30:00,140,19,False
2016-04-06 19:40:00,130,19,False
2016-04-06 19:50:00,130,19,False
2016-04-06 20:00:00,130,20,False
2016-04-06 20:10:00,110,20,False
2016-04-06 20:20:00,120,20,False
2016-04-06 20:30:00,130,20,False
2016-04-06 20:40:00,130,20,False
2016-04-06 20:50:00,110,20,False
2016-04-06 21:00:00,80,21,False
2016-04-06 21:10:00,30,21,False
2016-04-06 21:20:00,50,21,False
2016-04-06 21:30:00,40,21,False
2016-04-06 21:40:00,60,21,False
2016-04-06 21:50:00,50,21,False
2016-04-06 22:00:00,50,22,False
2016-04-06 22:10:00,50,22,False
2016-04-06 22:20:00,50,22,False
2016-04-06 22:30:00,50,22,False
2016-04-06 22:40:00,50,22,False
2016-04-06 22:50:00,60,22,False
2016-04-06 23:00:00,50,23,False
2016-04-06 23:10:00,70,23,False
2016-04-06 23:20:00,50,23,False
2016-04-06 23:30:00,60,23,False
2016-04-06 23:40:00,40,23,False
2016-04-06 23:50:00,60,23,False
2016-04-07 00:00:00,50,0,False
2016-04-07 00:10:00,60,0,False
2016-04-07 00:20:00,50,0,False
2016-04-07 00:30:00,60,0,False
2016-04-07 00:40:00,60,0,False
2016-04-07 00:50:00,50,0,False
2016-04-07 01:00:00,60,1,False
2016-04-07 01:10:00,40,1,False
2016-04-07 01:20:00,50,1,False
2016-04-07 01:30:00,50,1,False
2016-04-07 01:40:00,50,1,False
2016-04-07 01:50:00,60,1,False
2016-04-07 02:00:00,60,2,False
2016-04-07 02:10:00,60,2,False
2016-04-07 02:20:00,50,2,False
2016-04-07 02:30:00,60,2,False
2016-04-07 02:40:00,50,2,False
2016-04-07 02:50:00,50,2,False
2016-04-07 03:00:00,50,3,False
2016-04-07 03:10:00,50,3,False
2016-04-07 03:20:00,50,3,False
2016-04-07 03:30:00,50,3,False
2016-04-07 03:40:00,30,3,False
2016-04-07 03:50:00,40,3,False
2016-04-07 04:00:00,30,4,False
2016-04-07 04:10:00,50,4,False
2016-04-07 04:20:00,50,4,False
2016-04-07 04:30:00,50,4,False
2016-04-07 04:40:00,60,4,False
2016-04-07 04:50:00,50,4,False
2016-04-07 05:00:00,60,5,False
2016-04-07 05:10:00,50,5,False
2016-04-07 05:20:00,60,5,False
2016-04-07 05:30:00,50,5,False
2016-04-07 05:40:00,60,5,False
2016-04-07 05:50:00,40,5,False
2016-04-07 06:00:00,50,6,False
2016-04-07 06:10:00,50,6,False
2016-04-07 06:20:00,50,6,False
2016-04-07 06:30:00,60,6,False
2016-04-07 06:40:00,70,6,False
2016-04-07 06:50:00,120,6,False
2016-04-07 07:00:00,70,7,False
2016-04-07 07:10:00,90,7,False
2016-04-07 07:20:00,60,7,False
2016-04-07 07:30:00,70,7,False
2016-04-07 07:40:00,80,7,False
2016-04-07 07:50:00,290,7,True
2016-04-07 08:00:00,70,8,False
2016-04-07 08:10:00,400,8,True
2016-04-07 08:20:00,70,8,False
2016-04-07 08:30:00,200,8,True
2016-04-07 08:40:00,220,8,True
2016-04-07 08:50:00,40,8,False
2016-04-07 09:00:00,40,9,False
2016-04-07 09:10:00,40,9,False
2016-04-07 09:20:00,60,9,False
2016-04-07 09:30:00,210,9,True
2016-04-07 09:40:00,390,9,True
2016-04-07 09:50:00,100,9,False
2016-04-07 10:00:00,50,10,False
2016-04-07 10:10:00,50,10,False
2016-04-07 10:20:00,40,10,False
2016-04-07 10:30:00,50,10,False
2016-04-07 10:40:00,40,10,False
2016-04-07 10:50:00,50,10,False
2016-04-07 11:00:00,60,11,False
2016-04-07 11:10:00,50,11,False
2016-04-07 11:20:00,50,11,False
2016-04-07 11:30:00,60,11,False
2016-04-07 11:40:00,50,11,False
2016-04-07 11:50:00,50,11,False
2016-04-07 12:00:00,40,12,False
2016-04-07 12:10:00,50,12,False
2016-04-07 12:20:00,50,12,False
2016-04-07 12:30:00,50,12,False
2016-04-07 12:40:00,50,12,False
2016-04-07 12:50:00,30,12,False
2016-04-07 13:00:00,30,13,False
2016-04-07 13:10:00,30,13,False
2016-04-07 13:20:00,40,13,False
2016-04-07 13:30:00,50,13,False
2016-04-07 13:40:00,50,13,False
2016-04-07 13:50:00,60,13,False
2016-04-07 14:00:00,60,14,False
2016-04-07 14:10:00,50,14,False
2016-04-07 14:20:00,50,14,False
2016-04-07 14:30:00,50,14,False
2016-04-07 14:40:00,50,14,False
2016-04-07 14:50:00,50,14,False
2016-04-07 15:00:00,50,15,False
2016-04-07 15:10:00,40,15,False
2016-04-07 15:20:00,60,15,False
2016-04-07 15:30:00,60,15,False
2016-04-07 15:40:00,50,15,False
2016-04-07 15:50:00,50,15,False
2016-04-07 16:00:00,50,16,False
2016-04-07 16:10:00,50,16,False
2016-04-07 16:20:00,50,16,False
2016-04-07 16:30:00,40,16,False
2016-04-07 16:40:00,50,16,False
2016-04-07 16:50:00,50,16,False
2016-04-07 17:00:00,50,17,False
2016-04-07 17:10:00,60,17,False
2016-04-07 17:20:00,50,17,False
2016-04-07 17:30:00,50,17,False
2016-04-07 17:40:00,40,17,False
2016-04-07 17:50:00,50,17,False
2016-04-07 18:00:00,40,18,False
2016-04-07 18:10:00,50,18,False
2016-04-07 18:20:00,50,18,False
2016-04-07 18:30:00,50,18,False
2016-04-07 18:40:00,60,18,False
2016-04-07 18:50:00,90,18,False
2016-04-07 19:00:00,90,19,False
2016-04-07 19:10:00,90,19,False
2016-04-07 19:20:00,110,19,False
2016-04-07 19:30:00,110,19,False
2016-04-07 19:40:00,130,19,False
2016-04-07 19:50:00,140,19,False
2016-04-07 20:00:00,110,20,False
2016-04-07 20:10:00,120,20,False
2016-04-07 20:20:00,130,20,False
2016-04-07 20:30:00,120,20,False
2016-04-07 20:40:00,120,20,False
2016-04-07 20:50:00,120,20,False
2016-04-07 21:00:00,120,21,False
2016-04-07 21:10:00,110,21,False
2016-04-07 21:20:00,80,21,False
2016-04-07 21:30:00,70,21,False
2016-04-07 21:40:00,70,21,False
2016-04-07 21:50:00,70,21,False
2016-04-07 22:00:00,70,22,False
2016-04-07 22:10:00,70,22,False
2016-04-07 22:20:00,50,22,False
2016-04-07 22:30:00,50,22,False
2016-04-07 22:40:00,50,22,False
2016-04-07 22:50:00,50,22,False
2016-04-07 23:00:00,50,23,False
2016-04-07 23:10:00,60,23,False
2016-04-07 23:20:00,40,23,False
2016-04-07 23:30:00,30,23,False
2016-04-07 23:40:00,20,23,False
2016-04-07 23:50:00,30,23,False
2016-04-08 00:00:00,70,0,False
2016-04-08 00:10:00,50,0,False
2016-04-08 00:20:00,60,0,False
2016-04-08 00:30:00,60,0,False
2016-04-08 00:40:00,60,0,False
2016-04-08 00:50:00,50,0,False
2016-04-08 01:00:00,50,1,False
2016-04-08 01:10:00,50,1,False
2016-04-08 01:20:00,40,1,False
2016-04-08 01:30:00,60,1,False
2016-04-08 01:40:00,50,1,False
2016-04-08 01:50:00,60,1,False
2016-04-08 02:00:00,60,2,False
2016-04-08 02:10:00,60,2,False
2016-04-08 02:20:00,50,2,False
2016-04-08 02:30:00,50,2,False
2016-04-08 02:40:00,50,2,False
2016-04-08 02:50:00,50,2,False
2016-04-08 03:00:00,50,3,False
2016-04-08 03:10:00,50,3,False
2016-04-08 03:20:00,60,3,False
2016-04-08 03:30:00,60,3,False
2016-04-08 03:40:00,50,3,False
2016-04-08 03:50:00,50,3,False
2016-04-08 04:00:00,60,4,False
2016-04-08 04:10:00,50,4,False
2016-04-08 04:20:00,40,4,False
2016-04-08 04:30:00,40,4,False
2016-04-08 04:40:00,40,4,False
2016-04-08 04:50:00,30,4,False
2016-04-08 05:00:00,40,5,False
2016-04-08 05:10:00,50,5,False
2016-04-08 05:20:00,60,5,False
2016-04-08 05:30:00,50,5,False
2016-04-08 05:40:00,50,5,False
2016-04-08 05:50:00,50,5,False
2016-04-08 06:00:00,50,6,False
2016-04-08 06:10:00,60,6,False
2016-04-08 06:20:00,60,6,False
2016-04-08 06:30:00,50,6,False
2016-04-08 06:40:00,50,6,False
2016-04-08 06:50:00,60,6,False
2016-04-08 07:00:00,50,7,False
2016-04-08 07:10:00,50,7,False
2016-04-08 07:20:00,50,7,False
2016-04-08 07:30:00,80,7,False
2016-04-08 07:40:00,110,7,False
2016-04-08 07:50:00,60,7,False
2016-04-08 08:00:00,50,8,False
2016-04-08 08:10:00,60,8,False
2016-04-08 08:20:00,40,8,False
2016-04-08 08:30:00,60,8,False
2016-04-08 08:40:00,60,8,False
2016-04-08 08:50:00,240,8,True
2016-04-08 09:00:00,330,9,True
2016-04-08 09:10:00,80,9,False
2016-04-08 09:20:00,50,9,False
2016-04-08 09:30:00,90,9,False
2016-04-08 09:40:00,100,9,False
2016-04-08 09:50:00,70,9,False
2016-04-08 10:00:00,110,10,False
2016-04-08 10:10:00,100,10,False
2016-04-08 10:20:00,110,10,False
2016-04-08 10:30:00,190,10,True
2016-04-08 10:40:00,480,10,True
2016-04-08 10:50:00,440,10,True
2016-04-08 11:00:00,280,11,True
2016-04-08 11:10:00,140,11,False
2016-04-08 11:20:00,100,11,False
2016-04-08 11:30:00,120,11,False
2016-04-08 11:40:00,160,11,False
2016-04-08 11:50:00,90,11,False
2016-04-08 12:00:00,100,12,False
2016-04-08 12:10:00,190,12,True
2016-04-08 12:20:00,130,12,False
2016-04-08 12:30:00,100,12,False
2016-04-08 12:40:00,200,12,True
2016-04-08 12:50:00,400,12,True
2016-04-08 13:00:00,190,13,True
2016-04-08 13:10:00,150,13,False
2016-04-08 13:20:00,130,13,False
2016-04-08 13:30:00,110,13,False
2016-04-08 13:40:00,140,13,False
2016-04-08 13:50:00,110,13,False
2016-04-08 14:00:00,110,14,False
2016-04-08 14:10:00,80,14,False
2016-04-08 14:20:00,70,14,False
2016-04-08 14:30:00,80,14,False
2016-04-08 14:40:00,90,14,False
2016-04-08 14:50:00,100,14,False
2016-04-08 15:00:00,100,15,False
2016-04-08 15:10:00,140,15,False
2016-04-08 15:20:00,720,15,True
2016-04-08 15:30:00,640,15,True
2016-04-08 15:40:00,330,15,True
2016-04-08 15:50:00,300,15,True
2016-04-08 16:00:00,300,16,True
2016-04-08 16:10:00,280,16,True
2016-04-08 16:20:00,330,16,True
2016-04-08 16:30:00,270,16,True
2016-04-08 16:40:00,260,16,True
2016-04-08 16:50:00,480,16,True
2016-04-08 17:00:00,330,17,True
2016-04-08 17:10:00,300,17,True
2016-04-08 17:20:00,440,17,True
2016-04-08 17:30:00,440,17,True
2016-04-08 17:40:00,760,17,True
2016-04-08 17:50:00,710,17,True
2016-04-08 18:00:00,390,18,True
2016-04-08 18:10:00,120,18,False
2016-04-08 18:20:00,140,18,False
2016-04-08 18:30:00,130,18,False
2016-04-08 18:40:00,140,18,False
2016-04-08 18:50:00,190,18,True
2016-04-08 19:00:00,150,19,False
2016-04-08 19:10:00,140,19,False
2016-04-08 19:20:00,140,19,False
2016-04-08 19:30:00,130,19,False
2016-04-08 19:40:00,130,19,False
2016-04-08 19:50:00,130,19,False
2016-04-08 20:00:00,150,20,False
2016-04-08 20:10:00,120,20,False
2016-04-08 20:20:00,130,20,False
2016-04-08 20:30:00,120,20,False
2016-04-08 20:40:00,120,20,False
2016-04-08 20:50:00,130,20,False
2016-04-08 21:00:00,90,21,False
2016-04-08 21:10:00,70,21,False
2016-04-08 21:20:00,60,21,False
2016-04-08 21:30:00,60,21,False
2016-04-08 21:40:00,40,21,False
2016-04-08 21:50:00,60,21,False
2016-04-08 22:00:00,40,22,False
2016-04-08 22:10:00,50,22,False
2016-04-08 22:20:00,60,22,False
2016-04-08 22:30:00,40,22,False
2016-04-08 22:40:00,40,22,False
2016-04-08 22:50:00,40,22,False
2016-04-08 23:00:00,40,23,False
2016-04-08 23:10:00,40,23,False
2016-04-08 23:20:00,40,23,False
2016-04-08 23:30:00,50,23,False
2016-04-08 23:40:00,40,23,False
2016-04-08 23:50:00,50,23,False
2016-04-09 00:00:00,50,0,False
2016-04-09 00:10:00,60,0,False
2016-04-09 00:20:00,50,0,False
2016-04-09 00:30:00,50,0,False
2016-04-09 00:40:00,50,0,False
2016-04-09 00:50:00,50,0,False
2016-04-09 01:00:00,50,1,False
2016-04-09 01:10:00,40,1,False
2016-04-09 01:20:00,50,1,False
2016-04-09 01:30:00,50,1,False
2016-04-09 01:40:00,60,1,False
2016-04-09 01:50:00,60,1,False
2016-04-09 02:00:00,40,2,False
2016-04-09 02:10:00,60,2,False
2016-04-09 02:20:00,50,2,False
2016-04-09 02:30:00,50,2,False
2016-04-09 02:40:00,50,2,False
2016-04-09 02:50:00,50,2,False
2016-04-09 03:00:00,50,3,False
2016-04-09 03:10:00,50,3,False
2016-04-09 03:20:00,60,3,False
2016-04-09 03:30:00,50,3,False
2016-04-09 03:40:00,60,3,False
2016-04-09 03:50:00,50,3,False
2016-04-09 04:00:00,50,4,False
2016-04-09 04:10:00,40,4,False
2016-04-09 04:20:00,50,4,False
2016-04-09 04:30:00,50,4,False
2016-04-09 04:40:00,40,4,False
2016-04-09 04:50:00,70,4,False
2016-04-09 05:00:00,50,5,False
2016-04-09 05:10:00,50,5,False
2016-04-09 05:20:00,60,5,False
2016-04-09 05:30:00,50,5,False
2016-04-09 05:40:00,50,5,False
2016-04-09 05:50:00,40,5,False
2016-04-09 06:00:00,50,6,False
2016-04-09 06:10:00,50,6,False
2016-04-09 06:20:00,40,6,False
2016-04-09 06:30:00,50,6,False
2016-04-09 06:40:00,60,6,False
2016-04-09 06:50:00,50,6,False
2016-04-09 07:00:00,60,7,False
2016-04-09 07:10:00,40,7,False
2016-04-09 07:20:00,30,7,False
2016-04-09 07:30:00,70,7,False
2016-04-09 07:40:00,40,7,False
2016-04-09 07:50:00,50,7,False
2016-04-09 08:00:00,50,8,False
2016-04-09 08:10:00,60,8,False
2016-04-09 08:20:00,210,8,True
2016-04-09 08:30:00,320,8,True
2016-04-09 08:40:00,70,8,False
2016-04-09 08:50:00,110,8,False
2016-04-09 09:00:00,130,9,False
2016-04-09 09:10:00,70,9,False
2016-04-09 09:20:00,60,9,False
2016-04-09 09:30:00,70,9,False
2016-04-09 09:40:00,70,9,False
2016-04-09 09:50:00,70,9,False
2016-04-09 10:00:00,60,10,False
2016-04-09 10:10:00,70,10,False
2016-04-09 10:20:00,230,10,True
2016-04-09 10:30:00,390,10,True
2016-04-09 10:40:00,100,10,False
2016-04-09 10:50:00,70,10,False
2016-04-09 11:00:00,80,11,False
2016-04-09 11:10:00,70,11,False
2016-04-09 11:20:00,80,11,False
2016-04-09 11:30:00,80,11,False
2016-04-09 11:40:00,70,11,False
2016-04-09 11:50:00,80,11,False
2016-04-09 12:00:00,80,12,False
2016-04-09 12:10:00,100,12,False
2016-04-09 12:20:00,110,12,False
2016-04-09 12:30:00,100,12,False
2016-04-09 12:40:00,100,12,False
2016-04-09 12:50:00,90,12,False
2016-04-09 13:00:00,100,13,False
2016-04-09 13:10:00,90,13,False
2016-04-09 13:20:00,90,13,False
2016-04-09 13:30:00,190,13,True
2016-04-09 13:40:00,370,13,True
2016-04-09 13:50:00,280,13,True
2016-04-09 14:00:00,130,14,False
2016-04-09 14:10:00,120,14,False
2016-04-09 14:20:00,100,14,False
2016-04-09 14:30:00,120,14,False
2016-04-09 14:40:00,120,14,False
2016-04-09 14:50:00,110,14,False
2016-04-09 15:00:00,110,15,False
2016-04-09 15:10:00,110,15,False
2016-04-09 15:20:00,120,15,False
2016-04-09 15:30:00,120,15,False
2016-04-09 15:40:00,160,15,False
2016-04-09 15:50:00,360,15,True
2016-04-09 16:00:00,410,16,True
2016-04-09 16:10:00,520,16,True
2016-04-09 16:20:00,430,16,True
2016-04-09 16:30:00,270,16,True
2016-04-09 16:40:00,190,16,True
2016-04-09 16:50:00,170,16,False
2016-04-09 17:00:00,140,17,False
2016-04-09 17:10:00,150,17,False
2016-04-09 17:20:00,110,17,False
2016-04-09 17:30:00,100,17,False
2016-04-09 17:40:00,100,17,False
2016-04-09 17:50:00,90,17,False
2016-04-09 18:00:00,100,18,False
2016-04-09 18:10:00,170,18,False
2016-04-09 18:20:00,250,18,True
2016-04-09 18:30:00,410,18,True
2016-04-09 18:40:00,460,18,True
2016-04-09 18:50:00,340,18,True
2016-04-09 19:00:00,110,19,False
2016-04-09 19:10:00,120,19,False
2016-04-09 19:20:00,130,19,False
2016-04-09 19:30:00,110,19,False
2016-04-09 19:40:00,80,19,False
2016-04-09 19:50:00,90,19,False
2016-04-09 20:00:00,80,20,False
2016-04-09 20:10:00,90,20,False
2016-04-09 20:20:00,90,20,False
2016-04-09 20:30:00,90,20,False
2016-04-09 20:40:00,90,20,False
2016-04-09 20:50:00,90,20,False
2016-04-09 21:00:00,80,21,False
2016-04-09 21:10:00,80,21,False
2016-04-09 21:20:00,90,21,False
2016-04-09 21:30:00,80,21,False
2016-04-09 21:40:00,80,21,False
2016-04-09 21:50:00,80,21,False
2016-04-09 22:00:00,50,22,False
2016-04-09 22:10:00,60,22,False
2016-04-09 22:20:00,50,22,False
2016-04-09 22:30:00,40,22,False
2016-04-09 22:40:00,30,22,False
2016-04-09 22:50:00,40,22,False
2016-04-09 23:00:00,50,23,False
2016-04-09 23:10:00,50,23,False
2016-04-09 23:20:00,50,23,False
2016-04-09 23:30:00,60,23,False
2016-04-09 23:40:00,60,23,False
2016-04-09 23:50:00,60,23,False
2016-04-10 00:00:00,60,0,False
2016-04-10 00:10:00,40,0,False
2016-04-10 00:20:00,60,0,False
2016-04-10 00:30:00,40,0,False
2016-04-10 00:40:00,50,0,False
2016-04-10 00:50:00,50,0,False
2016-04-10 01:00:00,50,1,False
2016-04-10 01:10:00,50,1,False
2016-04-10 01:20:00,50,1,False
2016-04-10 01:30:00,60,1,False
2016-04-10 01:40:00,60,1,False
2016-04-10 01:50:00,60,1,False
2016-04-10 02:00:00,50,2,False
2016-04-10 02:10:00,50,2,False
2016-04-10 02:20:00,50,2,False
2016-04-10 02:30:00,40,2,False
2016-04-10 02:40:00,60,2,False
2016-04-10 02:50:00,60,2,False
2016-04-10 03:00:00,60,3,False
2016-04-10 03:10:00,60,3,False
2016-04-10 03:20:00,50,3,False
2016-04-10 03:30:00,50,3,False
2016-04-10 03:40:00,50,3,False
2016-04-10 03:50:00,50,3,False
2016-04-10 04:00:00,50,4,False
2016-04-10 04:10:00,60,4,False
2016-04-10 04:20:00,40,4,False
2016-04-10 04:30:00,40,4,False
2016-04-10 04:40:00,30,4,False
2016-04-10 04:50:00,30,4,False
2016-04-10 05:00:00,40,5,False
2016-04-10 05:10:00,60,5,False
2016-04-10 05:20:00,50,5,False
2016-04-10 05:30:00,50,5,False
2016-04-10 05:40:00,60,5,False
2016-04-10 05:50:00,50,5,False
2016-04-10 06:00:00,60,6,False
2016-04-10 06:10:00,50,6,False
2016-04-10 06:20:00,60,6,False
2016-04-10 06:30:00,50,6,False
2016-04-10 06:40:00,50,6,False
2016-04-10 06:50:00,50,6,False
2016-04-10 07:00:00,40,7,False
2016-04-10 07:10:00,60,7,False
2016-04-10 07:20:00,60,7,False
2016-04-10 07:30:00,50,7,False
2016-04-10 07:40:00,70,7,False
2016-04-10 07:50:00,60,7,False
2016-04-10 08:00:00,90,8,False
2016-04-10 08:10:00,90,8,False
2016-04-10 08:20:00,50,8,False
2016-04-10 08:30:00,50,8,False
2016-04-10 08:40:00,190,8,True
2016-04-10 08:50:00,260,8,True
2016-04-10 09:00:00,140,9,False
2016-04-10 09:10:00,70,9,False
2016-04-10 09:20:00,70,9,False
2016-04-10 09:30:00,70,9,False
2016-04-10 09:40:00,70,9,False
2016-04-10 09:50:00,80,9,False
2016-04-10 10:00:00,70,10,False
2016-04-10 10:10:00,80,10,False
2016-04-10 10:20:00,100,10,False
2016-04-10 10:30:00,100,10,False
2016-04-10 10:40:00,350,10,True
2016-04-10 10:50:00,400,10,True
2016-04-10 11:00:00,60,11,False
2016-04-10 11:10:00,50,11,False
2016-04-10 11:20:00,60,11,False
2016-04-10 11:30:00,60,11,False
2016-04-10 11:40:00,60,11,False
2016-04-10 11:50:00,60,11,False
2016-04-10 12:00:00,60,12,False
2016-04-10 12:10:00,60,12,False
2016-04-10 12:20:00,60,12,False
2016-04-10 12:30:00,50,12,False
2016-04-10 12:40:00,60,12,False
2016-04-10 12:50:00,50,12,False
2016-04-10 13:00:00,60,13,False
2016-04-10 13:10:00,60,13,False
2016-04-10 13:20:00,60,13,False
2016-04-10 13:30:00,70,13,False
2016-04-10 13:40:00,60,13,False
2016-04-10 13:50:00,60,13,False
2016-04-10 14:00:00,60,14,False
2016-04-10 14:10:00,60,14,False
2016-04-10 14:20:00,50,14,False
2016-04-10 14:30:00,60,14,False
2016-04-10 14:40:00,60,14,False
2016-04-10 14:50:00,50,14,False
2016-04-10 15:00:00,50,15,False
2016-04-10 15:10:00,40,15,False
2016-04-10 15:20:00,50,15,False
2016-04-10 15:30:00,40,15,False
2016-04-10 15:40:00,60,15,False
2016-04-10 15:50:00,60,15,False
2016-04-10 16:00:00,50,16,False
2016-04-10 16:10:00,60,16,False
2016-04-10 16:20:00,50,16,False
2016-04-10 16:30:00,70,16,False
2016-04-10 16:40:00,60,16,False
2016-04-10 16:50:00,50,16,False
2016-04-10 17:00:00,70,17,False
2016-04-10 17:10:00,60,17,False
2016-04-10 17:20:00,90,17,False
2016-04-10 17:30:00,90,17,False
2016-04-10 17:40:00,110,17,False
2016-04-10 17:50:00,100,17,False
2016-04-10 18:00:00,110,18,False
2016-04-10 18:10:00,120,18,False
2016-04-10 18:20:00,200,18,True
2016-04-10 18:30:00,170,18,False
2016-04-10 18:40:00,140,18,False
2016-04-10 18:50:00,120,18,False
2016-04-10 19:00:00,130,19,False
2016-04-10 19:10:00,130,19,False
2016-04-10 19:20:00,120,19,False
2016-04-10 19:30:00,120,19,False
2016-04-10 19:40:00,120,19,False
2016-04-10 19:50:00,130,19,False
2016-04-10 20:00:00,120,20,False
2016-04-10 20:10:00,90,20,False
2016-04-10 20:20:00,110,20,False
2016-04-10 20:30:00,90,20,False
2016-04-10 20:40:00,100,20,False
2016-04-10 20:50:00,100,20,False
2016-04-10 21:00:00,90,21,False
2016-04-10 21:10:00,110,21,False
2016-04-10 21:20:00,80,21,False
2016-04-10 21:30:00,80,21,False
2016-04-10 21:40:00,80,21,False
2016-04-10 21:50:00,70,21,False
2016-04-10 22:00:00,60,22,False
2016-04-10 22:10:00,40,22,False
2016-04-10 22:20:00,50,22,False
2016-04-10 22:30:00,50,22,False
2016-04-10 22:40:00,40,22,False
2016-04-10 22:50:00,40,22,False
2016-04-10 23:00:00,40,23,False
2016-04-10 23:10:00,30,23,False
2016-04-10 23:20:00,60,23,False
2016-04-10 23:30:00,60,23,False
2016-04-10 23:40:00,50,23,False
2016-04-10 23:50:00,60,23,False
2016-04-11 00:00:00,50,0,False
2016-04-11 00:10:00,50,0,False
2016-04-11 00:20:00,40,0,False
2016-04-11 00:30:00,50,0,False
2016-04-11 00:40:00,60,0,False
2016-04-11 00:50:00,60,0,False
2016-04-11 01:00:00,60,1,False
2016-04-11 01:10:00,50,1,False
2016-04-11 01:20:00,50,1,False
2016-04-11 01:30:00,40,1,False
2016-04-11 01:40:00,50,1,False
2016-04-11 01:50:00,50,1,False
2016-04-11 02:00:00,40,2,False
2016-04-11 02:10:00,60,2,False
2016-04-11 02:20:00,60,2,False
2016-04-11 02:30:00,60,2,False
2016-04-11 02:40:00,60,2,False
2016-04-11 02:50:00,60,2,False
2016-04-11 03:00:00,50,3,False
2016-04-11 03:10:00,50,3,False
2016-04-11 03:20:00,50,3,False
2016-04-11 03:30:00,50,3,False
2016-04-11 03:40:00,50,3,False
2016-04-11 03:50:00,60,3,False
2016-04-11 04:00:00,60,4,False
2016-04-11 04:10:00,60,4,False
2016-04-11 04:20:00,50,4,False
2016-04-11 04:30:00,50,4,False
2016-04-11 04:40:00,50,4,False
2016-04-11 04:50:00,40,4,False
2016-04-11 05:00:00,80,5,False
2016-04-11 05:10:00,70,5,False
2016-04-11 05:20:00,50,5,False
2016-04-11 05:30:00,70,5,False
2016-04-11 05:40:00,50,5,False
2016-04-11 05:50:00,70,5,False
2016-04-11 06:00:00,110,6,False
2016-04-11 06:10:00,50,6,False
2016-04-11 06:20:00,40,6,False
2016-04-11 06:30:00,20,6,False
2016-04-11 06:40:00,40,6,False
2016-04-11 06:50:00,20,6,False
2016-04-11 07:00:00,60,7,False
2016-04-11 07:10:00,60,7,False
2016-04-11 07:20:00,50,7,False
2016-04-11 07:30:00,60,7,False
2016-04-11 07:40:00,50,7,False
2016-04-11 07:50:00,50,7,False
2016-04-11 08:00:00,50,8,False
2016-04-11 08:10:00,50,8,False
2016-04-11 08:20:00,50,8,False
2016-04-11 08:30:00,50,8,False
2016-04-11 08:40:00,60,8,False
2016-04-11 08:50:00,50,8,False
2016-04-11 09:00:00,60,9,False
2016-04-11 09:10:00,50,9,False
2016-04-11 09:20:00,50,9,False
2016-04-11 09:30:00,50,9,False
2016-04-11 09:40:00,50,9,False
2016-04-11 09:50:00,70,9,False
2016-04-11 10:00:00,60,10,False
2016-04-11 10:10:00,80,10,False
2016-04-11 10:20:00,80,10,False
2016-04-11 10:30:00,100,10,False
2016-04-11 10:40:00,100,10,False
2016-04-11 10:50:00,90,10,False
2016-04-11 11:00:00,90,11,False
2016-04-11 11:10:00,90,11,False
2016-04-11 11:20:00,90,11,False
2016-04-11 11:30:00,90,11,False
2016-04-11 11:40:00,110,11,False
2016-04-11 11:50:00,100,11,False
2016-04-11 12:00:00,100,12,False
2016-04-11 12:10:00,80,12,False
2016-04-11 12:20:00,70,12,False
2016-04-11 12:30:00,70,12,False
2016-04-11 12:40:00,70,12,False
2016-04-11 12:50:00,80,12,False
2016-04-11 13:00:00,60,13,False
2016-04-11 13:10:00,90,13,False
2016-04-11 13:20:00,80,13,False
2016-04-11 13:30:00,80,13,False
2016-04-11 13:40:00,80,13,False
2016-04-11 13:50:00,90,13,False
2016-04-11 14:00:00,70,14,False
2016-04-11 14:10:00,60,14,False
2016-04-11 14:20:00,90,14,False
2016-04-11 14:30:00,90,14,False
2016-04-11 14:40:00,90,14,False
2016-04-11 14:50:00,80,14,False
2016-04-11 15:00:00,80,15,False
2016-04-11 15:10:00,90,15,False
2016-04-11 15:20:00,90,15,False
2016-04-11 15:30:00,90,15,False
2016-04-11 15:40:00,80,15,False
2016-04-11 15:50:00,90,15,False
2016-04-11 16:00:00,80,16,False
2016-04-11 16:10:00,90,16,False
2016-04-11 16:20:00,90,16,False
2016-04-11 16:30:00,90,16,False
2016-04-11 16:40:00,100,16,False
2016-04-11 16:50:00,80,16,False
2016-04-11 17:00:00,80,17,False
2016-04-11 17:10:00,80,17,False
2016-04-11 17:20:00,310,17,True
2016-04-11 17:30:00,360,17,True
2016-04-11 17:40:00,370,17,True
2016-04-11 17:50:00,130,17,False
2016-04-11 18:00:00,90,18,False
2016-04-11 18:10:00,110,18,False
2016-04-11 18:20:00,110,18,False
2016-04-11 18:30:00,100,18,False
2016-04-11 18:40:00,100,18,False
2016-04-11 18:50:00,90,18,False
2016-04-11 19:00:00,130,19,False
2016-04-11 19:10:00,140,19,False
2016-04-11 19:20:00,110,19,False
2016-04-11 19:30:00,110,19,False
2016-04-11 19:40:00,120,19,False
2016-04-11 19:50:00,120,19,False
2016-04-11 20:00:00,100,20,False
2016-04-11 20:10:00,120,20,False
2016-04-11 20:20:00,100,20,False
2016-04-11 20:30:00,110,20,False
2016-04-11 20:40:00,110,20,False
2016-04-11 20:50:00,100,20,False
2016-04-11 21:00:00,100,21,False
2016-04-11 21:10:00,60,21,False
2016-04-11 21:20:00,80,21,False
2016-04-11 21:30:00,60,21,False
2016-04-11 21:40:00,70,21,False
2016-04-11 21:50:00,70,21,False
2016-04-11 22:00:00,50,22,False
2016-04-11 22:10:00,60,22,False
2016-04-11 22:20:00,60,22,False
2016-04-11 22:30:00,70,22,False
2016-04-11 22:40:00,60,22,False
2016-04-11 22:50:00,70,22,False
2016-04-11 23:00:00,60,23,False
2016-04-11 23:10:00,60,23,False
2016-04-11 23:20:00,50,23,False
2016-04-11 23:30:00,60,23,False
2016-04-11 23:40:00,50,23,False
2016-04-11 23:50:00,50,23,False
2016-04-12 00:00:00,50,0,False
2016-04-12 00:10:00,50,0,False
2016-04-12 00:20:00,60,0,False
2016-04-12 00:30:00,60,0,False
2016-04-12 00:40:00,50,0,False
2016-04-12 00:50:00,60,0,False
2016-04-12 01:00:00,50,1,False
2016-04-12 01:10:00,50,1,False
2016-04-12 01:20:00,50,1,False
2016-04-12 01:30:00,50,1,False
2016-04-12 01:40:00,50,1,False
2016-04-12 01:50:00,40,1,False
2016-04-12 02:00:00,50,2,False
2016-04-12 02:10:00,60,2,False
2016-04-12 02:20:00,50,2,False
2016-04-12 02:30:00,60,2,False
2016-04-12 02:40:00,50,2,False
2016-04-12 02:50:00,60,2,False
2016-04-12 03:00:00,50,3,False
2016-04-12 03:10:00,50,3,False
2016-04-12 03:20:00,50,3,False
2016-04-12 03:30:00,50,3,False
2016-04-12 03:40:00,60,3,False
2016-04-12 03:50:00,60,3,False
2016-04-12 04:00:00,50,4,False
2016-04-12 04:10:00,60,4,False
2016-04-12 04:20:00,60,4,False
2016-04-12 04:30:00,40,4,False
2016-04-12 04:40:00,50,4,False
2016-04-12 04:50:00,50,4,False
2016-04-12 05:00:00,80,5,False
2016-04-12 05:10:00,60,5,False
2016-04-12 05:20:00,40,5,False
2016-04-12 05:30:00,40,5,False
2016-04-12 05:40:00,40,5,False
2016-04-12 05:50:00,50,5,False
2016-04-12 06:00:00,70,6,False
2016-04-12 06:10:00,70,6,False
2016-04-12 06:20:00,60,6,False
2016-04-12 06:30:00,50,6,False
2016-04-12 06:40:00,50,6,False
2016-04-12 06:50:00,70,6,False
2016-04-12 07:00:00,70,7,False
2016-04-12 07:10:00,70,7,False
2016-04-12 07:20:00,80,7,False
2016-04-12 07:30:00,80,7,False
2016-04-12 07:40:00,60,7,False
2016-04-12 07:50:00,70,7,False
2016-04-12 08:00:00,70,8,False
2016-04-12 08:10:00,70,8,False
2016-04-12 08:20:00,50,8,False
2016-04-12 08:30:00,70,8,False
2016-04-12 08:40:00,60,8,False
2016-04-12 08:50:00,60,8,False
2016-04-12 09:00:00,70,9,False
2016-04-12 09:10:00,60,9,False
2016-04-12 09:20:00,50,9,False
2016-04-12 09:30:00,60,9,False
2016-04-12 09:40:00,50,9,False
2016-04-12 09:50:00,50,9,False
2016-04-12 10:00:00,70,10,False
2016-04-12 10:10:00,60,10,False
2016-04-12 10:20:00,70,10,False
2016-04-12 10:30:00,50,10,False
2016-04-12 10:40:00,60,10,False
2016-04-12 10:50:00,60,10,False
2016-04-12 11:00:00,50,11,False
2016-04-12 11:10:00,60,11,False
2016-04-12 11:20:00,40,11,False
2016-04-12 11:30:00,40,11,False
2016-04-12 11:40:00,40,11,False
2016-04-12 11:50:00,50,11,False
2016-04-12 12:00:00,60,12,False
2016-04-12 12:10:00,60,12,False
2016-04-12 12:20:00,60,12,False
2016-04-12 12:30:00,50,12,False
2016-04-12 12:40:00,60,12,False
2016-04-12 12:50:00,70,12,False
2016-04-12 13:00:00,60,13,False
2016-04-12 13:10:00,60,13,False
2016-04-12 13:20:00,70,13,False
2016-04-12 13:30:00,60,13,False
2016-04-12 13:40:00,60,13,False
2016-04-12 13:50:00,60,13,False
2016-04-12 14:00:00,50,14,False
2016-04-12 14:10:00,60,14,False
2016-04-12 14:20:00,60,14,False
2016-04-12 14:30:00,60,14,False
2016-04-12 14:40:00,60,14,False
2016-04-12 14:50:00,70,14,False
2016-04-12 15:00:00,60,15,False
2016-04-12 15:10:00,70,15,False
2016-04-12 15:20:00,50,15,False
2016-04-12 15:30:00,60,15,False
2016-04-12 15:40:00,60,15,False
2016-04-12 15:50:00,50,15,False
2016-04-12 16:00:00,70,16,False
2016-04-12 16:10:00,60,16,False
2016-04-12 16:20:00,60,16,False
2016-04-12 16:30:00,70,16,False
2016-04-12 16:40:00,90,16,False
2016-04-12 16:50:00,390,16,True
2016-04-12 17:00:00,220,17,True
2016-04-12 17:10:00,130,17,False
2016-04-12 17:20:00,470,17,True
2016-04-12 17:30:00,620,17,True
2016-04-12 17:40:00,770,17,True
2016-04-12 17:50:00,130,17,False
2016-04-12 18:00:00,140,18,False
2016-04-12 18:10:00,590,18,True
2016-04-12 18:20:00,750,18,True
2016-04-12 18:30:00,450,18,True
2016-04-12 18:40:00,370,18,True
2016-04-12 18:50:00,300,18,True
2016-04-12 19:00:00,290,19,True
2016-04-12 19:10:00,280,19,True
2016-04-12 19:20:00,180,19,True
2016-04-12 19:30:00,130,19,False
2016-04-12 19:40:00,130,19,False
2016-04-12 19:50:00,500,19,True
2016-04-12 20:00:00,340,20,True
2016-04-12 20:10:00,300,20,True
2016-04-12 20:20:00,310,20,True
2016-04-12 20:30:00,320,20,True
2016-04-12 20:40:00,310,20,True
2016-04-12 20:50:00,260,20,True
2016-04-12 21:00:00,180,21,True
2016-04-12 21:10:00,90,21,False
2016-04-12 21:20:00,90,21,False
2016-04-12 21:30:00,90,21,False
2016-04-12 21:40:00,70,21,False
2016-04-12 21:50:00,80,21,False
2016-04-12 22:00:00,70,22,False
2016-04-12 22:10:00,60,22,False
2016-04-12 22:20:00,60,22,False
2016-04-12 22:30:00,70,22,False
2016-04-12 22:40:00,60,22,False
2016-04-12 22:50:00,60,22,False
2016-04-12 23:00:00,60,23,False
2016-04-12 23:10:00,70,23,False
2016-04-12 23:20:00,70,23,False
2016-04-12 23:30:00,60,23,False
2016-04-12 23:40:00,70,23,False
2016-04-12 23:50:00,60,23,False
2016-04-13 00:00:00,70,0,False
2016-04-13 00:10:00,50,0,False
2016-04-13 00:20:00,50,0,False
2016-04-13 00:30:00,50,0,False
2016-04-13 00:40:00,50,0,False
2016-04-13 00:50:00,50,0,False
2016-04-13 01:00:00,50,1,False
2016-04-13 01:10:00,70,1,False
2016-04-13 01:20:00,50,1,False
2016-04-13 01:30:00,50,1,False
2016-04-13 01:40:00,60,1,False
2016-04-13 01:50:00,50,1,False
2016-04-13 02:00:00,60,2,False
2016-04-13 02:10:00,40,2,False
2016-04-13 02:20:00,50,2,False
2016-04-13 02:30:00,50,2,False
2016-04-13 02:40:00,50,2,False
2016-04-13 02:50:00,50,2,False
2016-04-13 03:00:00,60,3,False
2016-04-13 03:10:00,60,3,False
2016-04-13 03:20:00,60,3,False
2016-04-13 03:30:00,50,3,False
2016-04-13 03:40:00,60,3,False
2016-04-13 03:50:00,50,3,False
2016-04-13 04:00:00,50,4,False
2016-04-13 04:10:00,50,4,False
2016-04-13 04:20:00,50,4,False
2016-04-13 04:30:00,50,4,False
2016-04-13 04:40:00,50,4,False
2016-04-13 04:50:00,50,4,False
2016-04-13 05:00:00,90,5,False
2016-04-13 05:10:00,70,5,False
2016-04-13 05:20:00,70,5,False
2016-04-13 05:30:00,360,5,True
2016-04-13 05:40:00,120,5,False
2016-04-13 05:50:00,190,5,True
2016-04-13 06:00:00,190,6,True
2016-04-13 06:10:00,80,6,False
2016-04-13 06:20:00,70,6,False
2016-04-13 06:30:00,80,6,False
2016-04-13 06:40:00,60,6,False
2016-04-13 06:50:00,370,6,True
2016-04-13 07:00:00,200,7,True
2016-04-13 07:10:00,60,7,False
2016-04-13 07:20:00,50,7,False
2016-04-13 07:30:00,50,7,False
2016-04-13 07:40:00,60,7,False
2016-04-13 07:50:00,60,7,False
2016-04-13 08:00:00,60,8,False
2016-04-13 08:10:00,30,8,False
2016-04-13 08:20:00,50,8,False
2016-04-13 08:30:00,70,8,False
2016-04-13 08:40:00,90,8,False
2016-04-13 08:50:00,90,8,False
2016-04-13 09:00:00,50,9,False
2016-04-13 09:10:00,60,9,False
2016-04-13 09:20:00,50,9,False
2016-04-13 09:30:00,80,9,False
2016-04-13 09:40:00,70,9,False
2016-04-13 09:50:00,60,9,False
2016-04-13 10:00:00,60,10,False
2016-04-13 10:10:00,110,10,False
2016-04-13 10:20:00,70,10,False
2016-04-13 10:30:00,60,10,False
2016-04-13 10:40:00,60,10,False
2016-04-13 10:50:00,50,10,False
2016-04-13 11:00:00,60,11,False
2016-04-13 11:10:00,50,11,False
2016-04-13 11:20:00,60,11,False
2016-04-13 11:30:00,60,11,False
2016-04-13 11:40:00,50,11,False
2016-04-13 11:50:00,60,11,False
2016-04-13 12:00:00,50,12,False
2016-04-13 12:10:00,50,12,False
2016-04-13 12:20:00,50,12,False
2016-04-13 12:30:00,50,12,False
2016-04-13 12:40:00,50,12,False
2016-04-13 12:50:00,90,12,False
2016-04-13 13:00:00,80,13,False
2016-04-13 13:10:00,90,13,False
2016-04-13 13:20:00,100,13,False
2016-04-13 13:30:00,90,13,False
2016-04-13 13:40:00,100,13,False
2016-04-13 13:50:00,90,13,False
2016-04-13 14:00:00,90,14,False
2016-04-13 14:10:00,70,14,False
2016-04-13 14:20:00,70,14,False
2016-04-13 14:30:00,70,14,False
2016-04-13 14:40:00,60,14,False
2016-04-13 14:50:00,90,14,False
2016-04-13 15:00:00,80,15,False
2016-04-13 15:10:00,70,15,False
2016-04-13 15:20:00,80,15,False
2016-04-13 15:30:00,90,15,False
2016-04-13 15:40:00,90,15,False
2016-04-13 15:50:00,80,15,False
2016-04-13 16:00:00,90,16,False
2016-04-13 16:10:00,90,16,False
2016-04-13 16:20:00,100,16,False
2016-04-13 16:30:00,90,16,False
2016-04-13 16:40:00,90,16,False
2016-04-13 16:50:00,250,16,True
2016-04-13 17:00:00,370,17,True
2016-04-13 17:10:00,160,17,False
2016-04-13 17:20:00,120,17,False
2016-04-13 17:30:00,140,17,False
2016-04-13 17:40:00,140,17,False
2016-04-13 17:50:00,300,17,True
2016-04-13 18:00:00,250,18,True
2016-04-13 18:10:00,120,18,False
2016-04-13 18:20:00,110,18,False
2016-04-13 18:30:00,210,18,True
2016-04-13 18:40:00,490,18,True
2016-04-13 18:50:00,320,18,True
2016-04-13 19:00:00,300,19,True
2016-04-13 19:10:00,340,19,True
2016-04-13 19:20:00,270,19,True
2016-04-13 19:30:00,240,19,True
2016-04-13 19:40:00,210,19,True
2016-04-13 19:50:00,110,19,False
2016-04-13 20:00:00,90,20,False
2016-04-13 20:10:00,90,20,False
2016-04-13 20:20:00,100,20,False
2016-04-13 20:30:00,100,20,False
2016-04-13 20:40:00,90,20,False
2016-04-13 20:50:00,120,20,False
2016-04-13 21:00:00,80,21,False
2016-04-13 21:10:00,60,21,False
2016-04-13 21:20:00,60,21,False
2016-04-13 21:30:00,50,21,False
2016-04-13 21:40:00,30,21,False
2016-04-13 21:50:00,30,21,False
2016-04-13 22:00:00,30,22,False
2016-04-13 22:10:00,40,22,False
2016-04-13 22:20:00,50,22,False
2016-04-13 22:30:00,50,22,False
2016-04-13 22:40:00,60,22,False
2016-04-13 22:50:00,60,22,False
2016-04-13 23:00:00,50,23,False
2016-04-13 23:10:00,60,23,False
2016-04-13 23:20:00,50,23,False
2016-04-13 23:30:00,50,23,False
2016-04-13 23:40:00,50,23,False
2016-04-13 23:50:00,50,23,False
2016-04-14 00:00:00,50,0,False
2016-04-14 00:10:00,60,0,False
2016-04-14 00:20:00,60,0,False
2016-04-14 00:30:00,50,0,False
2016-04-14 00:40:00,60,0,False
2016-04-14 00:50:00,50,0,False
2016-04-14 01:00:00,60,1,False
2016-04-14 01:10:00,40,1,False
2016-04-14 01:20:00,60,1,False
2016-04-14 01:30:00,50,1,False
2016-04-14 01:40:00,50,1,False
2016-04-14 01:50:00,60,1,False
2016-04-14 02:00:00,50,2,False
2016-04-14 02:10:00,60,2,False
2016-04-14 02:20:00,50,2,False
2016-04-14 02:30:00,60,2,False
2016-04-14 02:40:00,50,2,False
2016-04-14 02:50:00,50,2,False
2016-04-14 03:00:00,50,3,False
2016-04-14 03:10:00,50,3,False
2016-04-14 03:20:00,50,3,False
2016-04-14 03:30:00,50,3,False
2016-04-14 03:40:00,60,3,False
2016-04-14 03:50:00,60,3,False
2016-04-14 04:00:00,60,4,False
2016-04-14 04:10:00,50,4,False
2016-04-14 04:20:00,50,4,False
2016-04-14 04:30:00,50,4,False
2016-04-14 04:40:00,50,4,False
2016-04-14 04:50:00,60,4,False
2016-04-14 05:00:00,70,5,False
2016-04-14 05:10:00,70,5,False
2016-04-14 05:20:00,40,5,False
2016-04-14 05:30:00,40,5,False
2016-04-14 05:40:00,40,5,False
2016-04-14 05:50:00,40,5,False
2016-04-14 06:00:00,50,6,False
2016-04-14 06:10:00,60,6,False
2016-04-14 06:20:00,80,6,False
2016-04-14 06:30:00,70,6,False
2016-04-14 06:40:00,60,6,False
2016-04-14 06:50:00,60,6,False
2016-04-14 07:00:00,70,7,False
2016-04-14 07:10:00,70,7,False
2016-04-14 07:20:00,80,7,False
2016-04-14 07:30:00,90,7,False
2016-04-14 07:40:00,70,7,False
2016-04-14 07:50:00,90,7,False
2016-04-14 08:00:00,70,8,False
2016-04-14 08:10:00,70,8,False
2016-04-14 08:20:00,90,8,False
2016-04-14 08:30:00,80,8,False
2016-04-14 08:40:00,90,8,False
2016-04-14 08:50:00,80,8,False
2016-04-14 09:00:00,80,9,False
2016-04-14 09:10:00,70,9,False
2016-04-14 09:20:00,60,9,False
2016-04-14 09:30:00,60,9,False
2016-04-14 09:40:00,50,9,False
2016-04-14 09:50:00,70,9,False
2016-04-14 10:00:00,80,10,False
2016-04-14 10:10:00,80,10,False
2016-04-14 10:20:00,90,10,False
2016-04-14 10:30:00,70,10,False
2016-04-14 10:40:00,80,10,False
2016-04-14 10:50:00,70,10,False
2016-04-14 11:00:00,80,11,False
2016-04-14 11:10:00,70,11,False
2016-04-14 11:20:00,90,11,False
2016-04-14 11:30:00,80,11,False
2016-04-14 11:40:00,80,11,False
2016-04-14 11:50:00,90,11,False
2016-04-14 12:00:00,70,12,False
2016-04-14 12:10:00,60,12,False
2016-04-14 12:20:00,80,12,False
2016-04-14 12:30:00,60,12,False
2016-04-14 12:40:00,40,12,False
2016-04-14 12:50:00,60,12,False
2016-04-14 13:00:00,50,13,False
2016-04-14 13:10:00,60,13,False
2016-04-14 13:20:00,60,13,False
2016-04-14 13:30:00,50,13,False
2016-04-14 13:40:00,50,13,False
2016-04-14 13:50:00,50,13,False
2016-04-14 14:00:00,50,14,False
2016-04-14 14:10:00,60,14,False
2016-04-14 14:20:00,50,14,False
2016-04-14 14:30:00,80,14,False
2016-04-14 14:40:00,80,14,False
2016-04-14 14:50:00,100,14,False
2016-04-14 15:00:00,100,15,False
2016-04-14 15:10:00,90,15,False
2016-04-14 15:20:00,90,15,False
2016-04-14 15:30:00,90,15,False
2016-04-14 15:40:00,90,15,False
2016-04-14 15:50:00,90,15,False
2016-04-14 16:00:00,100,16,False
2016-04-14 16:10:00,100,16,False
2016-04-14 16:20:00,80,16,False
2016-04-14 16:30:00,80,16,False
2016-04-14 16:40:00,60,16,False
2016-04-14 16:50:00,70,16,False
2016-04-14 17:00:00,90,17,False
2016-04-14 17:10:00,120,17,False
2016-04-14 17:20:00,320,17,True
2016-04-14 17:30:00,370,17,True
2016-04-14 17:40:00,310,17,True
2016-04-14 17:50:00,490,17,True
2016-04-14 18:00:00,180,18,True
2016-04-14 18:10:00,130,18,False
2016-04-14 18:20:00,290,18,True
2016-04-14 18:30:00,280,18,True
2016-04-14 18:40:00,310,18,True
2016-04-14 18:50:00,130,18,False
2016-04-14 19:00:00,170,19,False
2016-04-14 19:10:00,120,19,False
2016-04-14 19:20:00,100,19,False
2016-04-14 19:30:00,160,19,False
2016-04-14 19:40:00,450,19,True
2016-04-14 19:50:00,170,19,False
2016-04-14 20:00:00,80,20,False
2016-04-14 20:10:00,80,20,False
2016-04-14 20:20:00,70,20,False
2016-04-14 20:30:00,80,20,False
2016-04-14 20:40:00,70,20,False
2016-04-14 20:50:00,80,20,False
2016-04-14 21:00:00,50,21,False
2016-04-14 21:10:00,60,21,False
2016-04-14 21:20:00,60,21,False
2016-04-14 21:30:00,60,21,False
2016-04-14 21:40:00,50,21,False
2016-04-14 21:50:00,60,21,False
2016-04-14 22:00:00,40,22,False
2016-04-14 22:10:00,50,22,False
2016-04-14 22:20:00,50,22,False
2016-04-14 22:30:00,40,22,False
2016-04-14 22:40:00,60,22,False
2016-04-14 22:50:00,60,22,False
2016-04-14 23:00:00,60,23,False
2016-04-14 23:10:00,50,23,False
2016-04-14 23:20:00,60,23,False
2016-04-14 23:30:00,50,23,False
2016-04-14 23:40:00,50,23,False
2016-04-14 23:50:00,50,23,False
2016-04-15 00:00:00,50,0,False
2016-04-15 00:10:00,50,0,False
2016-04-15 00:20:00,40,0,False
2016-04-15 00:30:00,70,0,False
2016-04-15 00:40:00,50,0,False
2016-04-15 00:50:00,50,0,False
2016-04-15 01:00:00,60,1,False
2016-04-15 01:10:00,60,1,False
2016-04-15 01:20:00,40,1,False
2016-04-15 01:30:00,50,1,False
2016-04-15 01:40:00,50,1,False
2016-04-15 01:50:00,50,1,False
2016-04-15 02:00:00,40,2,False
2016-04-15 02:10:00,70,2,False
2016-04-15 02:20:00,60,2,False
2016-04-15 02:30:00,60,2,False
2016-04-15 02:40:00,50,2,False
2016-04-15 02:50:00,60,2,False
2016-04-15 03:00:00,40,3,False
2016-04-15 03:10:00,50,3,False
2016-04-15 03:20:00,50,3,False
2016-04-15 03:30:00,50,3,False
2016-04-15 03:40:00,40,3,False
2016-04-15 03:50:00,60,3,False
2016-04-15 04:00:00,50,4,False
2016-04-15 04:10:00,60,4,False
2016-04-15 04:20:00,50,4,False
2016-04-15 04:30:00,60,4,False
2016-04-15 04:40:00,60,4,False
2016-04-15 04:50:00,50,4,False
2016-04-15 05:00:00,50,5,False
2016-04-15 05:10:00,50,5,False
2016-04-15 05:20:00,50,5,False
2016-04-15 05:30:00,50,5,False
2016-04-15 05:40:00,50,5,False
2016-04-15 05:50:00,70,5,False
2016-04-15 06:00:00,90,6,False
2016-04-15 06:10:00,640,6,True
2016-04-15 06:20:00,650,6,True
2016-04-15 06:30:00,290,6,True
2016-04-15 06:40:00,270,6,True
2016-04-15 06:50:00,290,6,True
2016-04-15 07:00:00,480,7,True
2016-04-15 07:10:00,490,7,True
2016-04-15 07:20:00,220,7,True
2016-04-15 07:30:00,120,7,False
2016-04-15 07:40:00,90,7,False
2016-04-15 07:50:00,70,7,False
2016-04-15 08:00:00,90,8,False
2016-04-15 08:10:00,140,8,False
2016-04-15 08:20:00,640,8,True
2016-04-15 08:30:00,490,8,True
2016-04-15 08:40:00,350,8,True
2016-04-15 08:50:00,260,8,True
2016-04-15 09:00:00,530,9,True
2016-04-15 09:10:00,430,9,True
2016-04-15 09:20:00,130,9,False
2016-04-15 09:30:00,90,9,False
2016-04-15 09:40:00,70,9,False
2016-04-15 09:50:00,220,9,True
2016-04-15 10:00:00,420,10,True
2016-04-15 10:10:00,270,10,True
2016-04-15 10:20:00,270,10,True
2016-04-15 10:30:00,280,10,True
2016-04-15 10:40:00,340,10,True
2016-04-15 10:50:00,530,10,True
2016-04-15 11:00:00,390,11,True
2016-04-15 11:10:00,250,11,True
2016-04-15 11:20:00,100,11,False
2016-04-15 11:30:00,100,11,False
2016-04-15 11:40:00,100,11,False
2016-04-15 11:50:00,70,11,False
2016-04-15 12:00:00,80,12,False
2016-04-15 12:10:00,60,12,False
2016-04-15 12:20:00,80,12,False
2016-04-15 12:30:00,100,12,False
2016-04-15 12:40:00,70,12,False
2016-04-15 12:50:00,70,12,False
2016-04-15 13:00:00,70,13,False
2016-04-15 13:10:00,70,13,False
2016-04-15 13:20:00,60,13,False
2016-04-15 13:30:00,60,13,False
2016-04-15 13:40:00,60,13,False
2016-04-15 13:50:00,60,13,False
2016-04-15 14:00:00,60,14,False
2016-04-15 14:10:00,80,14,False
2016-04-15 14:20:00,80,14,False
2016-04-15 14:30:00,70,14,False
2016-04-15 14:40:00,80,14,False
2016-04-15 14:50:00,60,14,False
2016-04-15 15:00:00,60,15,False
2016-04-15 15:10:00,50,15,False
2016-04-15 15:20:00,50,15,False
2016-04-15 15:30:00,80,15,False
2016-04-15 15:40:00,70,15,False
2016-04-15 15:50:00,90,15,False
2016-04-15 16:00:00,90,16,False
2016-04-15 16:10:00,80,16,False
2016-04-15 16:20:00,90,16,False
2016-04-15 16:30:00,80,16,False
2016-04-15 16:40:00,80,16,False
2016-04-15 16:50:00,80,16,False
2016-04-15 17:00:00,80,17,False
2016-04-15 17:10:00,70,17,False
2016-04-15 17:20:00,70,17,False
2016-04-15 17:30:00,80,17,False
2016-04-15 17:40:00,90,17,False
2016-04-15 17:50:00,90,17,False
2016-04-15 18:00:00,160,18,False
2016-04-15 18:10:00,500,18,True
2016-04-15 18:20:00,290,18,True
2016-04-15 18:30:00,110,18,False
2016-04-15 18:40:00,100,18,False
2016-04-15 18:50:00,100,18,False
2016-04-15 19:00:00,90,19,False
2016-04-15 19:10:00,150,19,False
2016-04-15 19:20:00,110,19,False
2016-04-15 19:30:00,150,19,False
2016-04-15 19:40:00,120,19,False
2016-04-15 19:50:00,120,19,False
2016-04-15 20:00:00,120,20,False
2016-04-15 20:10:00,110,20,False
2016-04-15 20:20:00,110,20,False
2016-04-15 20:30:00,110,20,False
2016-04-15 20:40:00,100,20,False
2016-04-15 20:50:00,110,20,False
2016-04-15 21:00:00,100,21,False
2016-04-15 21:10:00,100,21,False
2016-04-15 21:20:00,100,21,False
2016-04-15 21:30:00,100,21,False
2016-04-15 21:40:00,120,21,False
2016-04-15 21:50:00,100,21,False
2016-04-15 22:00:00,110,22,False
2016-04-15 22:10:00,100,22,False
2016-04-15 22:20:00,100,22,False
2016-04-15 22:30:00,60,22,False
2016-04-15 22:40:00,60,22,False
2016-04-15 22:50:00,60,22,False
2016-04-15 23:00:00,50,23,False
2016-04-15 23:10:00,50,23,False
2016-04-15 23:20:00,60,23,False
2016-04-15 23:30:00,60,23,False
2016-04-15 23:40:00,70,23,False
2016-04-15 23:50:00,50,23,False
2016-04-16 00:00:00,70,0,False
2016-04-16 00:10:00,50,0,False
2016-04-16 00:20:00,50,0,False
2016-04-16 00:30:00,50,0,False
2016-04-16 00:40:00,40,0,False
2016-04-16 00:50:00,60,0,False
2016-04-16 01:00:00,50,1,False
2016-04-16 01:10:00,60,1,False
2016-04-16 01:20:00,50,1,False
2016-04-16 01:30:00,60,1,False
2016-04-16 01:40:00,60,1,False
2016-04-16 01:50:00,50,1,False
2016-04-16 02:00:00,60,2,False
2016-04-16 02:10:00,40,2,False
2016-04-16 02:20:00,50,2,False
2016-04-16 02:30:00,50,2,False
2016-04-16 02:40:00,50,2,False
2016-04-16 02:50:00,50,2,False
2016-04-16 03:00:00,60,3,False
2016-04-16 03:10:00,60,3,False
2016-04-16 03:20:00,50,3,False
2016-04-16 03:30:00,60,3,False
2016-04-16 03:40:00,50,3,False
2016-04-16 03:50:00,60,3,False
2016-04-16 04:00:00,50,4,False
2016-04-16 04:10:00,50,4,False
2016-04-16 04:20:00,40,4,False
2016-04-16 04:30:00,50,4,False
2016-04-16 04:40:00,50,4,False
2016-04-16 04:50:00,50,4,False
2016-04-16 05:00:00,50,5,False
2016-04-16 05:10:00,50,5,False
2016-04-16 05:20:00,60,5,False
2016-04-16 05:30:00,50,5,False
2016-04-16 05:40:00,50,5,False
2016-04-16 05:50:00,60,5,False
2016-04-16 06:00:00,60,6,False
2016-04-16 06:10:00,50,6,False
2016-04-16 06:20:00,50,6,False
2016-04-16 06:30:00,50,6,False
2016-04-16 06:40:00,60,6,False
2016-04-16 06:50:00,50,6,False
2016-04-16 07:00:00,60,7,False
2016-04-16 07:10:00,60,7,False
2016-04-16 07:20:00,50,7,False
2016-04-16 07:30:00,120,7,False
2016-04-16 07:40:00,50,7,False
2016-04-16 07:50:00,50,7,False
2016-04-16 08:00:00,60,8,False
2016-04-16 08:10:00,40,8,False
2016-04-16 08:20:00,60,8,False
2016-04-16 08:30:00,180,8,True
2016-04-16 08:40:00,180,8,True
2016-04-16 08:50:00,100,8,False
2016-04-16 09:00:00,240,9,True
2016-04-16 09:10:00,330,9,True
2016-04-16 09:20:00,120,9,False
2016-04-16 09:30:00,40,9,False
2016-04-16 09:40:00,70,9,False
2016-04-16 09:50:00,50,9,False
2016-04-16 10:00:00,50,10,False
2016-04-16 10:10:00,80,10,False
2016-04-16 10:20:00,80,10,False
2016-04-16 10:30:00,230,10,True
2016-04-16 10:40:00,800,10,True
2016-04-16 10:50:00,510,10,True
2016-04-16 11:00:00,380,11,True
2016-04-16 11:10:00,330,11,True
2016-04-16 11:20:00,310,11,True
2016-04-16 11:30:00,340,11,True
2016-04-16 11:40:00,230,11,True
2016-04-16 11:50:00,170,11,False
2016-04-16 12:00:00,90,12,False
2016-04-16 12:10:00,80,12,False
2016-04-16 12:20:00,100,12,False
2016-04-16 12:30:00,90,12,False
2016-04-16 12:40:00,110,12,False
2016-04-16 12:50:00,180,12,True
2016-04-16 13:00:00,310,13,True
2016-04-16 13:10:00,300,13,True
2016-04-16 13:20:00,110,13,False
2016-04-16 13:30:00,130,13,False
2016-04-16 13:40:00,160,13,False
2016-04-16 13:50:00,390,13,True
2016-04-16 14:00:00,270,14,True
2016-04-16 14:10:00,250,14,True
2016-04-16 14:20:00,220,14,True
2016-04-16 14:30:00,250,14,True
2016-04-16 14:40:00,260,14,True
2016-04-16 14:50:00,200,14,True
2016-04-16 15:00:00,100,15,False
2016-04-16 15:10:00,100,15,False
2016-04-16 15:20:00,120,15,False
2016-04-16 15:30:00,150,15,False
2016-04-16 15:40:00,100,15,False
2016-04-16 15:50:00,110,15,False
2016-04-16 16:00:00,230,16,True
2016-04-16 16:10:00,300,16,True
2016-04-16 16:20:00,730,16,True
2016-04-16 16:30:00,820,16,True
2016-04-16 16:40:00,460,16,True
2016-04-16 16:50:00,110,16,False
2016-04-16 17:00:00,100,17,False
2016-04-16 17:10:00,110,17,False
2016-04-16 17:20:00,360,17,True
2016-04-16 17:30:00,370,17,True
2016-04-16 17:40:00,290,17,True
2016-04-16 17:50:00,280,17,True
2016-04-16 18:00:00,280,18,True
2016-04-16 18:10:00,110,18,False
2016-04-16 18:20:00,110,18,False
2016-04-16 18:30:00,110,18,False
2016-04-16 18:40:00,110,18,False
2016-04-16 18:50:00,100,18,False
2016-04-16 19:00:00,110,19,False
2016-04-16 19:10:00,110,19,False
2016-04-16 19:20:00,100,19,False
2016-04-16 19:30:00,130,19,False
2016-04-16 19:40:00,110,19,False
2016-04-16 19:50:00,120,19,False
2016-04-16 20:00:00,100,20,False
2016-04-16 20:10:00,110,20,False
2016-04-16 20:20:00,100,20,False
2016-04-16 20:30:00,90,20,False
2016-04-16 20:40:00,110,20,False
2016-04-16 20:50:00,100,20,False
2016-04-16 21:00:00,100,21,False
2016-04-16 21:10:00,100,21,False
2016-04-16 21:20:00,100,21,False
2016-04-16 21:30:00,90,21,False
2016-04-16 21:40:00,90,21,False
2016-04-16 21:50:00,90,21,False
2016-04-16 22:00:00,80,22,False
2016-04-16 22:10:00,90,22,False
2016-04-16 22:20:00,60,22,False
2016-04-16 22:30:00,50,22,False
2016-04-16 22:40:00,50,22,False
2016-04-16 22:50:00,50,22,False
2016-04-16 23:00:00,50,23,False
2016-04-16 23:10:00,50,23,False
2016-04-16 23:20:00,60,23,False
2016-04-16 23:30:00,60,23,False
2016-04-16 23:40:00,50,23,False
2016-04-16 23:50:00,60,23,False
2016-04-17 00:00:00,60,0,False
2016-04-17 00:10:00,50,0,False
2016-04-17 00:20:00,50,0,False
2016-04-17 00:30:00,50,0,False
2016-04-17 00:40:00,50,0,False
2016-04-17 00:50:00,50,0,False
2016-04-17 01:00:00,50,1,False
2016-04-17 01:10:00,50,1,False
2016-04-17 01:20:00,60,1,False
2016-04-17 01:30:00,50,1,False
2016-04-17 01:40:00,60,1,False
2016-04-17 01:50:00,60,1,False
2016-04-17 02:00:00,50,2,False
2016-04-17 02:10:00,50,2,False
2016-04-17 02:20:00,40,2,False
2016-04-17 02:30:00,60,2,False
2016-04-17 02:40:00,40,2,False
2016-04-17 02:50:00,50,2,False
2016-04-17 03:00:00,60,3,False
2016-04-17 03:10:00,60,3,False
2016-04-17 03:20:00,60,3,False
2016-04-17 03:30:00,60,3,False
2016-04-17 03:40:00,60,3,False
2016-04-17 03:50:00,50,3,False
2016-04-17 04:00:00,50,4,False
2016-04-17 04:10:00,40,4,False
2016-04-17 04:20:00,50,4,False
2016-04-17 04:30:00,40,4,False
2016-04-17 04:40:00,50,4,False
2016-04-17 04:50:00,60,4,False
2016-04-17 05:00:00,50,5,False
2016-04-17 05:10:00,60,5,False
2016-04-17 05:20:00,50,5,False
2016-04-17 05:30:00,50,5,False
2016-04-17 05:40:00,50,5,False
2016-04-17 05:50:00,50,5,False
2016-04-17 06:00:00,40,6,False
2016-04-17 06:10:00,50,6,False
2016-04-17 06:20:00,40,6,False
2016-04-17 06:30:00,60,6,False
2016-04-17 06:40:00,60,6,False
2016-04-17 06:50:00,50,6,False
2016-04-17 07:00:00,70,7,False
2016-04-17 07:10:00,50,7,False
2016-04-17 07:20:00,50,7,False
2016-04-17 07:30:00,80,7,False
2016-04-17 07:40:00,70,7,False
2016-04-17 07:50:00,60,7,False
2016-04-17 08:00:00,40,8,False
2016-04-17 08:10:00,60,8,False
2016-04-17 08:20:00,50,8,False
2016-04-17 08:30:00,200,8,True
2016-04-17 08:40:00,240,8,True
2016-04-17 08:50:00,250,8,True
2016-04-17 09:00:00,90,9,False
2016-04-17 09:10:00,180,9,True
2016-04-17 09:20:00,160,9,False
2016-04-17 09:30:00,50,9,False
2016-04-17 09:40:00,60,9,False
2016-04-17 09:50:00,80,9,False
2016-04-17 10:00:00,150,10,False
2016-04-17 10:10:00,470,10,True
2016-04-17 10:20:00,690,10,True
2016-04-17 10:30:00,660,10,True
2016-04-17 10:40:00,330,10,True
2016-04-17 10:50:00,370,10,True
2016-04-17 11:00:00,200,11,True
2016-04-17 11:10:00,100,11,False
2016-04-17 11:20:00,100,11,False
2016-04-17 11:30:00,100,11,False
2016-04-17 11:40:00,100,11,False
2016-04-17 11:50:00,100,11,False
2016-04-17 12:00:00,290,12,True
2016-04-17 12:10:00,140,12,False
2016-04-17 12:20:00,150,12,False
2016-04-17 12:30:00,100,12,False
2016-04-17 12:40:00,80,12,False
2016-04-17 12:50:00,100,12,False
2016-04-17 13:00:00,70,13,False
2016-04-17 13:10:00,80,13,False
2016-04-17 13:20:00,70,13,False
2016-04-17 13:30:00,70,13,False
2016-04-17 13:40:00,70,13,False
2016-04-17 13:50:00,70,13,False
2016-04-17 14:00:00,60,14,False
2016-04-17 14:10:00,70,14,False
2016-04-17 14:20:00,60,14,False
2016-04-17 14:30:00,60,14,False
2016-04-17 14:40:00,100,14,False
2016-04-17 14:50:00,70,14,False
2016-04-17 15:00:00,90,15,False
2016-04-17 15:10:00,100,15,False
2016-04-17 15:20:00,90,15,False
2016-04-17 15:30:00,100,15,False
2016-04-17 15:40:00,100,15,False
2016-04-17 15:50:00,90,15,False
2016-04-17 16:00:00,120,16,False
2016-04-17 16:10:00,180,16,True
2016-04-17 16:20:00,240,16,True
2016-04-17 16:30:00,220,16,True
2016-04-17 16:40:00,150,16,False
2016-04-17 16:50:00,100,16,False
2016-04-17 17:00:00,90,17,False
2016-04-17 17:10:00,110,17,False
2016-04-17 17:20:00,110,17,False
2016-04-17 17:30:00,160,17,False
2016-04-17 17:40:00,650,17,True
2016-04-17 17:50:00,310,17,True
2016-04-17 18:00:00,130,18,False
2016-04-17 18:10:00,120,18,False
2016-04-17 18:20:00,120,18,False
2016-04-17 18:30:00,120,18,False
2016-04-17 18:40:00,110,18,False
2016-04-17 18:50:00,130,18,False
2016-04-17 19:00:00,100,19,False
2016-04-17 19:10:00,90,19,False
2016-04-17 19:20:00,120,19,False
2016-04-17 19:30:00,170,19,False
2016-04-17 19:40:00,150,19,False
2016-04-17 19:50:00,110,19,False
2016-04-17 20:00:00,90,20,False
2016-04-17 20:10:00,80,20,False
2016-04-17 20:20:00,80,20,False
2016-04-17 20:30:00,80,20,False
2016-04-17 20:40:00,110,20,False
2016-04-17 20:50:00,100,20,False
2016-04-17 21:00:00,100,21,False
2016-04-17 21:10:00,90,21,False
2016-04-17 21:20:00,90,21,False
2016-04-17 21:30:00,80,21,False
2016-04-17 21:40:00,60,21,False
2016-04-17 21:50:00,50,21,False
2016-04-17 22:00:00,50,22,False
2016-04-17 22:10:00,50,22,False
2016-04-17 22:20:00,60,22,False
2016-04-17 22:30:00,50,22,False
2016-04-17 22:40:00,60,22,False
2016-04-17 22:50:00,50,22,False
2016-04-17 23:00:00,50,23,False
2016-04-17 23:10:00,50,23,False
2016-04-17 23:20:00,60,23,False
2016-04-17 23:30:00,70,23,False
2016-04-17 23:40:00,70,23,False
2016-04-17 23:50:00,40,23,False
2016-04-18 00:00:00,50,0,False
2016-04-18 00:10:00,50,0,False
2016-04-18 00:20:00,50,0,False
2016-04-18 00:30:00,60,0,False
2016-04-18 00:40:00,60,0,False
2016-04-18 00:50:00,70,0,False
2016-04-18 01:00:00,50,1,False
2016-04-18 01:10:00,70,1,False
2016-04-18 01:20:00,70,1,False
2016-04-18 01:30:00,80,1,False
2016-04-18 01:40:00,60,1,False
2016-04-18 01:50:00,70,1,False
2016-04-18 02:00:00,60,2,False
2016-04-18 02:10:00,50,2,False
2016-04-18 02:20:00,50,2,False
2016-04-18 02:30:00,50,2,False
2016-04-18 02:40:00,60,2,False
2016-04-18 02:50:00,50,2,False
2016-04-18 03:00:00,60,3,False
2016-04-18 03:10:00,60,3,False
2016-04-18 03:20:00,40,3,False
2016-04-18 03:30:00,50,3,False
2016-04-18 03:40:00,40,3,False
2016-04-18 03:50:00,30,3,False
2016-04-18 04:00:00,30,4,False
2016-04-18 04:10:00,30,4,False
2016-04-18 04:20:00,60,4,False
2016-04-18 04:30:00,50,4,False
2016-04-18 04:40:00,60,4,False
2016-04-18 04:50:00,50,4,False
2016-04-18 05:00:00,70,5,False
2016-04-18 05:10:00,50,5,False
2016-04-18 05:20:00,40,5,False
2016-04-18 05:30:00,50,5,False
2016-04-18 05:40:00,50,5,False
2016-04-18 05:50:00,60,5,False
2016-04-18 06:00:00,60,6,False
2016-04-18 06:10:00,40,6,False
2016-04-18 06:20:00,70,6,False
2016-04-18 06:30:00,50,6,False
2016-04-18 06:40:00,60,6,False
2016-04-18 06:50:00,50,6,False
2016-04-18 07:00:00,60,7,False
2016-04-18 07:10:00,50,7,False
2016-04-18 07:20:00,40,7,False
2016-04-18 07:30:00,50,7,False
2016-04-18 07:40:00,50,7,False
2016-04-18 07:50:00,50,7,False
2016-04-18 08:00:00,50,8,False
2016-04-18 08:10:00,50,8,False
2016-04-18 08:20:00,50,8,False
2016-04-18 08:30:00,60,8,False
2016-04-18 08:40:00,50,8,False
2016-04-18 08:50:00,60,8,False
2016-04-18 09:00:00,60,9,False
2016-04-18 09:10:00,40,9,False
2016-04-18 09:20:00,40,9,False
2016-04-18 09:30:00,50,9,False
2016-04-18 09:40:00,50,9,False
2016-04-18 09:50:00,60,9,False
2016-04-18 10:00:00,60,10,False
2016-04-18 10:10:00,60,10,False
2016-04-18 10:20:00,50,10,False
2016-04-18 10:30:00,60,10,False
2016-04-18 10:40:00,50,10,False
2016-04-18 10:50:00,30,10,False
2016-04-18 11:00:00,40,11,False
2016-04-18 11:10:00,60,11,False
2016-04-18 11:20:00,60,11,False
2016-04-18 11:30:00,170,11,False
2016-04-18 11:40:00,90,11,False
2016-04-18 11:50:00,70,11,False
2016-04-18 12:00:00,40,12,False
2016-04-18 12:10:00,60,12,False
2016-04-18 12:20:00,40,12,False
2016-04-18 12:30:00,50,12,False
2016-04-18 12:40:00,50,12,False
2016-04-18 12:50:00,50,12,False
2016-04-18 13:00:00,60,13,False
2016-04-18 13:10:00,60,13,False
2016-04-18 13:20:00,50,13,False
2016-04-18 13:30:00,50,13,False
2016-04-18 13:40:00,40,13,False
2016-04-18 13:50:00,60,13,False
2016-04-18 14:00:00,40,14,False
2016-04-18 14:10:00,60,14,False
2016-04-18 14:20:00,30,14,False
2016-04-18 14:30:00,30,14,False
2016-04-18 14:40:00,40,14,False
2016-04-18 14:50:00,40,14,False
2016-04-18 15:00:00,50,15,False
2016-04-18 15:10:00,50,15,False
2016-04-18 15:20:00,50,15,False
2016-04-18 15:30:00,50,15,False
2016-04-18 15:40:00,60,15,False
2016-04-18 15:50:00,70,15,False
2016-04-18 16:00:00,70,16,False
2016-04-18 16:10:00,70,16,False
2016-04-18 16:20:00,60,16,False
2016-04-18 16:30:00,60,16,False
2016-04-18 16:40:00,70,16,False
2016-04-18 16:50:00,90,16,False
2016-04-18 17:00:00,90,17,False
2016-04-18 17:10:00,110,17,False
2016-04-18 17:20:00,120,17,False
2016-04-18 17:30:00,130,17,False
2016-04-18 17:40:00,530,17,True
2016-04-18 17:50:00,600,17,True
2016-04-18 18:00:00,260,18,True
2016-04-18 18:10:00,90,18,False
2016-04-18 18:20:00,100,18,False
2016-04-18 18:30:00,100,18,False
2016-04-18 18:40:00,110,18,False
2016-04-18 18:50:00,130,18,False
2016-04-18 19:00:00,120,19,False
2016-04-18 19:10:00,110,19,False
2016-04-18 19:20:00,100,19,False
2016-04-18 19:30:00,120,19,False
2016-04-18 19:40:00,130,19,False
2016-04-18 19:50:00,120,19,False
2016-04-18 20:00:00,130,20,False
2016-04-18 20:10:00,120,20,False
2016-04-18 20:20:00,130,20,False
2016-04-18 20:30:00,130,20,False
2016-04-18 20:40:00,120,20,False
2016-04-18 20:50:00,120,20,False
2016-04-18 21:00:00,110,21,False
2016-04-18 21:10:00,60,21,False
2016-04-18 21:20:00,50,21,False
2016-04-18 21:30:00,50,21,False
2016-04-18 21:40:00,60,21,False
2016-04-18 21:50:00,40,21,False
2016-04-18 22:00:00,30,22,False
2016-04-18 22:10:00,30,22,False
2016-04-18 22:20:00,30,22,False
2016-04-18 22:30:00,50,22,False
2016-04-18 22:40:00,50,22,False
2016-04-18 22:50:00,60,22,False
2016-04-18 23:00:00,50,23,False
2016-04-18 23:10:00,60,23,False
2016-04-18 23:20:00,50,23,False
2016-04-18 23:30:00,60,23,False
2016-04-18 23:40:00,40,23,False
2016-04-18 23:50:00,50,23,False
2016-04-19 00:00:00,50,0,False
2016-04-19 00:10:00,40,0,False
2016-04-19 00:20:00,60,0,False
2016-04-19 00:30:00,50,0,False
2016-04-19 00:40:00,60,0,False
2016-04-19 00:50:00,60,0,False
2016-04-19 01:00:00,50,1,False
2016-04-19 01:10:00,50,1,False
2016-04-19 01:20:00,30,1,False
2016-04-19 01:30:00,20,1,False
2016-04-19 01:40:00,30,1,False
2016-04-19 01:50:00,50,1,False
2016-04-19 02:00:00,50,2,False
2016-04-19 02:10:00,60,2,False
2016-04-19 02:20:00,50,2,False
2016-04-19 02:30:00,50,2,False
2016-04-19 02:40:00,50,2,False
2016-04-19 02:50:00,60,2,False
2016-04-19 03:00:00,40,3,False
2016-04-19 03:10:00,60,3,False
2016-04-19 03:20:00,50,3,False
2016-04-19 03:30:00,60,3,False
2016-04-19 03:40:00,60,3,False
2016-04-19 03:50:00,40,3,False
2016-04-19 04:00:00,50,4,False
2016-04-19 04:10:00,50,4,False
2016-04-19 04:20:00,50,4,False
2016-04-19 04:30:00,50,4,False
2016-04-19 04:40:00,50,4,False
2016-04-19 04:50:00,50,4,False
2016-04-19 05:00:00,60,5,False
2016-04-19 05:10:00,60,5,False
2016-04-19 05:20:00,40,5,False
2016-04-19 05:30:00,60,5,False
2016-04-19 05:40:00,380,5,True
2016-04-19 05:50:00,70,5,False
2016-04-19 06:00:00,70,6,False
2016-04-19 06:10:00,70,6,False
2016-04-19 06:20:00,90,6,False
2016-04-19 06:30:00,90,6,False
2016-04-19 06:40:00,60,6,False
2016-04-19 06:50:00,90,6,False
2016-04-19 07:00:00,60,7,False
2016-04-19 07:10:00,60,7,False
2016-04-19 07:20:00,60,7,False
2016-04-19 07:30:00,90,7,False
2016-04-19 07:40:00,380,7,True
2016-04-19 07:50:00,150,7,False
2016-04-19 08:00:00,40,8,False
2016-04-19 08:10:00,50,8,False
2016-04-19 08:20:00,50,8,False
2016-04-19 08:30:00,50,8,False
2016-04-19 08:40:00,50,8,False
2016-04-19 08:50:00,50,8,False
2016-04-19 09:00:00,60,9,False
2016-04-19 09:10:00,50,9,False
2016-04-19 09:20:00,60,9,False
2016-04-19 09:30:00,50,9,False
2016-04-19 09:40:00,50,9,False
2016-04-19 09:50:00,50,9,False
2016-04-19 10:00:00,40,10,False
2016-04-19 10:10:00,50,10,False
2016-04-19 10:20:00,40,10,False
2016-04-19 10:30:00,40,10,False
2016-04-19 10:40:00,30,10,False
2016-04-19 10:50:00,30,10,False
2016-04-19 11:00:00,50,11,False
2016-04-19 11:10:00,50,11,False
2016-04-19 11:20:00,50,11,False
2016-04-19 11:30:00,50,11,False
2016-04-19 11:40:00,60,11,False
2016-04-19 11:50:00,50,11,False
2016-04-19 12:00:00,50,12,False
2016-04-19 12:10:00,60,12,False
2016-04-19 12:20:00,40,12,False
2016-04-19 12:30:00,60,12,False
2016-04-19 12:40:00,50,12,False
2016-04-19 12:50:00,50,12,False
2016-04-19 13:00:00,50,13,False
2016-04-19 13:10:00,50,13,False
2016-04-19 13:20:00,60,13,False
2016-04-19 13:30:00,50,13,False
2016-04-19 13:40:00,30,13,False
2016-04-19 13:50:00,30,13,False
2016-04-19 14:00:00,30,14,False
2016-04-19 14:10:00,40,14,False
2016-04-19 14:20:00,50,14,False
2016-04-19 14:30:00,60,14,False
2016-04-19 14:40:00,50,14,False
2016-04-19 14:50:00,60,14,False
2016-04-19 15:00:00,60,15,False
2016-04-19 15:10:00,40,15,False
2016-04-19 15:20:00,50,15,False
2016-04-19 15:30:00,50,15,False
2016-04-19 15:40:00,40,15,False
2016-04-19 15:50:00,60,15,False
2016-04-19 16:00:00,50,16,False
2016-04-19 16:10:00,60,16,False
2016-04-19 16:20:00,60,16,False
2016-04-19 16:30:00,40,16,False
2016-04-19 16:40:00,50,16,False
2016-04-19 16:50:00,50,16,False
2016-04-19 17:00:00,80,17,False
2016-04-19 17:10:00,50,17,False
2016-04-19 17:20:00,90,17,False
2016-04-19 17:30:00,170,17,False
2016-04-19 17:40:00,510,17,True
2016-04-19 17:50:00,590,17,True
2016-04-19 18:00:00,190,18,True
2016-04-19 18:10:00,100,18,False
2016-04-19 18:20:00,110,18,False
2016-04-19 18:30:00,110,18,False
2016-04-19 18:40:00,110,18,False
2016-04-19 18:50:00,150,18,False
2016-04-19 19:00:00,120,19,False
2016-04-19 19:10:00,110,19,False
2016-04-19 19:20:00,120,19,False
2016-04-19 19:30:00,120,19,False
2016-04-19 19:40:00,110,19,False
2016-04-19 19:50:00,110,19,False
2016-04-19 20:00:00,110,20,False
2016-04-19 20:10:00,120,20,False
2016-04-19 20:20:00,90,20,False
2016-04-19 20:30:00,60,20,False
2016-04-19 20:40:00,80,20,False
2016-04-19 20:50:00,60,20,False
2016-04-19 21:00:00,90,21,False
2016-04-19 21:10:00,60,21,False
2016-04-19 21:20:00,50,21,False
2016-04-19 21:30:00,50,21,False
2016-04-19 21:40:00,50,21,False
2016-04-19 21:50:00,60,21,False
2016-04-19 22:00:00,60,22,False
2016-04-19 22:10:00,50,22,False
2016-04-19 22:20:00,50,22,False
2016-04-19 22:30:00,50,22,False
2016-04-19 22:40:00,50,22,False
2016-04-19 22:50:00,50,22,False
2016-04-19 23:00:00,60,23,False
2016-04-19 23:10:00,50,23,False
2016-04-19 23:20:00,40,23,False
2016-04-19 23:30:00,30,23,False
2016-04-19 23:40:00,20,23,False
2016-04-19 23:50:00,40,23,False
2016-04-20 00:00:00,50,0,False
2016-04-20 00:10:00,60,0,False
2016-04-20 00:20:00,40,0,False
2016-04-20 00:30:00,60,0,False
2016-04-20 00:40:00,60,0,False
2016-04-20 00:50:00,60,0,False
2016-04-20 01:00:00,50,1,False
2016-04-20 01:10:00,40,1,False
2016-04-20 01:20:00,60,1,False
2016-04-20 01:30:00,40,1,False
2016-04-20 01:40:00,60,1,False
2016-04-20 01:50:00,50,1,False
2016-04-20 02:00:00,60,2,False
2016-04-20 02:10:00,50,2,False
2016-04-20 02:20:00,50,2,False
2016-04-20 02:30:00,50,2,False
2016-04-20 02:40:00,30,2,False
2016-04-20 02:50:00,30,2,False
2016-04-20 03:00:00,30,3,False
2016-04-20 03:10:00,30,3,False
2016-04-20 03:20:00,60,3,False
2016-04-20 03:30:00,60,3,False
2016-04-20 03:40:00,60,3,False
2016-04-20 03:50:00,50,3,False
2016-04-20 04:00:00,50,4,False
2016-04-20 04:10:00,40,4,False
2016-04-20 04:20:00,50,4,False
2016-04-20 04:30:00,50,4,False
2016-04-20 04:40:00,50,4,False
2016-04-20 04:50:00,70,4,False
2016-04-20 05:00:00,60,5,False
2016-04-20 05:10:00,80,5,False
2016-04-20 05:20:00,50,5,False
2016-04-20 05:30:00,50,5,False
2016-04-20 05:40:00,30,5,False
2016-04-20 05:50:00,30,5,False
2016-04-20 06:00:00,40,6,False
2016-04-20 06:10:00,50,6,False
2016-04-20 06:20:00,100,6,False
2016-04-20 06:30:00,80,6,False
2016-04-20 06:40:00,60,6,False
2016-04-20 06:50:00,70,6,False
2016-04-20 07:00:00,60,7,False
2016-04-20 07:10:00,40,7,False
2016-04-20 07:20:00,60,7,False
2016-04-20 07:30:00,60,7,False
2016-04-20 07:40:00,60,7,False
2016-04-20 07:50:00,60,7,False
2016-04-20 08:00:00,50,8,False
2016-04-20 08:10:00,90,8,False
2016-04-20 08:20:00,60,8,False
2016-04-20 08:30:00,60,8,False
2016-04-20 08:40:00,20,8,False
2016-04-20 08:50:00,40,8,False
2016-04-20 09:00:00,80,9,False
2016-04-20 09:10:00,60,9,False
2016-04-20 09:20:00,70,9,False
2016-04-20 09:30:00,60,9,False
2016-04-20 09:40:00,60,9,False
2016-04-20 09:50:00,50,9,False
2016-04-20 10:00:00,50,10,False
2016-04-20 10:10:00,50,10,False
2016-04-20 10:20:00,70,10,False
2016-04-20 10:30:00,100,10,False
2016-04-20 10:40:00,60,10,False
2016-04-20 10:50:00,60,10,False
2016-04-20 11:00:00,50,11,False
2016-04-20 11:10:00,50,11,False
2016-04-20 11:20:00,50,11,False
2016-04-20 11:30:00,50,11,False
2016-04-20 11:40:00,40,11,False
2016-04-20 11:50:00,30,11,False
2016-04-20 12:00:00,30,12,False
2016-04-20 12:10:00,40,12,False
2016-04-20 12:20:00,60,12,False
2016-04-20 12:30:00,40,12,False
2016-04-20 12:40:00,50,12,False
2016-04-20 12:50:00,60,12,False
2016-04-20 13:00:00,60,13,False
2016-04-20 13:10:00,60,13,False
2016-04-20 13:20:00,50,13,False
2016-04-20 13:30:00,50,13,False
2016-04-20 13:40:00,50,13,False
2016-04-20 13:50:00,50,13,False
2016-04-20 14:00:00,90,14,False
2016-04-20 14:10:00,100,14,False
2016-04-20 14:20:00,350,14,True
2016-04-20 14:30:00,290,14,True
2016-04-20 14:40:00,110,14,False
2016-04-20 14:50:00,100,14,False
2016-04-20 15:00:00,100,15,False
2016-04-20 15:10:00,110,15,False
2016-04-20 15:20:00,60,15,False
2016-04-20 15:30:00,80,15,False
2016-04-20 15:40:00,50,15,False
2016-04-20 15:50:00,70,15,False
2016-04-20 16:00:00,90,16,False
2016-04-20 16:10:00,80,16,False
2016-04-20 16:20:00,70,16,False
2016-04-20 16:30:00,70,16,False
2016-04-20 16:40:00,60,16,False
2016-04-20 16:50:00,60,16,False
2016-04-20 17:00:00,80,17,False
2016-04-20 17:10:00,80,17,False
2016-04-20 17:20:00,70,17,False
2016-04-20 17:30:00,80,17,False
2016-04-20 17:40:00,230,17,True
2016-04-20 17:50:00,540,17,True
2016-04-20 18:00:00,380,18,True
2016-04-20 18:10:00,300,18,True
2016-04-20 18:20:00,300,18,True
2016-04-20 18:30:00,270,18,True
2016-04-20 18:40:00,250,18,True
2016-04-20 18:50:00,210,18,True
2016-04-20 19:00:00,110,19,False
2016-04-20 19:10:00,110,19,False
2016-04-20 19:20:00,150,19,False
2016-04-20 19:30:00,120,19,False
2016-04-20 19:40:00,120,19,False
2016-04-20 19:50:00,110,19,False
2016-04-20 20:00:00,100,20,False
2016-04-20 20:10:00,100,20,False
2016-04-20 20:20:00,110,20,False
2016-04-20 20:30:00,110,20,False
2016-04-20 20:40:00,110,20,False
2016-04-20 20:50:00,120,20,False
2016-04-20 21:00:00,80,21,False
2016-04-20 21:10:00,110,21,False
2016-04-20 21:20:00,80,21,False
2016-04-20 21:30:00,70,21,False
2016-04-20 21:40:00,50,21,False
2016-04-20 21:50:00,50,21,False
2016-04-20 22:00:00,50,22,False
2016-04-20 22:10:00,50,22,False
2016-04-20 22:20:00,60,22,False
2016-04-20 22:30:00,40,22,False
2016-04-20 22:40:00,60,22,False
2016-04-20 22:50:00,60,22,False
2016-04-20 23:00:00,50,23,False
2016-04-20 23:10:00,60,23,False
2016-04-20 23:20:00,40,23,False
2016-04-20 23:30:00,50,23,False
2016-04-20 23:40:00,20,23,False
2016-04-20 23:50:00,30,23,False
2016-04-21 00:00:00,30,0,False
2016-04-21 00:10:00,60,0,False
2016-04-21 00:20:00,60,0,False
2016-04-21 00:30:00,60,0,False
2016-04-21 00:40:00,50,0,False
2016-04-21 00:50:00,50,0,False
2016-04-21 01:00:00,40,1,False
2016-04-21 01:10:00,50,1,False
2016-04-21 01:20:00,50,1,False
2016-04-21 01:30:00,60,1,False
2016-04-21 01:40:00,60,1,False
2016-04-21 01:50:00,60,1,False
2016-04-21 02:00:00,50,2,False
2016-04-21 02:10:00,50,2,False
2016-04-21 02:20:00,40,2,False
2016-04-21 02:30:00,50,2,False
2016-04-21 02:40:00,50,2,False
2016-04-21 02:50:00,50,2,False
2016-04-21 03:00:00,60,3,False
2016-04-21 03:10:00,50,3,False
2016-04-21 03:20:00,40,3,False
2016-04-21 03:30:00,30,3,False
2016-04-21 03:40:00,30,3,False
2016-04-21 03:50:00,30,3,False
2016-04-21 04:00:00,60,4,False
2016-04-21 04:10:00,40,4,False
2016-04-21 04:20:00,60,4,False
2016-04-21 04:30:00,50,4,False
2016-04-21 04:40:00,60,4,False
2016-04-21 04:50:00,50,4,False
2016-04-21 05:00:00,60,5,False
2016-04-21 05:10:00,80,5,False
2016-04-21 05:20:00,60,5,False
2016-04-21 05:30:00,60,5,False
2016-04-21 05:40:00,70,5,False
2016-04-21 05:50:00,80,5,False
2016-04-21 06:00:00,70,6,False
2016-04-21 06:10:00,120,6,False
2016-04-21 06:20:00,50,6,False
2016-04-21 06:30:00,50,6,False
2016-04-21 06:40:00,50,6,False
2016-04-21 06:50:00,30,6,False
2016-04-21 07:00:00,30,7,False
2016-04-21 07:10:00,30,7,False
2016-04-21 07:20:00,30,7,False
2016-04-21 07:30:00,60,7,False
2016-04-21 07:40:00,60,7,False
2016-04-21 07:50:00,50,7,False
2016-04-21 08:00:00,50,8,False
2016-04-21 08:10:00,50,8,False
2016-04-21 08:20:00,50,8,False
2016-04-21 08:30:00,50,8,False
2016-04-21 08:40:00,60,8,False
2016-04-21 08:50:00,50,8,False
2016-04-21 09:00:00,60,9,False
2016-04-21 09:10:00,50,9,False
2016-04-21 09:20:00,50,9,False
2016-04-21 09:30:00,50,9,False
2016-04-21 09:40:00,50,9,False
2016-04-21 09:50:00,50,9,False
2016-04-21 10:00:00,60,10,False
2016-04-21 10:10:00,70,10,False
2016-04-21 10:20:00,70,10,False
2016-04-21 10:30:00,40,10,False
2016-04-21 10:40:00,40,10,False
2016-04-21 10:50:00,30,10,False
2016-04-21 11:00:00,50,11,False
2016-04-21 11:10:00,50,11,False
2016-04-21 11:20:00,60,11,False
2016-04-21 11:30:00,50,11,False
2016-04-21 11:40:00,60,11,False
2016-04-21 11:50:00,60,11,False
2016-04-21 12:00:00,50,12,False
2016-04-21 12:10:00,50,12,False
2016-04-21 12:20:00,50,12,False
2016-04-21 12:30:00,50,12,False
2016-04-21 12:40:00,50,12,False
2016-04-21 12:50:00,50,12,False
2016-04-21 13:00:00,60,13,False
2016-04-21 13:10:00,50,13,False
2016-04-21 13:20:00,60,13,False
2016-04-21 13:30:00,70,13,False
2016-04-21 13:40:00,70,13,False
2016-04-21 13:50:00,60,13,False
2016-04-21 14:00:00,70,14,False
2016-04-21 14:10:00,40,14,False
2016-04-21 14:20:00,60,14,False
2016-04-21 14:30:00,60,14,False
2016-04-21 14:40:00,60,14,False
2016-04-21 14:50:00,80,14,False
2016-04-21 15:00:00,60,15,False
2016-04-21 15:10:00,60,15,False
2016-04-21 15:20:00,50,15,False
2016-04-21 15:30:00,50,15,False
2016-04-21 15:40:00,80,15,False
2016-04-21 15:50:00,80,15,False
2016-04-21 16:00:00,110,16,False
2016-04-21 16:10:00,80,16,False
2016-04-21 16:20:00,90,16,False
2016-04-21 16:30:00,90,16,False
2016-04-21 16:40:00,70,16,False
2016-04-21 16:50:00,80,16,False
2016-04-21 17:00:00,80,17,False
2016-04-21 17:10:00,120,17,False
2016-04-21 17:20:00,230,17,True
2016-04-21 17:30:00,310,17,True
2016-04-21 17:40:00,360,17,True
2016-04-21 17:50:00,110,17,False
2016-04-21 18:00:00,120,18,False
2016-04-21 18:10:00,120,18,False
2016-04-21 18:20:00,440,18,True
2016-04-21 18:30:00,150,18,False
2016-04-21 18:40:00,130,18,False
2016-04-21 18:50:00,120,18,False
2016-04-21 19:00:00,150,19,False
2016-04-21 19:10:00,130,19,False
2016-04-21 19:20:00,130,19,False
2016-04-21 19:30:00,130,19,False
2016-04-21 19:40:00,130,19,False
2016-04-21 19:50:00,100,19,False
2016-04-21 20:00:00,90,20,False
2016-04-21 20:10:00,120,20,False
2016-04-21 20:20:00,410,20,True
2016-04-21 20:30:00,200,20,True
2016-04-21 20:40:00,110,20,False
2016-04-21 20:50:00,120,20,False
2016-04-21 21:00:00,70,21,False
2016-04-21 21:10:00,70,21,False
2016-04-21 21:20:00,70,21,False
2016-04-21 21:30:00,60,21,False
2016-04-21 21:40:00,70,21,False
2016-04-21 21:50:00,70,21,False
2016-04-21 22:00:00,80,22,False
2016-04-21 22:10:00,70,22,False
2016-04-21 22:20:00,70,22,False
2016-04-21 22:30:00,70,22,False
2016-04-21 22:40:00,60,22,False
2016-04-21 22:50:00,70,22,False
2016-04-21 23:00:00,60,23,False
2016-04-21 23:10:00,70,23,False
2016-04-21 23:20:00,60,23,False
2016-04-21 23:30:00,70,23,False
2016-04-21 23:40:00,80,23,False
2016-04-21 23:50:00,70,23,False
2016-04-22 00:00:00,70,0,False
2016-04-22 00:10:00,70,0,False
2016-04-22 00:20:00,60,0,False
2016-04-22 00:30:00,70,0,False
2016-04-22 00:40:00,60,0,False
2016-04-22 00:50:00,40,0,False
2016-04-22 01:00:00,50,1,False
2016-04-22 01:10:00,50,1,False
2016-04-22 01:20:00,60,1,False
2016-04-22 01:30:00,80,1,False
2016-04-22 01:40:00,60,1,False
2016-04-22 01:50:00,70,1,False
2016-04-22 02:00:00,70,2,False
2016-04-22 02:10:00,60,2,False
2016-04-22 02:20:00,70,2,False
2016-04-22 02:30:00,60,2,False
2016-04-22 02:40:00,80,2,False
2016-04-22 02:50:00,70,2,False
2016-04-22 03:00:00,70,3,False
2016-04-22 03:10:00,70,3,False
2016-04-22 03:20:00,60,3,False
2016-04-22 03:30:00,60,3,False
2016-04-22 03:40:00,70,3,False
2016-04-22 03:50:00,70,3,False
2016-04-22 04:00:00,60,4,False
2016-04-22 04:10:00,80,4,False
2016-04-22 04:20:00,70,4,False
2016-04-22 04:30:00,70,4,False
2016-04-22 04:40:00,70,4,False
2016-04-22 04:50:00,50,4,False
2016-04-22 05:00:00,70,5,False
2016-04-22 05:10:00,60,5,False
2016-04-22 05:20:00,70,5,False
2016-04-22 05:30:00,70,5,False
2016-04-22 05:40:00,70,5,False
2016-04-22 05:50:00,80,5,False
2016-04-22 06:00:00,120,6,False
2016-04-22 06:10:00,50,6,False
2016-04-22 06:20:00,40,6,False
2016-04-22 06:30:00,50,6,False
2016-04-22 06:40:00,70,6,False
2016-04-22 06:50:00,70,6,False
2016-04-22 07:00:00,90,7,False
2016-04-22 07:10:00,310,7,True
2016-04-22 07:20:00,340,7,True
2016-04-22 07:30:00,110,7,False
2016-04-22 07:40:00,80,7,False
2016-04-22 07:50:00,100,7,False
2016-04-22 08:00:00,70,8,False
2016-04-22 08:10:00,100,8,False
2016-04-22 08:20:00,80,8,False
2016-04-22 08:30:00,80,8,False
2016-04-22 08:40:00,70,8,False
2016-04-22 08:50:00,610,8,True
2016-04-22 09:00:00,720,9,True
2016-04-22 09:10:00,400,9,True
2016-04-22 09:20:00,280,9,True
2016-04-22 09:30:00,310,9,True
2016-04-22 09:40:00,260,9,True
2016-04-22 09:50:00,320,9,True
2016-04-22 10:00:00,310,10,True
2016-04-22 10:10:00,320,10,True
2016-04-22 10:20:00,130,10,False
2016-04-22 10:30:00,680,10,True
2016-04-22 10:40:00,610,10,True
2016-04-22 10:50:00,340,10,True
2016-04-22 11:00:00,260,11,True
2016-04-22 11:10:00,290,11,True
2016-04-22 11:20:00,270,11,True
2016-04-22 11:30:00,260,11,True
2016-04-22 11:40:00,250,11,True
2016-04-22 11:50:00,260,11,True
2016-04-22 12:00:00,220,12,True
2016-04-22 12:10:00,160,12,False
2016-04-22 12:20:00,130,12,False
2016-04-22 12:30:00,90,12,False
2016-04-22 12:40:00,750,12,True
2016-04-22 12:50:00,720,12,True
2016-04-22 13:00:00,350,13,True
2016-04-22 13:10:00,280,13,True
2016-04-22 13:20:00,290,13,True
2016-04-22 13:30:00,260,13,True
2016-04-22 13:40:00,260,13,True
2016-04-22 13:50:00,240,13,True
2016-04-22 14:00:00,110,14,False
2016-04-22 14:10:00,80,14,False
2016-04-22 14:20:00,90,14,False
2016-04-22 14:30:00,80,14,False
2016-04-22 14:40:00,90,14,False
2016-04-22 14:50:00,80,14,False
2016-04-22 15:00:00,80,15,False
2016-04-22 15:10:00,60,15,False
2016-04-22 15:20:00,330,15,True
2016-04-22 15:30:00,440,15,True
2016-04-22 15:40:00,310,15,True
2016-04-22 15:50:00,440,15,True
2016-04-22 16:00:00,570,16,True
2016-04-22 16:10:00,370,16,True
2016-04-22 16:20:00,270,16,True
2016-04-22 16:30:00,270,16,True
2016-04-22 16:40:00,150,16,False
2016-04-22 16:50:00,120,16,False
2016-04-22 17:00:00,130,17,False
2016-04-22 17:10:00,170,17,False
2016-04-22 17:20:00,440,17,True
2016-04-22 17:30:00,300,17,True
2016-04-22 17:40:00,380,17,True
2016-04-22 17:50:00,870,17,True
2016-04-22 18:00:00,420,18,True
2016-04-22 18:10:00,230,18,True
2016-04-22 18:20:00,180,18,True
2016-04-22 18:30:00,110,18,False
2016-04-22 18:40:00,110,18,False
2016-04-22 18:50:00,110,18,False
2016-04-22 19:00:00,110,19,False
2016-04-22 19:10:00,110,19,False
2016-04-22 19:20:00,120,19,False
2016-04-22 19:30:00,100,19,False
2016-04-22 19:40:00,100,19,False
2016-04-22 19:50:00,90,19,False
2016-04-22 20:00:00,90,20,False
2016-04-22 20:10:00,120,20,False
2016-04-22 20:20:00,100,20,False
2016-04-22 20:30:00,110,20,False
2016-04-22 20:40:00,100,20,False
2016-04-22 20:50:00,110,20,False
2016-04-22 21:00:00,100,21,False
2016-04-22 21:10:00,100,21,False
2016-04-22 21:20:00,90,21,False
2016-04-22 21:30:00,50,21,False
2016-04-22 21:40:00,50,21,False
2016-04-22 21:50:00,40,21,False
2016-04-22 22:00:00,50,22,False
2016-04-22 22:10:00,60,22,False
2016-04-22 22:20:00,50,22,False
2016-04-22 22:30:00,60,22,False
2016-04-22 22:40:00,50,22,False
2016-04-22 22:50:00,60,22,False
2016-04-22 23:00:00,60,23,False
2016-04-22 23:10:00,60,23,False
2016-04-22 23:20:00,50,23,False
2016-04-22 23:30:00,50,23,False
2016-04-22 23:40:00,50,23,False
2016-04-22 23:50:00,60,23,False
2016-04-23 00:00:00,50,0,False
2016-04-23 00:10:00,60,0,False
2016-04-23 00:20:00,60,0,False
2016-04-23 00:30:00,50,0,False
2016-04-23 00:40:00,60,0,False
2016-04-23 00:50:00,60,0,False
2016-04-23 01:00:00,50,1,False
2016-04-23 01:10:00,50,1,False
2016-04-23 01:20:00,50,1,False
2016-04-23 01:30:00,40,1,False
2016-04-23 01:40:00,50,1,False
2016-04-23 01:50:00,60,1,False
2016-04-23 02:00:00,50,2,False
2016-04-23 02:10:00,60,2,False
2016-04-23 02:20:00,60,2,False
2016-04-23 02:30:00,50,2,False
2016-04-23 02:40:00,60,2,False
2016-04-23 02:50:00,60,2,False
2016-04-23 03:00:00,50,3,False
2016-04-23 03:10:00,50,3,False
2016-04-23 03:20:00,50,3,False
2016-04-23 03:30:00,50,3,False
2016-04-23 03:40:00,50,3,False
2016-04-23 03:50:00,60,3,False
2016-04-23 04:00:00,40,4,False
2016-04-23 04:10:00,70,4,False
2016-04-23 04:20:00,50,4,False
2016-04-23 04:30:00,60,4,False
2016-04-23 04:40:00,50,4,False
2016-04-23 04:50:00,60,4,False
2016-04-23 05:00:00,50,5,False
2016-04-23 05:10:00,50,5,False
2016-04-23 05:20:00,50,5,False
2016-04-23 05:30:00,50,5,False
2016-04-23 05:40:00,50,5,False
2016-04-23 05:50:00,50,5,False
2016-04-23 06:00:00,60,6,False
2016-04-23 06:10:00,50,6,False
2016-04-23 06:20:00,60,6,False
2016-04-23 06:30:00,50,6,False
2016-04-23 06:40:00,60,6,False
2016-04-23 06:50:00,60,6,False
2016-04-23 07:00:00,50,7,False
2016-04-23 07:10:00,50,7,False
2016-04-23 07:20:00,50,7,False
2016-04-23 07:30:00,50,7,False
2016-04-23 07:40:00,60,7,False
2016-04-23 07:50:00,80,7,False
2016-04-23 08:00:00,50,8,False
2016-04-23 08:10:00,60,8,False
2016-04-23 08:20:00,50,8,False
2016-04-23 08:30:00,80,8,False
2016-04-23 08:40:00,80,8,False
2016-04-23 08:50:00,50,8,False
2016-04-23 09:00:00,70,9,False
2016-04-23 09:10:00,180,9,True
2016-04-23 09:20:00,190,9,True
2016-04-23 09:30:00,120,9,False
2016-04-23 09:40:00,300,9,True
2016-04-23 09:50:00,350,9,True
2016-04-23 10:00:00,130,10,False
2016-04-23 10:10:00,130,10,False
2016-04-23 10:20:00,120,10,False
2016-04-23 10:30:00,140,10,False
2016-04-23 10:40:00,100,10,False
2016-04-23 10:50:00,110,10,False
2016-04-23 11:00:00,370,11,True
2016-04-23 11:10:00,400,11,True
2016-04-23 11:20:00,300,11,True
2016-04-23 11:30:00,300,11,True
2016-04-23 11:40:00,280,11,True
2016-04-23 11:50:00,280,11,True
2016-04-23 12:00:00,320,12,True
2016-04-23 12:10:00,360,12,True
2016-04-23 12:20:00,210,12,True
2016-04-23 12:30:00,90,12,False
2016-04-23 12:40:00,100,12,False
2016-04-23 12:50:00,90,12,False
2016-04-23 13:00:00,90,13,False
2016-04-23 13:10:00,100,13,False
2016-04-23 13:20:00,100,13,False
2016-04-23 13:30:00,100,13,False
2016-04-23 13:40:00,130,13,False
2016-04-23 13:50:00,260,13,True
2016-04-23 14:00:00,110,14,False
2016-04-23 14:10:00,110,14,False
2016-04-23 14:20:00,110,14,False
2016-04-23 14:30:00,110,14,False
2016-04-23 14:40:00,110,14,False
2016-04-23 14:50:00,110,14,False
2016-04-23 15:00:00,110,15,False
2016-04-23 15:10:00,110,15,False
2016-04-23 15:20:00,80,15,False
2016-04-23 15:30:00,90,15,False
2016-04-23 15:40:00,80,15,False
2016-04-23 15:50:00,80,15,False
2016-04-23 16:00:00,70,16,False
2016-04-23 16:10:00,80,16,False
2016-04-23 16:20:00,80,16,False
2016-04-23 16:30:00,70,16,False
2016-04-23 16:40:00,60,16,False
2016-04-23 16:50:00,60,16,False
2016-04-23 17:00:00,60,17,False
2016-04-23 17:10:00,80,17,False
2016-04-23 17:20:00,80,17,False
2016-04-23 17:30:00,80,17,False
2016-04-23 17:40:00,70,17,False
2016-04-23 17:50:00,80,17,False
2016-04-23 18:00:00,80,18,False
2016-04-23 18:10:00,190,18,True
2016-04-23 18:20:00,580,18,True
2016-04-23 18:30:00,480,18,True
2016-04-23 18:40:00,200,18,True
2016-04-23 18:50:00,120,18,False
2016-04-23 19:00:00,120,19,False
2016-04-23 19:10:00,140,19,False
2016-04-23 19:20:00,110,19,False
2016-04-23 19:30:00,110,19,False
2016-04-23 19:40:00,120,19,False
2016-04-23 19:50:00,100,19,False
2016-04-23 20:00:00,120,20,False
2016-04-23 20:10:00,120,20,False
2016-04-23 20:20:00,120,20,False
2016-04-23 20:30:00,110,20,False
2016-04-23 20:40:00,110,20,False
2016-04-23 20:50:00,110,20,False
2016-04-23 21:00:00,100,21,False
2016-04-23 21:10:00,110,21,False
2016-04-23 21:20:00,60,21,False
2016-04-23 21:30:00,70,21,False
2016-04-23 21:40:00,60,21,False
2016-04-23 21:50:00,70,21,False
2016-04-23 22:00:00,90,22,False
2016-04-23 22:10:00,60,22,False
2016-04-23 22:20:00,60,22,False
2016-04-23 22:30:00,60,22,False
2016-04-23 22:40:00,60,22,False
2016-04-23 22:50:00,50,22,False
2016-04-23 23:00:00,60,23,False
2016-04-23 23:10:00,60,23,False
2016-04-23 23:20:00,60,23,False
2016-04-23 23:30:00,60,23,False
2016-04-23 23:40:00,60,23,False
2016-04-23 23:50:00,60,23,False
2016-04-24 00:00:00,60,0,False
2016-04-24 00:10:00,50,0,False
2016-04-24 00:20:00,50,0,False
2016-04-24 00:30:00,60,0,False
2016-04-24 00:40:00,60,0,False
2016-04-24 00:50:00,50,0,False
2016-04-24 01:00:00,60,1,False
2016-04-24 01:10:00,60,1,False
2016-04-24 01:20:00,60,1,False
2016-04-24 01:30:00,60,1,False
2016-04-24 01:40:00,60,1,False
2016-04-24 01:50:00,30,1,False
2016-04-24 02:00:00,40,2,False
2016-04-24 02:10:00,30,2,False
2016-04-24 02:20:00,30,2,False
2016-04-24 02:30:00,60,2,False
2016-04-24 02:40:00,70,2,False
2016-04-24 02:50:00,70,2,False
2016-04-24 03:00:00,50,3,False
2016-04-24 03:10:00,70,3,False
2016-04-24 03:20:00,50,3,False
2016-04-24 03:30:00,50,3,False
2016-04-24 03:40:00,60,3,False
2016-04-24 03:50:00,50,3,False
2016-04-24 04:00:00,60,4,False
2016-04-24 04:10:00,50,4,False
2016-04-24 04:20:00,60,4,False
2016-04-24 04:30:00,70,4,False
2016-04-24 04:40:00,50,4,False
2016-04-24 04:50:00,70,4,False
2016-04-24 05:00:00,50,5,False
2016-04-24 05:10:00,50,5,False
2016-04-24 05:20:00,50,5,False
2016-04-24 05:30:00,60,5,False
2016-04-24 05:40:00,50,5,False
2016-04-24 05:50:00,60,5,False
2016-04-24 06:00:00,60,6,False
2016-04-24 06:10:00,60,6,False
2016-04-24 06:20:00,60,6,False
2016-04-24 06:30:00,50,6,False
2016-04-24 06:40:00,50,6,False
2016-04-24 06:50:00,40,6,False
2016-04-24 07:00:00,50,7,False
2016-04-24 07:10:00,70,7,False
2016-04-24 07:20:00,70,7,False
2016-04-24 07:30:00,70,7,False
2016-04-24 07:40:00,70,7,False
2016-04-24 07:50:00,80,7,False
2016-04-24 08:00:00,100,8,False
2016-04-24 08:10:00,80,8,False
2016-04-24 08:20:00,70,8,False
2016-04-24 08:30:00,120,8,False
2016-04-24 08:40:00,70,8,False
2016-04-24 08:50:00,70,8,False
2016-04-24 09:00:00,140,9,False
2016-04-24 09:10:00,100,9,False
2016-04-24 09:20:00,100,9,False
2016-04-24 09:30:00,320,9,True
2016-04-24 09:40:00,330,9,True
2016-04-24 09:50:00,120,9,False
2016-04-24 10:00:00,80,10,False
2016-04-24 10:10:00,90,10,False
2016-04-24 10:20:00,100,10,False
2016-04-24 10:30:00,90,10,False
2016-04-24 10:40:00,100,10,False
2016-04-24 10:50:00,90,10,False
2016-04-24 11:00:00,90,11,False
2016-04-24 11:10:00,80,11,False
2016-04-24 11:20:00,80,11,False
2016-04-24 11:30:00,220,11,True
2016-04-24 11:40:00,400,11,True
2016-04-24 11:50:00,90,11,False
2016-04-24 12:00:00,70,12,False
2016-04-24 12:10:00,70,12,False
2016-04-24 12:20:00,60,12,False
2016-04-24 12:30:00,80,12,False
2016-04-24 12:40:00,60,12,False
2016-04-24 12:50:00,70,12,False
2016-04-24 13:00:00,60,13,False
2016-04-24 13:10:00,60,13,False
2016-04-24 13:20:00,70,13,False
2016-04-24 13:30:00,60,13,False
2016-04-24 13:40:00,50,13,False
2016-04-24 13:50:00,50,13,False
2016-04-24 14:00:00,50,14,False
2016-04-24 14:10:00,60,14,False
2016-04-24 14:20:00,70,14,False
2016-04-24 14:30:00,60,14,False
2016-04-24 14:40:00,60,14,False
2016-04-24 14:50:00,70,14,False
2016-04-24 15:00:00,70,15,False
2016-04-24 15:10:00,80,15,False
2016-04-24 15:20:00,60,15,False
2016-04-24 15:30:00,80,15,False
2016-04-24 15:40:00,70,15,False
2016-04-24 15:50:00,60,15,False
2016-04-24 16:00:00,60,16,False
2016-04-24 16:10:00,60,16,False
2016-04-24 16:20:00,80,16,False
2016-04-24 16:30:00,80,16,False
2016-04-24 16:40:00,80,16,False
2016-04-24 16:50:00,100,16,False
2016-04-24 17:00:00,90,17,False
2016-04-24 17:10:00,110,17,False
2016-04-24 17:20:00,100,17,False
2016-04-24 17:30:00,110,17,False
2016-04-24 17:40:00,120,17,False
2016-04-24 17:50:00,120,17,False
2016-04-24 18:00:00,110,18,False
2016-04-24 18:10:00,110,18,False
2016-04-24 18:20:00,110,18,False
2016-04-24 18:30:00,110,18,False
2016-04-24 18:40:00,110,18,False
2016-04-24 18:50:00,100,18,False
2016-04-24 19:00:00,100,19,False
2016-04-24 19:10:00,90,19,False
2016-04-24 19:20:00,70,19,False
2016-04-24 19:30:00,100,19,False
2016-04-24 19:40:00,100,19,False
2016-04-24 19:50:00,120,19,False
2016-04-24 20:00:00,110,20,False
2016-04-24 20:10:00,110,20,False
2016-04-24 20:20:00,110,20,False
2016-04-24 20:30:00,110,20,False
2016-04-24 20:40:00,110,20,False
2016-04-24 20:50:00,100,20,False
2016-04-24 21:00:00,90,21,False
2016-04-24 21:10:00,110,21,False
2016-04-24 21:20:00,90,21,False
2016-04-24 21:30:00,90,21,False
2016-04-24 21:40:00,80,21,False
2016-04-24 21:50:00,80,21,False
2016-04-24 22:00:00,80,22,False
2016-04-24 22:10:00,80,22,False
2016-04-24 22:20:00,80,22,False
2016-04-24 22:30:00,70,22,False
2016-04-24 22:40:00,70,22,False
2016-04-24 22:50:00,60,22,False
2016-04-24 23:00:00,60,23,False
2016-04-24 23:10:00,60,23,False
2016-04-24 23:20:00,80,23,False
2016-04-24 23:30:00,70,23,False
2016-04-24 23:40:00,80,23,False
2016-04-24 23:50:00,80,23,False
2016-04-25 00:00:00,70,0,False
2016-04-25 00:10:00,80,0,False
2016-04-25 00:20:00,70,0,False
2016-04-25 00:30:00,70,0,False
2016-04-25 00:40:00,80,0,False
2016-04-25 00:50:00,60,0,False
2016-04-25 01:00:00,70,1,False
2016-04-25 01:10:00,60,1,False
2016-04-25 01:20:00,70,1,False
2016-04-25 01:30:00,70,1,False
2016-04-25 01:40:00,60,1,False
2016-04-25 01:50:00,80,1,False
2016-04-25 02:00:00,70,2,False
2016-04-25 02:10:00,60,2,False
2016-04-25 02:20:00,70,2,False
2016-04-25 02:30:00,70,2,False
2016-04-25 02:40:00,60,2,False
2016-04-25 02:50:00,40,2,False
2016-04-25 03:00:00,40,3,False
2016-04-25 03:10:00,50,3,False
2016-04-25 03:20:00,70,3,False
2016-04-25 03:30:00,80,3,False
2016-04-25 03:40:00,70,3,False
2016-04-25 03:50:00,70,3,False
2016-04-25 04:00:00,60,4,False
2016-04-25 04:10:00,60,4,False
2016-04-25 04:20:00,70,4,False
2016-04-25 04:30:00,60,4,False
2016-04-25 04:40:00,70,4,False
2016-04-25 04:50:00,70,4,False
2016-04-25 05:00:00,80,5,False
2016-04-25 05:10:00,110,5,False
2016-04-25 05:20:00,60,5,False
2016-04-25 05:30:00,60,5,False
2016-04-25 05:40:00,70,5,False
2016-04-25 05:50:00,70,5,False
2016-04-25 06:00:00,110,6,False
2016-04-25 06:10:00,60,6,False
2016-04-25 06:20:00,30,6,False
2016-04-25 06:30:00,40,6,False
2016-04-25 06:40:00,30,6,False
2016-04-25 06:50:00,60,6,False
2016-04-25 07:00:00,60,7,False
2016-04-25 07:10:00,40,7,False
2016-04-25 07:20:00,50,7,False
2016-04-25 07:30:00,60,7,False
2016-04-25 07:40:00,70,7,False
2016-04-25 07:50:00,70,7,False
2016-04-25 08:00:00,70,8,False
2016-04-25 08:10:00,70,8,False
2016-04-25 08:20:00,60,8,False
2016-04-25 08:30:00,60,8,False
2016-04-25 08:40:00,70,8,False
2016-04-25 08:50:00,60,8,False
2016-04-25 09:00:00,70,9,False
2016-04-25 09:10:00,60,9,False
2016-04-25 09:20:00,70,9,False
2016-04-25 09:30:00,60,9,False
2016-04-25 09:40:00,40,9,False
2016-04-25 09:50:00,50,9,False
2016-04-25 10:00:00,40,10,False
2016-04-25 10:10:00,60,10,False
2016-04-25 10:20:00,70,10,False
2016-04-25 10:30:00,60,10,False
2016-04-25 10:40:00,70,10,False
2016-04-25 10:50:00,70,10,False
2016-04-25 11:00:00,70,11,False
2016-04-25 11:10:00,60,11,False
2016-04-25 11:20:00,60,11,False
2016-04-25 11:30:00,70,11,False
2016-04-25 11:40:00,60,11,False
2016-04-25 11:50:00,60,11,False
2016-04-25 12:00:00,60,12,False
2016-04-25 12:10:00,70,12,False
2016-04-25 12:20:00,70,12,False
2016-04-25 12:30:00,60,12,False
2016-04-25 12:40:00,80,12,False
2016-04-25 12:50:00,60,12,False
2016-04-25 13:00:00,60,13,False
2016-04-25 13:10:00,50,13,False
2016-04-25 13:20:00,40,13,False
2016-04-25 13:30:00,50,13,False
2016-04-25 13:40:00,50,13,False
2016-04-25 13:50:00,60,13,False
2016-04-25 14:00:00,70,14,False
2016-04-25 14:10:00,60,14,False
2016-04-25 14:20:00,60,14,False
2016-04-25 14:30:00,70,14,False
2016-04-25 14:40:00,70,14,False
2016-04-25 14:50:00,60,14,False
2016-04-25 15:00:00,60,15,False
2016-04-25 15:10:00,70,15,False
2016-04-25 15:20:00,60,15,False
2016-04-25 15:30:00,80,15,False
2016-04-25 15:40:00,60,15,False
2016-04-25 15:50:00,60,15,False
2016-04-25 16:00:00,60,16,False
2016-04-25 16:10:00,50,16,False
2016-04-25 16:20:00,70,16,False
2016-04-25 16:30:00,90,16,False
2016-04-25 16:40:00,80,16,False
2016-04-25 16:50:00,90,16,False
2016-04-25 17:00:00,80,17,False
2016-04-25 17:10:00,80,17,False
2016-04-25 17:20:00,170,17,False
2016-04-25 17:30:00,440,17,True
2016-04-25 17:40:00,250,17,True
2016-04-25 17:50:00,110,17,False
2016-04-25 18:00:00,110,18,False
2016-04-25 18:10:00,120,18,False
2016-04-25 18:20:00,120,18,False
2016-04-25 18:30:00,110,18,False
2016-04-25 18:40:00,110,18,False
2016-04-25 18:50:00,170,18,False
2016-04-25 19:00:00,110,19,False
2016-04-25 19:10:00,90,19,False
2016-04-25 19:20:00,100,19,False
2016-04-25 19:30:00,100,19,False
2016-04-25 19:40:00,100,19,False
2016-04-25 19:50:00,100,19,False
2016-04-25 20:00:00,120,20,False
2016-04-25 20:10:00,120,20,False
2016-04-25 20:20:00,120,20,False
2016-04-25 20:30:00,100,20,False
2016-04-25 20:40:00,100,20,False
2016-04-25 20:50:00,90,20,False
2016-04-25 21:00:00,70,21,False
2016-04-25 21:10:00,60,21,False
2016-04-25 21:20:00,80,21,False
2016-04-25 21:30:00,70,21,False
2016-04-25 21:40:00,60,21,False
2016-04-25 21:50:00,60,21,False
2016-04-25 22:00:00,60,22,False
2016-04-25 22:10:00,60,22,False
2016-04-25 22:20:00,60,22,False
2016-04-25 22:30:00,70,22,False
2016-04-25 22:40:00,70,22,False
2016-04-25 22:50:00,70,22,False
2016-04-25 23:00:00,70,23,False
2016-04-25 23:10:00,60,23,False
2016-04-25 23:20:00,60,23,False
2016-04-25 23:30:00,60,23,False
2016-04-25 23:40:00,70,23,False
2016-04-25 23:50:00,60,23,False
2016-04-26 00:00:00,40,0,False
2016-04-26 00:10:00,60,0,False
2016-04-26 00:20:00,50,0,False
2016-04-26 00:30:00,60,0,False
2016-04-26 00:40:00,50,0,False
2016-04-26 00:50:00,50,0,False
2016-04-26 01:00:00,50,1,False
2016-04-26 01:10:00,50,1,False
2016-04-26 01:20:00,50,1,False
2016-04-26 01:30:00,60,1,False
2016-04-26 01:40:00,60,1,False
2016-04-26 01:50:00,50,1,False
2016-04-26 02:00:00,50,2,False
2016-04-26 02:10:00,60,2,False
2016-04-26 02:20:00,40,2,False
2016-04-26 02:30:00,50,2,False
2016-04-26 02:40:00,50,2,False
2016-04-26 02:50:00,50,2,False
2016-04-26 03:00:00,60,3,False
2016-04-26 03:10:00,50,3,False
2016-04-26 03:20:00,60,3,False
2016-04-26 03:30:00,50,3,False
2016-04-26 03:40:00,30,3,False
2016-04-26 03:50:00,30,3,False
2016-04-26 04:00:00,20,4,False
2016-04-26 04:10:00,40,4,False
2016-04-26 04:20:00,50,4,False
2016-04-26 04:30:00,60,4,False
2016-04-26 04:40:00,60,4,False
2016-04-26 04:50:00,50,4,False
2016-04-26 05:00:00,70,5,False
2016-04-26 05:10:00,80,5,False
2016-04-26 05:20:00,50,5,False
2016-04-26 05:30:00,60,5,False
2016-04-26 05:40:00,280,5,True
2016-04-26 05:50:00,150,5,False
2016-04-26 06:00:00,70,6,False
2016-04-26 06:10:00,70,6,False
2016-04-26 06:20:00,100,6,False
2016-04-26 06:30:00,60,6,False
2016-04-26 06:40:00,70,6,False
2016-04-26 06:50:00,50,6,False
2016-04-26 07:00:00,40,7,False
2016-04-26 07:10:00,40,7,False
2016-04-26 07:20:00,40,7,False
2016-04-26 07:30:00,60,7,False
2016-04-26 07:40:00,380,7,True
2016-04-26 07:50:00,220,7,True
2016-04-26 08:00:00,50,8,False
2016-04-26 08:10:00,50,8,False
2016-04-26 08:20:00,50,8,False
2016-04-26 08:30:00,50,8,False
2016-04-26 08:40:00,50,8,False
2016-04-26 08:50:00,40,8,False
2016-04-26 09:00:00,60,9,False
2016-04-26 09:10:00,60,9,False
2016-04-26 09:20:00,60,9,False
2016-04-26 09:30:00,60,9,False
2016-04-26 09:40:00,50,9,False
2016-04-26 09:50:00,50,9,False
2016-04-26 10:00:00,50,10,False
2016-04-26 10:10:00,40,10,False
2016-04-26 10:20:00,50,10,False
2016-04-26 10:30:00,30,10,False
2016-04-26 10:40:00,40,10,False
2016-04-26 10:50:00,30,10,False
2016-04-26 11:00:00,50,11,False
2016-04-26 11:10:00,60,11,False
2016-04-26 11:20:00,40,11,False
2016-04-26 11:30:00,50,11,False
2016-04-26 11:40:00,50,11,False
2016-04-26 11:50:00,50,11,False
2016-04-26 12:00:00,60,12,False
2016-04-26 12:10:00,50,12,False
2016-04-26 12:20:00,60,12,False
2016-04-26 12:30:00,50,12,False
2016-04-26 12:40:00,60,12,False
2016-04-26 12:50:00,50,12,False
2016-04-26 13:00:00,40,13,False
2016-04-26 13:10:00,50,13,False
2016-04-26 13:20:00,50,13,False
2016-04-26 13:30:00,60,13,False
2016-04-26 13:40:00,60,13,False
2016-04-26 13:50:00,40,13,False
2016-04-26 14:00:00,40,14,False
2016-04-26 14:10:00,30,14,False
2016-04-26 14:20:00,30,14,False
2016-04-26 14:30:00,40,14,False
2016-04-26 14:40:00,50,14,False
2016-04-26 14:50:00,50,14,False
2016-04-26 15:00:00,60,15,False
2016-04-26 15:10:00,50,15,False
2016-04-26 15:20:00,60,15,False
2016-04-26 15:30:00,50,15,False
2016-04-26 15:40:00,50,15,False
2016-04-26 15:50:00,50,15,False
2016-04-26 16:00:00,50,16,False
2016-04-26 16:10:00,50,16,False
2016-04-26 16:20:00,70,16,False
2016-04-26 16:30:00,90,16,False
2016-04-26 16:40:00,120,16,False
2016-04-26 16:50:00,100,16,False
2016-04-26 17:00:00,90,17,False
2016-04-26 17:10:00,100,17,False
2016-04-26 17:20:00,110,17,False
2016-04-26 17:30:00,210,17,True
2016-04-26 17:40:00,590,17,True
2016-04-26 17:50:00,460,17,True
2016-04-26 18:00:00,100,18,False
2016-04-26 18:10:00,100,18,False
2016-04-26 18:20:00,100,18,False
2016-04-26 18:30:00,80,18,False
2016-04-26 18:40:00,70,18,False
2016-04-26 18:50:00,100,18,False
2016-04-26 19:00:00,140,19,False
2016-04-26 19:10:00,120,19,False
2016-04-26 19:20:00,130,19,False
2016-04-26 19:30:00,130,19,False
2016-04-26 19:40:00,100,19,False
2016-04-26 19:50:00,110,19,False
2016-04-26 20:00:00,100,20,False
2016-04-26 20:10:00,100,20,False
2016-04-26 20:20:00,100,20,False
2016-04-26 20:30:00,100,20,False
2016-04-26 20:40:00,100,20,False
2016-04-26 20:50:00,90,20,False
2016-04-26 21:00:00,80,21,False
2016-04-26 21:10:00,90,21,False
2016-04-26 21:20:00,80,21,False
2016-04-26 21:30:00,80,21,False
2016-04-26 21:40:00,70,21,False
2016-04-26 21:50:00,50,21,False
2016-04-26 22:00:00,40,22,False
2016-04-26 22:10:00,30,22,False
2016-04-26 22:20:00,30,22,False
2016-04-26 22:30:00,40,22,False
2016-04-26 22:40:00,60,22,False
2016-04-26 22:50:00,60,22,False
2016-04-26 23:00:00,50,23,False
2016-04-26 23:10:00,50,23,False
2016-04-26 23:20:00,40,23,False
2016-04-26 23:30:00,50,23,False
2016-04-26 23:40:00,60,23,False
2016-04-26 23:50:00,50,23,False
2016-04-27 00:00:00,60,0,False
2016-04-27 00:10:00,60,0,False
2016-04-27 00:20:00,60,0,False
2016-04-27 00:30:00,50,0,False
2016-04-27 00:40:00,50,0,False
2016-04-27 00:50:00,50,0,False
2016-04-27 01:00:00,40,1,False
2016-04-27 01:10:00,50,1,False
2016-04-27 01:20:00,60,1,False
2016-04-27 01:30:00,30,1,False
2016-04-27 01:40:00,40,1,False
2016-04-27 01:50:00,40,1,False
2016-04-27 02:00:00,30,2,False
2016-04-27 02:10:00,50,2,False
2016-04-27 02:20:00,50,2,False
2016-04-27 02:30:00,50,2,False
2016-04-27 02:40:00,50,2,False
2016-04-27 02:50:00,50,2,False
2016-04-27 03:00:00,50,3,False
2016-04-27 03:10:00,60,3,False
2016-04-27 03:20:00,40,3,False
2016-04-27 03:30:00,70,3,False
2016-04-27 03:40:00,50,3,False
2016-04-27 03:50:00,40,3,False
2016-04-27 04:00:00,60,4,False
2016-04-27 04:10:00,40,4,False
2016-04-27 04:20:00,60,4,False
2016-04-27 04:30:00,50,4,False
2016-04-27 04:40:00,50,4,False
2016-04-27 04:50:00,60,4,False
2016-04-27 05:00:00,80,5,False
2016-04-27 05:10:00,20,5,False
2016-04-27 05:20:00,30,5,False
2016-04-27 05:30:00,30,5,False
2016-04-27 05:40:00,40,5,False
2016-04-27 05:50:00,60,5,False
2016-04-27 06:00:00,80,6,False
2016-04-27 06:10:00,70,6,False
2016-04-27 06:20:00,70,6,False
2016-04-27 06:30:00,60,6,False
2016-04-27 06:40:00,50,6,False
2016-04-27 06:50:00,60,6,False
2016-04-27 07:00:00,60,7,False
2016-04-27 07:10:00,60,7,False
2016-04-27 07:20:00,80,7,False
2016-04-27 07:30:00,60,7,False
2016-04-27 07:40:00,70,7,False
2016-04-27 07:50:00,70,7,False
2016-04-27 08:00:00,50,8,False
2016-04-27 08:10:00,70,8,False
2016-04-27 08:20:00,40,8,False
2016-04-27 08:30:00,40,8,False
2016-04-27 08:40:00,90,8,False
2016-04-27 08:50:00,70,8,False
2016-04-27 09:00:00,110,9,False
2016-04-27 09:10:00,80,9,False
2016-04-27 09:20:00,80,9,False
2016-04-27 09:30:00,60,9,False
2016-04-27 09:40:00,60,9,False
2016-04-27 09:50:00,90,9,False
2016-04-27 10:00:00,90,10,False
2016-04-27 10:10:00,100,10,False
2016-04-27 10:20:00,80,10,False
2016-04-27 10:30:00,70,10,False
2016-04-27 10:40:00,110,10,False
2016-04-27 10:50:00,50,10,False
2016-04-27 11:00:00,40,11,False
2016-04-27 11:10:00,40,11,False
2016-04-27 11:20:00,20,11,False
2016-04-27 11:30:00,50,11,False
2016-04-27 11:40:00,70,11,False
2016-04-27 11:50:00,70,11,False
2016-04-27 12:00:00,70,12,False
2016-04-27 12:10:00,70,12,False
2016-04-27 12:20:00,60,12,False
2016-04-27 12:30:00,60,12,False
2016-04-27 12:40:00,60,12,False
2016-04-27 12:50:00,70,12,False
2016-04-27 13:00:00,70,13,False
2016-04-27 13:10:00,90,13,False
2016-04-27 13:20:00,150,13,False
2016-04-27 13:30:00,90,13,False
2016-04-27 13:40:00,80,13,False
2016-04-27 13:50:00,100,13,False
2016-04-27 14:00:00,60,14,False
2016-04-27 14:10:00,60,14,False
2016-04-27 14:20:00,70,14,False
2016-04-27 14:30:00,70,14,False
2016-04-27 14:40:00,90,14,False
2016-04-27 14:50:00,90,14,False
2016-04-27 15:00:00,80,15,False
2016-04-27 15:10:00,90,15,False
2016-04-27 15:20:00,100,15,False
2016-04-27 15:30:00,100,15,False
2016-04-27 15:40:00,100,15,False
2016-04-27 15:50:00,100,15,False
2016-04-27 16:00:00,110,16,False
2016-04-27 16:10:00,100,16,False
2016-04-27 16:20:00,100,16,False
2016-04-27 16:30:00,90,16,False
2016-04-27 16:40:00,100,16,False
2016-04-27 16:50:00,70,16,False
2016-04-27 17:00:00,60,17,False
2016-04-27 17:10:00,70,17,False
2016-04-27 17:20:00,90,17,False
2016-04-27 17:30:00,120,17,False
2016-04-27 17:40:00,110,17,False
2016-04-27 17:50:00,160,17,False
2016-04-27 18:00:00,360,18,True
2016-04-27 18:10:00,180,18,True
2016-04-27 18:20:00,100,18,False
2016-04-27 18:30:00,100,18,False
2016-04-27 18:40:00,100,18,False
2016-04-27 18:50:00,140,18,False
2016-04-27 19:00:00,100,19,False
2016-04-27 19:10:00,100,19,False
2016-04-27 19:20:00,120,19,False
2016-04-27 19:30:00,100,19,False
2016-04-27 19:40:00,90,19,False
2016-04-27 19:50:00,110,19,False
2016-04-27 20:00:00,100,20,False
2016-04-27 20:10:00,100,20,False
2016-04-27 20:20:00,110,20,False
2016-04-27 20:30:00,100,20,False
2016-04-27 20:40:00,110,20,False
2016-04-27 20:50:00,130,20,False
2016-04-27 21:00:00,80,21,False
2016-04-27 21:10:00,70,21,False
2016-04-27 21:20:00,60,21,False
2016-04-27 21:30:00,50,21,False
2016-04-27 21:40:00,60,21,False
2016-04-27 21:50:00,70,21,False
2016-04-27 22:00:00,80,22,False
2016-04-27 22:10:00,70,22,False
2016-04-27 22:20:00,70,22,False
2016-04-27 22:30:00,80,22,False
2016-04-27 22:40:00,70,22,False
2016-04-27 22:50:00,60,22,False
2016-04-27 23:00:00,70,23,False
2016-04-27 23:10:00,70,23,False
2016-04-27 23:20:00,70,23,False
2016-04-27 23:30:00,70,23,False
2016-04-27 23:40:00,60,23,False
2016-04-27 23:50:00,60,23,False
2016-04-28 00:00:00,60,0,False
2016-04-28 00:10:00,40,0,False
2016-04-28 00:20:00,40,0,False
2016-04-28 00:30:00,50,0,False
2016-04-28 00:40:00,40,0,False
2016-04-28 00:50:00,50,0,False
2016-04-28 01:00:00,60,1,False
2016-04-28 01:10:00,40,1,False
2016-04-28 01:20:00,50,1,False
2016-04-28 01:30:00,50,1,False
2016-04-28 01:40:00,60,1,False
2016-04-28 01:50:00,50,1,False
2016-04-28 02:00:00,60,2,False
2016-04-28 02:10:00,60,2,False
2016-04-28 02:20:00,50,2,False
2016-04-28 02:30:00,50,2,False
2016-04-28 02:40:00,50,2,False
2016-04-28 02:50:00,50,2,False
2016-04-28 03:00:00,50,3,False
2016-04-28 03:10:00,50,3,False
2016-04-28 03:20:00,30,3,False
2016-04-28 03:30:00,40,3,False
2016-04-28 03:40:00,40,3,False
2016-04-28 03:50:00,30,3,False
2016-04-28 04:00:00,60,4,False
2016-04-28 04:10:00,40,4,False
2016-04-28 04:20:00,50,4,False
2016-04-28 04:30:00,50,4,False
2016-04-28 04:40:00,50,4,False
2016-04-28 04:50:00,60,4,False
2016-04-28 05:00:00,60,5,False
2016-04-28 05:10:00,80,5,False
2016-04-28 05:20:00,60,5,False
2016-04-28 05:30:00,50,5,False
2016-04-28 05:40:00,270,5,True
2016-04-28 05:50:00,160,5,False
2016-04-28 06:00:00,80,6,False
2016-04-28 06:10:00,70,6,False
2016-04-28 06:20:00,60,6,False
2016-04-28 06:30:00,70,6,False
2016-04-28 06:40:00,60,6,False
2016-04-28 06:50:00,70,6,False
2016-04-28 07:00:00,80,7,False
2016-04-28 07:10:00,70,7,False
2016-04-28 07:20:00,70,7,False
2016-04-28 07:30:00,90,7,False
2016-04-28 07:40:00,310,7,True
2016-04-28 07:50:00,350,7,True
2016-04-28 08:00:00,80,8,False
2016-04-28 08:10:00,70,8,False
2016-04-28 08:20:00,80,8,False
2016-04-28 08:30:00,70,8,False
2016-04-28 08:40:00,70,8,False
2016-04-28 08:50:00,80,8,False
2016-04-28 09:00:00,80,9,False
2016-04-28 09:10:00,60,9,False
2016-04-28 09:20:00,60,9,False
2016-04-28 09:30:00,60,9,False
2016-04-28 09:40:00,60,9,False
2016-04-28 09:50:00,80,9,False
2016-04-28 10:00:00,90,10,False
2016-04-28 10:10:00,70,10,False
2016-04-28 10:20:00,70,10,False
2016-04-28 10:30:00,90,10,False
2016-04-28 10:40:00,80,10,False
2016-04-28 10:50:00,70,10,False
2016-04-28 11:00:00,70,11,False
2016-04-28 11:10:00,60,11,False
2016-04-28 11:20:00,70,11,False
2016-04-28 11:30:00,40,11,False
2016-04-28 11:40:00,50,11,False
2016-04-28 11:50:00,50,11,False
2016-04-28 12:00:00,60,12,False
2016-04-28 12:10:00,50,12,False
2016-04-28 12:20:00,30,12,False
2016-04-28 12:30:00,30,12,False
2016-04-28 12:40:00,40,12,False
2016-04-28 12:50:00,30,12,False
2016-04-28 13:00:00,60,13,False
2016-04-28 13:10:00,50,13,False
2016-04-28 13:20:00,50,13,False
2016-04-28 13:30:00,60,13,False
2016-04-28 13:40:00,60,13,False
2016-04-28 13:50:00,50,13,False
2016-04-28 14:00:00,40,14,False
2016-04-28 14:10:00,50,14,False
2016-04-28 14:20:00,50,14,False
2016-04-28 14:30:00,50,14,False
2016-04-28 14:40:00,50,14,False
2016-04-28 14:50:00,60,14,False
2016-04-28 15:00:00,80,15,False
2016-04-28 15:10:00,80,15,False
2016-04-28 15:20:00,70,15,False
2016-04-28 15:30:00,50,15,False
2016-04-28 15:40:00,50,15,False
2016-04-28 15:50:00,50,15,False
2016-04-28 16:00:00,120,16,False
2016-04-28 16:10:00,400,16,True
2016-04-28 16:20:00,240,16,True
2016-04-28 16:30:00,120,16,False
2016-04-28 16:40:00,120,16,False
2016-04-28 16:50:00,120,16,False
2016-04-28 17:00:00,130,17,False
2016-04-28 17:10:00,120,17,False
2016-04-28 17:20:00,140,17,False
2016-04-28 17:30:00,230,17,True
2016-04-28 17:40:00,580,17,True
2016-04-28 17:50:00,410,17,True
2016-04-28 18:00:00,350,18,True
2016-04-28 18:10:00,560,18,True
2016-04-28 18:20:00,550,18,True
2016-04-28 18:30:00,300,18,True
2016-04-28 18:40:00,300,18,True
2016-04-28 18:50:00,290,18,True
2016-04-28 19:00:00,200,19,True
2016-04-28 19:10:00,150,19,False
2016-04-28 19:20:00,120,19,False
2016-04-28 19:30:00,90,19,False
2016-04-28 19:40:00,90,19,False
2016-04-28 19:50:00,70,19,False
2016-04-28 20:00:00,90,20,False
2016-04-28 20:10:00,90,20,False
2016-04-28 20:20:00,110,20,False
2016-04-28 20:30:00,130,20,False
2016-04-28 20:40:00,110,20,False
2016-04-28 20:50:00,100,20,False
2016-04-28 21:00:00,80,21,False
2016-04-28 21:10:00,50,21,False
2016-04-28 21:20:00,50,21,False
2016-04-28 21:30:00,50,21,False
2016-04-28 21:40:00,40,21,False
2016-04-28 21:50:00,60,21,False
2016-04-28 22:00:00,60,22,False
2016-04-28 22:10:00,50,22,False
2016-04-28 22:20:00,60,22,False
2016-04-28 22:30:00,50,22,False
2016-04-28 22:40:00,40,22,False
2016-04-28 22:50:00,50,22,False
2016-04-28 23:00:00,50,23,False
2016-04-28 23:10:00,60,23,False
2016-04-28 23:20:00,60,23,False
2016-04-28 23:30:00,50,23,False
2016-04-28 23:40:00,50,23,False
2016-04-28 23:50:00,40,23,False
2016-04-29 00:00:00,30,0,False
2016-04-29 00:10:00,20,0,False
2016-04-29 00:20:00,40,0,False
2016-04-29 00:30:00,50,0,False
2016-04-29 00:40:00,50,0,False
2016-04-29 00:50:00,60,0,False
2016-04-29 01:00:00,50,1,False
2016-04-29 01:10:00,70,1,False
2016-04-29 01:20:00,50,1,False
2016-04-29 01:30:00,50,1,False
2016-04-29 01:40:00,50,1,False
2016-04-29 01:50:00,50,1,False
2016-04-29 02:00:00,50,2,False
2016-04-29 02:10:00,50,2,False
2016-04-29 02:20:00,50,2,False
2016-04-29 02:30:00,60,2,False
2016-04-29 02:40:00,50,2,False
2016-04-29 02:50:00,60,2,False
2016-04-29 03:00:00,50,3,False
2016-04-29 03:10:00,50,3,False
2016-04-29 03:20:00,50,3,False
2016-04-29 03:30:00,40,3,False
2016-04-29 03:40:00,40,3,False
2016-04-29 03:50:00,30,3,False
2016-04-29 04:00:00,40,4,False
2016-04-29 04:10:00,40,4,False
2016-04-29 04:20:00,50,4,False
2016-04-29 04:30:00,50,4,False
2016-04-29 04:40:00,50,4,False
2016-04-29 04:50:00,50,4,False
2016-04-29 05:00:00,50,5,False
2016-04-29 05:10:00,50,5,False
2016-04-29 05:20:00,50,5,False
2016-04-29 05:30:00,60,5,False
2016-04-29 05:40:00,50,5,False
2016-04-29 05:50:00,60,5,False
2016-04-29 06:00:00,60,6,False
2016-04-29 06:10:00,70,6,False
2016-04-29 06:20:00,100,6,False
2016-04-29 06:30:00,60,6,False
2016-04-29 06:40:00,60,6,False
2016-04-29 06:50:00,130,6,False
2016-04-29 07:00:00,470,7,True
2016-04-29 07:10:00,290,7,True
2016-04-29 07:20:00,250,7,True
2016-04-29 07:30:00,250,7,True
2016-04-29 07:40:00,400,7,True
2016-04-29 07:50:00,510,7,True
2016-04-29 08:00:00,260,8,True
2016-04-29 08:10:00,80,8,False
2016-04-29 08:20:00,100,8,False
2016-04-29 08:30:00,70,8,False
2016-04-29 08:40:00,90,8,False
2016-04-29 08:50:00,60,8,False
2016-04-29 09:00:00,70,9,False
2016-04-29 09:10:00,50,9,False
2016-04-29 09:20:00,40,9,False
2016-04-29 09:30:00,50,9,False
2016-04-29 09:40:00,60,9,False
2016-04-29 09:50:00,60,9,False
2016-04-29 10:00:00,60,10,False
2016-04-29 10:10:00,50,10,False
2016-04-29 10:20:00,50,10,False
2016-04-29 10:30:00,20,10,False
2016-04-29 10:40:00,30,10,False
2016-04-29 10:50:00,20,10,False
2016-04-29 11:00:00,40,11,False
2016-04-29 11:10:00,70,11,False
2016-04-29 11:20:00,60,11,False
2016-04-29 11:30:00,300,11,True
2016-04-29 11:40:00,780,11,True
2016-04-29 11:50:00,470,11,True
2016-04-29 12:00:00,270,12,True
2016-04-29 12:10:00,240,12,True
2016-04-29 12:20:00,260,12,True
2016-04-29 12:30:00,220,12,True
2016-04-29 12:40:00,110,12,False
2016-04-29 12:50:00,80,12,False
2016-04-29 13:00:00,50,13,False
2016-04-29 13:10:00,60,13,False
2016-04-29 13:20:00,50,13,False
2016-04-29 13:30:00,280,13,True
2016-04-29 13:40:00,380,13,True
2016-04-29 13:50:00,280,13,True
2016-04-29 14:00:00,260,14,True
2016-04-29 14:10:00,250,14,True
2016-04-29 14:20:00,220,14,True
2016-04-29 14:30:00,220,14,True
2016-04-29 14:40:00,190,14,True
2016-04-29 14:50:00,70,14,False
2016-04-29 15:00:00,50,15,False
2016-04-29 15:10:00,50,15,False
2016-04-29 15:20:00,60,15,False
2016-04-29 15:30:00,60,15,False
2016-04-29 15:40:00,50,15,False
2016-04-29 15:50:00,60,15,False
2016-04-29 16:00:00,60,16,False
2016-04-29 16:10:00,70,16,False
2016-04-29 16:20:00,80,16,False
2016-04-29 16:30:00,90,16,False
2016-04-29 16:40:00,70,16,False
2016-04-29 16:50:00,100,16,False
2016-04-29 17:00:00,140,17,False
2016-04-29 17:10:00,90,17,False
2016-04-29 17:20:00,80,17,False
2016-04-29 17:30:00,80,17,False
2016-04-29 17:40:00,330,17,True
2016-04-29 17:50:00,410,17,True
2016-04-29 18:00:00,330,18,True
2016-04-29 18:10:00,100,18,False
2016-04-29 18:20:00,120,18,False
2016-04-29 18:30:00,130,18,False
2016-04-29 18:40:00,130,18,False
2016-04-29 18:50:00,120,18,False
2016-04-29 19:00:00,110,19,False
2016-04-29 19:10:00,100,19,False
2016-04-29 19:20:00,150,19,False
2016-04-29 19:30:00,130,19,False
2016-04-29 19:40:00,100,19,False
2016-04-29 19:50:00,100,19,False
2016-04-29 20:00:00,120,20,False
2016-04-29 20:10:00,100,20,False
2016-04-29 20:20:00,120,20,False
2016-04-29 20:30:00,100,20,False
2016-04-29 20:40:00,110,20,False
2016-04-29 20:50:00,100,20,False
2016-04-29 21:00:00,80,21,False
2016-04-29 21:10:00,80,21,False
2016-04-29 21:20:00,60,21,False
2016-04-29 21:30:00,60,21,False
2016-04-29 21:40:00,60,21,False
2016-04-29 21:50:00,60,21,False
2016-04-29 22:00:00,60,22,False
2016-04-29 22:10:00,50,22,False
2016-04-29 22:20:00,50,22,False
2016-04-29 22:30:00,50,22,False
2016-04-29 22:40:00,40,22,False
2016-04-29 22:50:00,50,22,False
2016-04-29 23:00:00,60,23,False
2016-04-29 23:10:00,60,23,False
2016-04-29 23:20:00,50,23,False
2016-04-29 23:30:00,60,23,False
2016-04-29 23:40:00,40,23,False
2016-04-29 23:50:00,60,23,False
2016-04-30 00:00:00,50,0,False
2016-04-30 00:10:00,50,0,False
2016-04-30 00:20:00,40,0,False
2016-04-30 00:30:00,60,0,False
2016-04-30 00:40:00,50,0,False
2016-04-30 00:50:00,60,0,False
2016-04-30 01:00:00,50,1,False
2016-04-30 01:10:00,50,1,False
2016-04-30 01:20:00,40,1,False
2016-04-30 01:30:00,50,1,False
2016-04-30 01:40:00,40,1,False
2016-04-30 01:50:00,30,1,False
2016-04-30 02:00:00,40,2,False
2016-04-30 02:10:00,30,2,False
2016-04-30 02:20:00,40,2,False
2016-04-30 02:30:00,60,2,False
2016-04-30 02:40:00,50,2,False
2016-04-30 02:50:00,50,2,False
2016-04-30 03:00:00,40,3,False
2016-04-30 03:10:00,50,3,False
2016-04-30 03:20:00,40,3,False
2016-04-30 03:30:00,60,3,False
2016-04-30 03:40:00,60,3,False
2016-04-30 03:50:00,60,3,False
2016-04-30 04:00:00,60,4,False
2016-04-30 04:10:00,60,4,False
2016-04-30 04:20:00,40,4,False
2016-04-30 04:30:00,50,4,False
2016-04-30 04:40:00,50,4,False
2016-04-30 04:50:00,50,4,False
2016-04-30 05:00:00,60,5,False
2016-04-30 05:10:00,50,5,False
2016-04-30 05:20:00,60,5,False
2016-04-30 05:30:00,50,5,False
2016-04-30 05:40:00,60,5,False
2016-04-30 05:50:00,50,5,False
2016-04-30 06:00:00,50,6,False
2016-04-30 06:10:00,40,6,False
2016-04-30 06:20:00,20,6,False
2016-04-30 06:30:00,30,6,False
2016-04-30 06:40:00,40,6,False
2016-04-30 06:50:00,60,6,False
2016-04-30 07:00:00,50,7,False
2016-04-30 07:10:00,50,7,False
2016-04-30 07:20:00,60,7,False
2016-04-30 07:30:00,80,7,False
2016-04-30 07:40:00,80,7,False
2016-04-30 07:50:00,50,7,False
2016-04-30 08:00:00,70,8,False
2016-04-30 08:10:00,300,8,True
2016-04-30 08:20:00,370,8,True
2016-04-30 08:30:00,590,8,True
2016-04-30 08:40:00,320,8,True
2016-04-30 08:50:00,310,8,True
2016-04-30 09:00:00,260,9,True
2016-04-30 09:10:00,190,9,True
2016-04-30 09:20:00,150,9,False
2016-04-30 09:30:00,130,9,False
2016-04-30 09:40:00,290,9,True
2016-04-30 09:50:00,490,9,True
2016-04-30 10:00:00,840,10,True
2016-04-30 10:10:00,700,10,True
2016-04-30 10:20:00,430,10,True
2016-04-30 10:30:00,300,10,True
2016-04-30 10:40:00,310,10,True
2016-04-30 10:50:00,290,10,True
2016-04-30 11:00:00,300,11,True
2016-04-30 11:10:00,240,11,True
2016-04-30 11:20:00,160,11,False
2016-04-30 11:30:00,90,11,False
2016-04-30 11:40:00,70,11,False
2016-04-30 11:50:00,80,11,False
2016-04-30 12:00:00,80,12,False
2016-04-30 12:10:00,80,12,False
2016-04-30 12:20:00,570,12,True
2016-04-30 12:30:00,610,12,True
2016-04-30 12:40:00,330,12,True
2016-04-30 12:50:00,350,12,True
2016-04-30 13:00:00,260,13,True
2016-04-30 13:10:00,270,13,True
2016-04-30 13:20:00,210,13,True
2016-04-30 13:30:00,100,13,False
2016-04-30 13:40:00,100,13,False
2016-04-30 13:50:00,90,13,False
2016-04-30 14:00:00,100,14,False
2016-04-30 14:10:00,110,14,False
2016-04-30 14:20:00,100,14,False
2016-04-30 14:30:00,80,14,False
2016-04-30 14:40:00,90,14,False
2016-04-30 14:50:00,90,14,False
2016-04-30 15:00:00,80,15,False
2016-04-30 15:10:00,90,15,False
2016-04-30 15:20:00,90,15,False
2016-04-30 15:30:00,250,15,True
2016-04-30 15:40:00,390,15,True
2016-04-30 15:50:00,190,15,True
2016-04-30 16:00:00,100,16,False
2016-04-30 16:10:00,280,16,True
2016-04-30 16:20:00,560,16,True
2016-04-30 16:30:00,600,16,True
2016-04-30 16:40:00,290,16,True
2016-04-30 16:50:00,90,16,False
2016-04-30 17:00:00,370,17,True
2016-04-30 17:10:00,670,17,True
2016-04-30 17:20:00,230,17,True
2016-04-30 17:30:00,160,17,False
2016-04-30 17:40:00,90,17,False
2016-04-30 17:50:00,70,17,False
2016-04-30 18:00:00,70,18,False
2016-04-30 18:10:00,70,18,False
2016-04-30 18:20:00,70,18,False
2016-04-30 18:30:00,70,18,False
2016-04-30 18:40:00,70,18,False
2016-04-30 18:50:00,70,18,False
2016-04-30 19:00:00,70,19,False
2016-04-30 19:10:00,80,19,False
2016-04-30 19:20:00,60,19,False
2016-04-30 19:30:00,50,19,False
2016-04-30 19:40:00,60,19,False
2016-04-30 19:50:00,40,19,False
2016-04-30 20:00:00,70,20,False
2016-04-30 20:10:00,70,20,False
2016-04-30 20:20:00,60,20,False
2016-04-30 20:30:00,80,20,False
2016-04-30 20:40:00,70,20,False
2016-04-30 20:50:00,80,20,False
2016-04-30 21:00:00,70,21,False
2016-04-30 21:10:00,70,21,False
2016-04-30 21:20:00,70,21,False
2016-04-30 21:30:00,70,21,False
2016-04-30 21:40:00,70,21,False
2016-04-30 21:50:00,70,21,False
2016-04-30 22:00:00,60,22,False
2016-04-30 22:10:00,70,22,False
2016-04-30 22:20:00,80,22,False
2016-04-30 22:30:00,110,22,False
2016-04-30 22:40:00,70,22,False
2016-04-30 22:50:00,50,22,False
2016-04-30 23:00:00,50,23,False
2016-04-30 23:10:00,40,23,False
2016-04-30 23:20:00,20,23,False
2016-04-30 23:30:00,40,23,False
2016-04-30 23:40:00,30,23,False
2016-04-30 23:50:00,70,23,False
2016-05-01 00:00:00,50,0,False
2016-05-01 00:10:00,60,0,False
2016-05-01 00:20:00,50,0,False
2016-05-01 00:30:00,50,0,False
2016-05-01 00:40:00,60,0,False
2016-05-01 00:50:00,40,0,False
2016-05-01 01:00:00,60,1,False
2016-05-01 01:10:00,50,1,False
2016-05-01 01:20:00,60,1,False
2016-05-01 01:30:00,50,1,False
2016-05-01 01:40:00,60,1,False
2016-05-01 01:50:00,50,1,False
2016-05-01 02:00:00,40,2,False
2016-05-01 02:10:00,50,2,False
2016-05-01 02:20:00,40,2,False
2016-05-01 02:30:00,50,2,False
2016-05-01 02:40:00,50,2,False
2016-05-01 02:50:00,60,2,False
2016-05-01 03:00:00,50,3,False
2016-05-01 03:10:00,60,3,False
2016-05-01 03:20:00,40,3,False
2016-05-01 03:30:00,20,3,False
2016-05-01 03:40:00,40,3,False
2016-05-01 03:50:00,40,3,False
2016-05-01 04:00:00,50,4,False
2016-05-01 04:10:00,50,4,False
2016-05-01 04:20:00,60,4,False
2016-05-01 04:30:00,50,4,False
2016-05-01 04:40:00,60,4,False
2016-05-01 04:50:00,50,4,False
2016-05-01 05:00:00,50,5,False
2016-05-01 05:10:00,50,5,False
2016-05-01 05:20:00,50,5,False
2016-05-01 05:30:00,50,5,False
2016-05-01 05:40:00,60,5,False
2016-05-01 05:50:00,50,5,False
2016-05-01 06:00:00,60,6,False
2016-05-01 06:10:00,60,6,False
2016-05-01 06:20:00,50,6,False
2016-05-01 06:30:00,50,6,False
2016-05-01 06:40:00,50,6,False
2016-05-01 06:50:00,50,6,False
2016-05-01 07:00:00,50,7,False
2016-05-01 07:10:00,60,7,False
2016-05-01 07:20:00,60,7,False
2016-05-01 07:30:00,80,7,False
2016-05-01 07:40:00,50,7,False
2016-05-01 07:50:00,50,7,False
2016-05-01 08:00:00,60,8,False
2016-05-01 08:10:00,60,8,False
2016-05-01 08:20:00,60,8,False
2016-05-01 08:30:00,60,8,False
2016-05-01 08:40:00,70,8,False
2016-05-01 08:50:00,200,8,True
2016-05-01 09:00:00,160,9,False
2016-05-01 09:10:00,50,9,False
2016-05-01 09:20:00,160,9,False
2016-05-01 09:30:00,60,9,False
2016-05-01 09:40:00,60,9,False
2016-05-01 09:50:00,50,9,False
2016-05-01 10:00:00,40,10,False
2016-05-01 10:10:00,60,10,False
2016-05-01 10:20:00,60,10,False
2016-05-01 10:30:00,60,10,False
2016-05-01 10:40:00,70,10,False
2016-05-01 10:50:00,90,10,False
2016-05-01 11:00:00,80,11,False
2016-05-01 11:10:00,80,11,False
2016-05-01 11:20:00,90,11,False
2016-05-01 11:30:00,100,11,False
2016-05-01 11:40:00,100,11,False
2016-05-01 11:50:00,100,11,False
2016-05-01 12:00:00,90,12,False
2016-05-01 12:10:00,100,12,False
2016-05-01 12:20:00,90,12,False
2016-05-01 12:30:00,100,12,False
2016-05-01 12:40:00,90,12,False
2016-05-01 12:50:00,110,12,False
2016-05-01 13:00:00,90,13,False
2016-05-01 13:10:00,100,13,False
2016-05-01 13:20:00,90,13,False
2016-05-01 13:30:00,70,13,False
2016-05-01 13:40:00,60,13,False
2016-05-01 13:50:00,60,13,False
2016-05-01 14:00:00,80,14,False
2016-05-01 14:10:00,80,14,False
2016-05-01 14:20:00,120,14,False
2016-05-01 14:30:00,120,14,False
2016-05-01 14:40:00,110,14,False
2016-05-01 14:50:00,140,14,False
2016-05-01 15:00:00,110,15,False
2016-05-01 15:10:00,110,15,False
2016-05-01 15:20:00,110,15,False
2016-05-01 15:30:00,120,15,False
2016-05-01 15:40:00,100,15,False
2016-05-01 15:50:00,80,15,False
2016-05-01 16:00:00,100,16,False
2016-05-01 16:10:00,270,16,True
2016-05-01 16:20:00,250,16,True
2016-05-01 16:30:00,110,16,False
2016-05-01 16:40:00,130,16,False
2016-05-01 16:50:00,430,16,True
2016-05-01 17:00:00,300,17,True
2016-05-01 17:10:00,270,17,True
2016-05-01 17:20:00,240,17,True
2016-05-01 17:30:00,220,17,True
2016-05-01 17:40:00,360,17,True
2016-05-01 17:50:00,430,17,True
2016-05-01 18:00:00,450,18,True
2016-05-01 18:10:00,440,18,True
2016-05-01 18:20:00,410,18,True
2016-05-01 18:30:00,100,18,False
2016-05-01 18:40:00,120,18,False
2016-05-01 18:50:00,110,18,False
2016-05-01 19:00:00,120,19,False
2016-05-01 19:10:00,120,19,False
2016-05-01 19:20:00,100,19,False
2016-05-01 19:30:00,170,19,False
2016-05-01 19:40:00,100,19,False
2016-05-01 19:50:00,90,19,False
2016-05-01 20:00:00,90,20,False
2016-05-01 20:10:00,90,20,False
2016-05-01 20:20:00,120,20,False
2016-05-01 20:30:00,120,20,False
2016-05-01 20:40:00,110,20,False
2016-05-01 20:50:00,110,20,False
2016-05-01 21:00:00,100,21,False
2016-05-01 21:10:00,100,21,False
2016-05-01 21:20:00,70,21,False
2016-05-01 21:30:00,80,21,False
2016-05-01 21:40:00,80,21,False
2016-05-01 21:50:00,80,21,False
2016-05-01 22:00:00,80,22,False
2016-05-01 22:10:00,90,22,False
2016-05-01 22:20:00,80,22,False
2016-05-01 22:30:00,70,22,False
2016-05-01 22:40:00,60,22,False
2016-05-01 22:50:00,40,22,False
2016-05-01 23:00:00,40,23,False
2016-05-01 23:10:00,30,23,False
2016-05-01 23:20:00,50,23,False
2016-05-01 23:30:00,60,23,False
2016-05-01 23:40:00,60,23,False
2016-05-01 23:50:00,50,23,False
2016-05-02 00:00:00,50,0,False
2016-05-02 00:10:00,50,0,False
2016-05-02 00:20:00,60,0,False
2016-05-02 00:30:00,50,0,False
2016-05-02 00:40:00,60,0,False
2016-05-02 00:50:00,60,0,False
2016-05-02 01:00:00,60,1,False
2016-05-02 01:10:00,50,1,False
2016-05-02 01:20:00,50,1,False
2016-05-02 01:30:00,50,1,False
2016-05-02 01:40:00,50,1,False
2016-05-02 01:50:00,50,1,False
2016-05-02 02:00:00,20,2,False
2016-05-02 02:10:00,40,2,False
2016-05-02 02:20:00,30,2,False
2016-05-02 02:30:00,50,2,False
2016-05-02 02:40:00,60,2,False
2016-05-02 02:50:00,40,2,False
2016-05-02 03:00:00,50,3,False
2016-05-02 03:10:00,50,3,False
2016-05-02 03:20:00,50,3,False
2016-05-02 03:30:00,60,3,False
2016-05-02 03:40:00,60,3,False
2016-05-02 03:50:00,50,3,False
2016-05-02 04:00:00,50,4,False
2016-05-02 04:10:00,50,4,False
2016-05-02 04:20:00,50,4,False
2016-05-02 04:30:00,50,4,False
2016-05-02 04:40:00,60,4,False
2016-05-02 04:50:00,50,4,False
2016-05-02 05:00:00,70,5,False
2016-05-02 05:10:00,70,5,False
2016-05-02 05:20:00,40,5,False
2016-05-02 05:30:00,40,5,False
2016-05-02 05:40:00,230,5,True
2016-05-02 05:50:00,170,5,False
2016-05-02 06:00:00,60,6,False
2016-05-02 06:10:00,70,6,False
2016-05-02 06:20:00,90,6,False
2016-05-02 06:30:00,80,6,False
2016-05-02 06:40:00,80,6,False
2016-05-02 06:50:00,80,6,False
2016-05-02 07:00:00,80,7,False
2016-05-02 07:10:00,80,7,False
2016-05-02 07:20:00,70,7,False
2016-05-02 07:30:00,80,7,False
2016-05-02 07:40:00,340,7,True
2016-05-02 07:50:00,370,7,True
2016-05-02 08:00:00,80,8,False
2016-05-02 08:10:00,50,8,False
2016-05-02 08:20:00,50,8,False
2016-05-02 08:30:00,40,8,False
2016-05-02 08:40:00,50,8,False
2016-05-02 08:50:00,50,8,False
2016-05-02 09:00:00,50,9,False
2016-05-02 09:10:00,60,9,False
2016-05-02 09:20:00,50,9,False
2016-05-02 09:30:00,70,9,False
2016-05-02 09:40:00,50,9,False
2016-05-02 09:50:00,50,9,False
2016-05-02 10:00:00,60,10,False
2016-05-02 10:10:00,50,10,False
2016-05-02 10:20:00,50,10,False
2016-05-02 10:30:00,50,10,False
2016-05-02 10:40:00,50,10,False
2016-05-02 10:50:00,60,10,False
2016-05-02 11:00:00,50,11,False
2016-05-02 11:10:00,60,11,False
2016-05-02 11:20:00,50,11,False
2016-05-02 11:30:00,50,11,False
2016-05-02 11:40:00,50,11,False
2016-05-02 11:50:00,50,11,False
2016-05-02 12:00:00,60,12,False
2016-05-02 12:10:00,70,12,False
2016-05-02 12:20:00,80,12,False
2016-05-02 12:30:00,100,12,False
2016-05-02 12:40:00,90,12,False
2016-05-02 12:50:00,90,12,False
2016-05-02 13:00:00,70,13,False
2016-05-02 13:10:00,80,13,False
2016-05-02 13:20:00,70,13,False
2016-05-02 13:30:00,90,13,False
2016-05-02 13:40:00,80,13,False
2016-05-02 13:50:00,100,13,False
2016-05-02 14:00:00,90,14,False
2016-05-02 14:10:00,80,14,False
2016-05-02 14:20:00,80,14,False
2016-05-02 14:30:00,80,14,False
2016-05-02 14:40:00,70,14,False
2016-05-02 14:50:00,80,14,False
2016-05-02 15:00:00,90,15,False
2016-05-02 15:10:00,90,15,False
2016-05-02 15:20:00,80,15,False
2016-05-02 15:30:00,80,15,False
2016-05-02 15:40:00,70,15,False
2016-05-02 15:50:00,80,15,False
2016-05-02 16:00:00,60,16,False
2016-05-02 16:10:00,40,16,False
2016-05-02 16:20:00,50,16,False
2016-05-02 16:30:00,70,16,False
2016-05-02 16:40:00,90,16,False
2016-05-02 16:50:00,320,16,True
2016-05-02 17:00:00,330,17,True
2016-05-02 17:10:00,270,17,True
2016-05-02 17:20:00,260,17,True
2016-05-02 17:30:00,240,17,True
2016-05-02 17:40:00,210,17,True
2016-05-02 17:50:00,280,17,True
2016-05-02 18:00:00,170,18,False
2016-05-02 18:10:00,120,18,False
2016-05-02 18:20:00,100,18,False
2016-05-02 18:30:00,120,18,False
2016-05-02 18:40:00,120,18,False
2016-05-02 18:50:00,130,18,False
2016-05-02 19:00:00,130,19,False
2016-05-02 19:10:00,120,19,False
2016-05-02 19:20:00,120,19,False
2016-05-02 19:30:00,140,19,False
2016-05-02 19:40:00,150,19,False
2016-05-02 19:50:00,150,19,False
2016-05-02 20:00:00,150,20,False
2016-05-02 20:10:00,140,20,False
2016-05-02 20:20:00,130,20,False
2016-05-02 20:30:00,100,20,False
2016-05-02 20:40:00,80,20,False
2016-05-02 20:50:00,60,20,False
2016-05-02 21:00:00,30,21,False
2016-05-02 21:10:00,40,21,False
2016-05-02 21:20:00,40,21,False
2016-05-02 21:30:00,80,21,False
2016-05-02 21:40:00,70,21,False
2016-05-02 21:50:00,60,21,False
2016-05-02 22:00:00,70,22,False
2016-05-02 22:10:00,60,22,False
2016-05-02 22:20:00,70,22,False
2016-05-02 22:30:00,50,22,False
2016-05-02 22:40:00,80,22,False
2016-05-02 22:50:00,60,22,False
2016-05-02 23:00:00,60,23,False
2016-05-02 23:10:00,70,23,False
2016-05-02 23:20:00,50,23,False
2016-05-02 23:30:00,50,23,False
2016-05-02 23:40:00,50,23,False
2016-05-02 23:50:00,50,23,False
2016-05-03 00:00:00,40,0,False
2016-05-03 00:10:00,60,0,False
2016-05-03 00:20:00,60,0,False
2016-05-03 00:30:00,60,0,False
2016-05-03 00:40:00,60,0,False
2016-05-03 00:50:00,50,0,False
2016-05-03 01:00:00,40,1,False
2016-05-03 01:10:00,20,1,False
2016-05-03 01:20:00,30,1,False
2016-05-03 01:30:00,30,1,False
2016-05-03 01:40:00,50,1,False
2016-05-03 01:50:00,60,1,False
2016-05-03 02:00:00,60,2,False
2016-05-03 02:10:00,60,2,False
2016-05-03 02:20:00,60,2,False
2016-05-03 02:30:00,50,2,False
2016-05-03 02:40:00,50,2,False
2016-05-03 02:50:00,40,2,False
2016-05-03 03:00:00,50,3,False
2016-05-03 03:10:00,50,3,False
2016-05-03 03:20:00,50,3,False
2016-05-03 03:30:00,60,3,False
2016-05-03 03:40:00,50,3,False
2016-05-03 03:50:00,60,3,False
2016-05-03 04:00:00,40,4,False
2016-05-03 04:10:00,50,4,False
2016-05-03 04:20:00,50,4,False
2016-05-03 04:30:00,50,4,False
2016-05-03 04:40:00,50,4,False
2016-05-03 04:50:00,60,4,False
2016-05-03 05:00:00,70,5,False
2016-05-03 05:10:00,70,5,False
2016-05-03 05:20:00,30,5,False
2016-05-03 05:30:00,40,5,False
2016-05-03 05:40:00,50,5,False
2016-05-03 05:50:00,50,5,False
2016-05-03 06:00:00,60,6,False
2016-05-03 06:10:00,110,6,False
2016-05-03 06:20:00,70,6,False
2016-05-03 06:30:00,50,6,False
2016-05-03 06:40:00,60,6,False
2016-05-03 06:50:00,60,6,False
2016-05-03 07:00:00,60,7,False
2016-05-03 07:10:00,50,7,False
2016-05-03 07:20:00,50,7,False
2016-05-03 07:30:00,50,7,False
2016-05-03 07:40:00,50,7,False
2016-05-03 07:50:00,40,7,False
2016-05-03 08:00:00,70,8,False
2016-05-03 08:10:00,50,8,False
2016-05-03 08:20:00,60,8,False
2016-05-03 08:30:00,50,8,False
2016-05-03 08:40:00,50,8,False
2016-05-03 08:50:00,50,8,False
2016-05-03 09:00:00,30,9,False
2016-05-03 09:10:00,30,9,False
2016-05-03 09:20:00,20,9,False
2016-05-03 09:30:00,40,9,False
2016-05-03 09:40:00,60,9,False
2016-05-03 09:50:00,60,9,False
2016-05-03 10:00:00,50,10,False
2016-05-03 10:10:00,60,10,False
2016-05-03 10:20:00,50,10,False
2016-05-03 10:30:00,40,10,False
2016-05-03 10:40:00,60,10,False
2016-05-03 10:50:00,50,10,False
2016-05-03 11:00:00,50,11,False
2016-05-03 11:10:00,60,11,False
2016-05-03 11:20:00,60,11,False
2016-05-03 11:30:00,50,11,False
2016-05-03 11:40:00,50,11,False
2016-05-03 11:50:00,50,11,False
2016-05-03 12:00:00,50,12,False
2016-05-03 12:10:00,60,12,False
2016-05-03 12:20:00,40,12,False
2016-05-03 12:30:00,60,12,False
2016-05-03 12:40:00,60,12,False
2016-05-03 12:50:00,50,12,False
2016-05-03 13:00:00,60,13,False
2016-05-03 13:10:00,40,13,False
2016-05-03 13:20:00,30,13,False
2016-05-03 13:30:00,30,13,False
2016-05-03 13:40:00,20,13,False
2016-05-03 13:50:00,60,13,False
2016-05-03 14:00:00,50,14,False
2016-05-03 14:10:00,70,14,False
2016-05-03 14:20:00,60,14,False
2016-05-03 14:30:00,60,14,False
2016-05-03 14:40:00,50,14,False
2016-05-03 14:50:00,50,14,False
2016-05-03 15:00:00,40,15,False
2016-05-03 15:10:00,50,15,False
2016-05-03 15:20:00,50,15,False
2016-05-03 15:30:00,50,15,False
2016-05-03 15:40:00,60,15,False
2016-05-03 15:50:00,50,15,False
2016-05-03 16:00:00,60,16,False
2016-05-03 16:10:00,60,16,False
2016-05-03 16:20:00,60,16,False
2016-05-03 16:30:00,60,16,False
2016-05-03 16:40:00,80,16,False
2016-05-03 16:50:00,70,16,False
2016-05-03 17:00:00,90,17,False
2016-05-03 17:10:00,150,17,False
2016-05-03 17:20:00,460,17,True
2016-05-03 17:30:00,340,17,True
2016-05-03 17:40:00,310,17,True
2016-05-03 17:50:00,120,17,False
2016-05-03 18:00:00,140,18,False
2016-05-03 18:10:00,150,18,False
2016-05-03 18:20:00,120,18,False
2016-05-03 18:30:00,130,18,False
2016-05-03 18:40:00,130,18,False
2016-05-03 18:50:00,130,18,False
2016-05-03 19:00:00,130,19,False
2016-05-03 19:10:00,170,19,False
2016-05-03 19:20:00,210,19,True
2016-05-03 19:30:00,110,19,False
2016-05-03 19:40:00,100,19,False
2016-05-03 19:50:00,110,19,False
2016-05-03 20:00:00,90,20,False
2016-05-03 20:10:00,120,20,False
2016-05-03 20:20:00,130,20,False
2016-05-03 20:30:00,130,20,False
2016-05-03 20:40:00,120,20,False
2016-05-03 20:50:00,120,20,False
2016-05-03 21:00:00,60,21,False
2016-05-03 21:10:00,60,21,False
2016-05-03 21:20:00,50,21,False
2016-05-03 21:30:00,60,21,False
2016-05-03 21:40:00,60,21,False
2016-05-03 21:50:00,50,21,False
2016-05-03 22:00:00,60,22,False
2016-05-03 22:10:00,60,22,False
2016-05-03 22:20:00,60,22,False
2016-05-03 22:30:00,50,22,False
2016-05-03 22:40:00,40,22,False
2016-05-03 22:50:00,60,22,False
2016-05-03 23:00:00,50,23,False
2016-05-03 23:10:00,50,23,False
2016-05-03 23:20:00,40,23,False
2016-05-03 23:30:00,30,23,False
2016-05-03 23:40:00,40,23,False
2016-05-03 23:50:00,40,23,False
2016-05-04 00:00:00,40,0,False
2016-05-04 00:10:00,50,0,False
2016-05-04 00:20:00,60,0,False
2016-05-04 00:30:00,50,0,False
2016-05-04 00:40:00,50,0,False
2016-05-04 00:50:00,60,0,False
2016-05-04 01:00:00,60,1,False
2016-05-04 01:10:00,50,1,False
2016-05-04 01:20:00,60,1,False
2016-05-04 01:30:00,50,1,False
2016-05-04 01:40:00,50,1,False
2016-05-04 01:50:00,50,1,False
2016-05-04 02:00:00,50,2,False
2016-05-04 02:10:00,40,2,False
2016-05-04 02:20:00,60,2,False
2016-05-04 02:30:00,60,2,False
2016-05-04 02:40:00,60,2,False
2016-05-04 02:50:00,60,2,False
2016-05-04 03:00:00,50,3,False
2016-05-04 03:10:00,50,3,False
2016-05-04 03:20:00,50,3,False
2016-05-04 03:30:00,20,3,False
2016-05-04 03:40:00,30,3,False
2016-05-04 03:50:00,30,3,False
2016-05-04 04:00:00,30,4,False
2016-05-04 04:10:00,60,4,False
2016-05-04 04:20:00,50,4,False
2016-05-04 04:30:00,60,4,False
2016-05-04 04:40:00,40,4,False
2016-05-04 04:50:00,60,4,False
2016-05-04 05:00:00,70,5,False
2016-05-04 05:10:00,70,5,False
2016-05-04 05:20:00,70,5,False
2016-05-04 05:30:00,70,5,False
2016-05-04 05:40:00,70,5,False
2016-05-04 05:50:00,50,5,False
2016-05-04 06:00:00,70,6,False
2016-05-04 06:10:00,280,6,True
2016-05-04 06:20:00,150,6,False
2016-05-04 06:30:00,60,6,False
2016-05-04 06:40:00,70,6,False
2016-05-04 06:50:00,60,6,False
2016-05-04 07:00:00,70,7,False
2016-05-04 07:10:00,50,7,False
2016-05-04 07:20:00,60,7,False
2016-05-04 07:30:00,50,7,False
2016-05-04 07:40:00,50,7,False
2016-05-04 07:50:00,80,7,False
2016-05-04 08:00:00,60,8,False
2016-05-04 08:10:00,370,8,True
2016-05-04 08:20:00,400,8,True
2016-05-04 08:30:00,70,8,False
2016-05-04 08:40:00,70,8,False
2016-05-04 08:50:00,80,8,False
2016-05-04 09:00:00,90,9,False
2016-05-04 09:10:00,70,9,False
2016-05-04 09:20:00,80,9,False
2016-05-04 09:30:00,60,9,False
2016-05-04 09:40:00,50,9,False
2016-05-04 09:50:00,80,9,False
2016-05-04 10:00:00,80,10,False
2016-05-04 10:10:00,80,10,False
2016-05-04 10:20:00,80,10,False
2016-05-04 10:30:00,120,10,False
2016-05-04 10:40:00,90,10,False
2016-05-04 10:50:00,50,10,False
2016-05-04 11:00:00,70,11,False
2016-05-04 11:10:00,60,11,False
2016-05-04 11:20:00,90,11,False
2016-05-04 11:30:00,80,11,False
2016-05-04 11:40:00,80,11,False
2016-05-04 11:50:00,80,11,False
2016-05-04 12:00:00,60,12,False
2016-05-04 12:10:00,70,12,False
2016-05-04 12:20:00,60,12,False
2016-05-04 12:30:00,60,12,False
2016-05-04 12:40:00,70,12,False
2016-05-04 12:50:00,70,12,False
2016-05-04 13:00:00,80,13,False
2016-05-04 13:10:00,70,13,False
2016-05-04 13:20:00,70,13,False
2016-05-04 13:30:00,70,13,False
2016-05-04 13:40:00,60,13,False
2016-05-04 13:50:00,70,13,False
2016-05-04 14:00:00,60,14,False
2016-05-04 14:10:00,70,14,False
2016-05-04 14:20:00,70,14,False
2016-05-04 14:30:00,70,14,False
2016-05-04 14:40:00,80,14,False
2016-05-04 14:50:00,70,14,False
2016-05-04 15:00:00,80,15,False
2016-05-04 15:10:00,70,15,False
2016-05-04 15:20:00,70,15,False
2016-05-04 15:30:00,50,15,False
2016-05-04 15:40:00,60,15,False
2016-05-04 15:50:00,80,15,False
2016-05-04 16:00:00,90,16,False
2016-05-04 16:10:00,90,16,False
2016-05-04 16:20:00,80,16,False
2016-05-04 16:30:00,80,16,False
2016-05-04 16:40:00,70,16,False
2016-05-04 16:50:00,80,16,False
2016-05-04 17:00:00,90,17,False
2016-05-04 17:10:00,90,17,False
2016-05-04 17:20:00,130,17,False
2016-05-04 17:30:00,120,17,False
2016-05-04 17:40:00,130,17,False
2016-05-04 17:50:00,120,17,False
2016-05-04 18:00:00,130,18,False
2016-05-04 18:10:00,120,18,False
2016-05-04 18:20:00,200,18,True
2016-05-04 18:30:00,120,18,False
2016-05-04 18:40:00,110,18,False
2016-05-04 18:50:00,120,18,False
2016-05-04 19:00:00,130,19,False
2016-05-04 19:10:00,130,19,False
2016-05-04 19:20:00,110,19,False
2016-05-04 19:30:00,120,19,False
2016-05-04 19:40:00,90,19,False
2016-05-04 19:50:00,90,19,False
2016-05-04 20:00:00,80,20,False
2016-05-04 20:10:00,80,20,False
2016-05-04 20:20:00,100,20,False
2016-05-04 20:30:00,110,20,False
2016-05-04 20:40:00,110,20,False
2016-05-04 20:50:00,120,20,False
2016-05-04 21:00:00,80,21,False
2016-05-04 21:10:00,80,21,False
2016-05-04 21:20:00,80,21,False
2016-05-04 21:30:00,70,21,False
2016-05-04 21:40:00,80,21,False
2016-05-04 21:50:00,60,21,False
2016-05-04 22:00:00,50,22,False
2016-05-04 22:10:00,70,22,False
2016-05-04 22:20:00,50,22,False
2016-05-04 22:30:00,60,22,False
2016-05-04 22:40:00,50,22,False
2016-05-04 22:50:00,50,22,False
2016-05-04 23:00:00,60,23,False
2016-05-04 23:10:00,50,23,False
2016-05-04 23:20:00,50,23,False
2016-05-04 23:30:00,60,23,False
2016-05-04 23:40:00,50,23,False
2016-05-04 23:50:00,60,23,False
2016-05-05 00:00:00,40,0,False
2016-05-05 00:10:00,40,0,False
2016-05-05 00:20:00,20,0,False
2016-05-05 00:30:00,40,0,False
2016-05-05 00:40:00,50,0,False
2016-05-05 00:50:00,50,0,False
2016-05-05 01:00:00,50,1,False
2016-05-05 01:10:00,60,1,False
2016-05-05 01:20:00,60,1,False
2016-05-05 01:30:00,60,1,False
2016-05-05 01:40:00,60,1,False
2016-05-05 01:50:00,50,1,False
2016-05-05 02:00:00,50,2,False
2016-05-05 02:10:00,50,2,False
2016-05-05 02:20:00,40,2,False
2016-05-05 02:30:00,50,2,False
2016-05-05 02:40:00,60,2,False
2016-05-05 02:50:00,60,2,False
2016-05-05 03:00:00,60,3,False
2016-05-05 03:10:00,60,3,False
2016-05-05 03:20:00,60,3,False
2016-05-05 03:30:00,50,3,False
2016-05-05 03:40:00,50,3,False
2016-05-05 03:50:00,50,3,False
2016-05-05 04:00:00,40,4,False
2016-05-05 04:10:00,50,4,False
2016-05-05 04:20:00,60,4,False
2016-05-05 04:30:00,50,4,False
2016-05-05 04:40:00,60,4,False
2016-05-05 04:50:00,50,4,False
2016-05-05 05:00:00,30,5,False
2016-05-05 05:10:00,20,5,False
2016-05-05 05:20:00,30,5,False
2016-05-05 05:30:00,30,5,False
2016-05-05 05:40:00,50,5,False
2016-05-05 05:50:00,70,5,False
2016-05-05 06:00:00,60,6,False
2016-05-05 06:10:00,60,6,False
2016-05-05 06:20:00,50,6,False
2016-05-05 06:30:00,60,6,False
2016-05-05 06:40:00,50,6,False
2016-05-05 06:50:00,70,6,False
2016-05-05 07:00:00,170,7,False
2016-05-05 07:10:00,400,7,True
2016-05-05 07:20:00,150,7,False
2016-05-05 07:30:00,70,7,False
2016-05-05 07:40:00,110,7,False
2016-05-05 07:50:00,100,7,False
2016-05-05 08:00:00,120,8,False
2016-05-05 08:10:00,80,8,False
2016-05-05 08:20:00,90,8,False
2016-05-05 08:30:00,120,8,False
2016-05-05 08:40:00,390,8,True
2016-05-05 08:50:00,240,8,True
2016-05-05 09:00:00,120,9,False
2016-05-05 09:10:00,70,9,False
2016-05-05 09:20:00,90,9,False
2016-05-05 09:30:00,80,9,False
2016-05-05 09:40:00,70,9,False
2016-05-05 09:50:00,80,9,False
2016-05-05 10:00:00,110,10,False
2016-05-05 10:10:00,90,10,False
2016-05-05 10:20:00,100,10,False
2016-05-05 10:30:00,100,10,False
2016-05-05 10:40:00,100,10,False
2016-05-05 10:50:00,80,10,False
2016-05-05 11:00:00,80,11,False
2016-05-05 11:10:00,90,11,False
2016-05-05 11:20:00,90,11,False
2016-05-05 11:30:00,90,11,False
2016-05-05 11:40:00,90,11,False
2016-05-05 11:50:00,90,11,False
2016-05-05 12:00:00,90,12,False
2016-05-05 12:10:00,160,12,False
2016-05-05 12:20:00,140,12,False
2016-05-05 12:30:00,80,12,False
2016-05-05 12:40:00,70,12,False
2016-05-05 12:50:00,80,12,False
2016-05-05 13:00:00,30,13,False
2016-05-05 13:10:00,30,13,False
2016-05-05 13:20:00,40,13,False
2016-05-05 13:30:00,20,13,False
2016-05-05 13:40:00,70,13,False
2016-05-05 13:50:00,60,13,False
2016-05-05 14:00:00,60,14,False
2016-05-05 14:10:00,60,14,False
2016-05-05 14:20:00,60,14,False
2016-05-05 14:30:00,50,14,False
2016-05-05 14:40:00,50,14,False
2016-05-05 14:50:00,50,14,False
2016-05-05 15:00:00,50,15,False
2016-05-05 15:10:00,70,15,False
2016-05-05 15:20:00,60,15,False
2016-05-05 15:30:00,60,15,False
2016-05-05 15:40:00,60,15,False
2016-05-05 15:50:00,50,15,False
2016-05-05 16:00:00,50,16,False
2016-05-05 16:10:00,50,16,False
2016-05-05 16:20:00,60,16,False
2016-05-05 16:30:00,40,16,False
2016-05-05 16:40:00,60,16,False
2016-05-05 16:50:00,50,16,False
2016-05-05 17:00:00,60,17,False
2016-05-05 17:10:00,50,17,False
2016-05-05 17:20:00,60,17,False
2016-05-05 17:30:00,210,17,True
2016-05-05 17:40:00,320,17,True
2016-05-05 17:50:00,520,17,True
2016-05-05 18:00:00,490,18,True
2016-05-05 18:10:00,150,18,False
2016-05-05 18:20:00,90,18,False
2016-05-05 18:30:00,90,18,False
2016-05-05 18:40:00,80,18,False
2016-05-05 18:50:00,70,18,False
2016-05-05 19:00:00,80,19,False
2016-05-05 19:10:00,120,19,False
2016-05-05 19:20:00,110,19,False
2016-05-05 19:30:00,90,19,False
2016-05-05 19:40:00,100,19,False
2016-05-05 19:50:00,90,19,False
2016-05-05 20:00:00,100,20,False
2016-05-05 20:10:00,100,20,False
2016-05-05 20:20:00,90,20,False
2016-05-05 20:30:00,90,20,False
2016-05-05 20:40:00,110,20,False
2016-05-05 20:50:00,100,20,False
2016-05-05 21:00:00,90,21,False
2016-05-05 21:10:00,100,21,False
2016-05-05 21:20:00,70,21,False
2016-05-05 21:30:00,50,21,False
2016-05-05 21:40:00,50,21,False
2016-05-05 21:50:00,70,21,False
2016-05-05 22:00:00,60,22,False
2016-05-05 22:10:00,50,22,False
2016-05-05 22:20:00,70,22,False
2016-05-05 22:30:00,50,22,False
2016-05-05 22:40:00,60,22,False
2016-05-05 22:50:00,50,22,False
2016-05-05 23:00:00,50,23,False
2016-05-05 23:10:00,60,23,False
2016-05-05 23:20:00,50,23,False
2016-05-05 23:30:00,50,23,False
2016-05-05 23:40:00,60,23,False
2016-05-05 23:50:00,60,23,False
2016-05-06 00:00:00,50,0,False
2016-05-06 00:10:00,50,0,False
2016-05-06 00:20:00,20,0,False
2016-05-06 00:30:00,40,0,False
2016-05-06 00:40:00,40,0,False
2016-05-06 00:50:00,50,0,False
2016-05-06 01:00:00,60,1,False
2016-05-06 01:10:00,50,1,False
2016-05-06 01:20:00,60,1,False
2016-05-06 01:30:00,60,1,False
2016-05-06 01:40:00,60,1,False
2016-05-06 01:50:00,60,1,False
2016-05-06 02:00:00,50,2,False
2016-05-06 02:10:00,40,2,False
2016-05-06 02:20:00,50,2,False
2016-05-06 02:30:00,60,2,False
2016-05-06 02:40:00,40,2,False
2016-05-06 02:50:00,60,2,False
2016-05-06 03:00:00,60,3,False
2016-05-06 03:10:00,60,3,False
2016-05-06 03:20:00,50,3,False
2016-05-06 03:30:00,60,3,False
2016-05-06 03:40:00,70,3,False
2016-05-06 03:50:00,50,3,False
2016-05-06 04:00:00,50,4,False
2016-05-06 04:10:00,50,4,False
2016-05-06 04:20:00,50,4,False
2016-05-06 04:30:00,40,4,False
2016-05-06 04:40:00,60,4,False
2016-05-06 04:50:00,50,4,False
2016-05-06 05:00:00,60,5,False
2016-05-06 05:10:00,50,5,False
2016-05-06 05:20:00,50,5,False
2016-05-06 05:30:00,50,5,False
2016-05-06 05:40:00,40,5,False
2016-05-06 05:50:00,60,5,False
2016-05-06 06:00:00,50,6,False
2016-05-06 06:10:00,50,6,False
2016-05-06 06:20:00,80,6,False
2016-05-06 06:30:00,110,6,False
2016-05-06 06:40:00,80,6,False
2016-05-06 06:50:00,70,6,False
2016-05-06 07:00:00,60,7,False
2016-05-06 07:10:00,60,7,False
2016-05-06 07:20:00,70,7,False
2016-05-06 07:30:00,670,7,True
2016-05-06 07:40:00,470,7,True
2016-05-06 07:50:00,150,7,False
2016-05-06 08:00:00,70,8,False
2016-05-06 08:10:00,110,8,False
2016-05-06 08:20:00,110,8,False
2016-05-06 08:30:00,100,8,False
2016-05-06 08:40:00,100,8,False
2016-05-06 08:50:00,80,8,False
2016-05-06 09:00:00,90,9,False
2016-05-06 09:10:00,110,9,False
2016-05-06 09:20:00,450,9,True
2016-05-06 09:30:00,610,9,True
2016-05-06 09:40:00,290,9,True
2016-05-06 09:50:00,90,9,False
2016-05-06 10:00:00,120,10,False
2016-05-06 10:10:00,110,10,False
2016-05-06 10:20:00,70,10,False
2016-05-06 10:30:00,100,10,False
2016-05-06 10:40:00,70,10,False
2016-05-06 10:50:00,70,10,False
2016-05-06 11:00:00,60,11,False
2016-05-06 11:10:00,60,11,False
2016-05-06 11:20:00,80,11,False
2016-05-06 11:30:00,70,11,False
2016-05-06 11:40:00,80,11,False
2016-05-06 11:50:00,310,11,True
2016-05-06 12:00:00,340,12,True
2016-05-06 12:10:00,110,12,False
2016-05-06 12:20:00,80,12,False
2016-05-06 12:30:00,100,12,False
2016-05-06 12:40:00,120,12,False
2016-05-06 12:50:00,80,12,False
2016-05-06 13:00:00,90,13,False
2016-05-06 13:10:00,90,13,False
2016-05-06 13:20:00,90,13,False
2016-05-06 13:30:00,70,13,False
2016-05-06 13:40:00,70,13,False
2016-05-06 13:50:00,70,13,False
2016-05-06 14:00:00,70,14,False
2016-05-06 14:10:00,70,14,False
2016-05-06 14:20:00,140,14,False
2016-05-06 14:30:00,340,14,True
2016-05-06 14:40:00,190,14,True
2016-05-06 14:50:00,150,14,False
2016-05-06 15:00:00,80,15,False
2016-05-06 15:10:00,80,15,False
2016-05-06 15:20:00,70,15,False
2016-05-06 15:30:00,80,15,False
2016-05-06 15:40:00,70,15,False
2016-05-06 15:50:00,70,15,False
2016-05-06 16:00:00,70,16,False
2016-05-06 16:10:00,70,16,False
2016-05-06 16:20:00,70,16,False
2016-05-06 16:30:00,60,16,False
2016-05-06 16:40:00,70,16,False
2016-05-06 16:50:00,80,16,False
2016-05-06 17:00:00,90,17,False
2016-05-06 17:10:00,90,17,False
2016-05-06 17:20:00,100,17,False
2016-05-06 17:30:00,90,17,False
2016-05-06 17:40:00,100,17,False
2016-05-06 17:50:00,90,17,False
2016-05-06 18:00:00,230,18,True
2016-05-06 18:10:00,230,18,True
2016-05-06 18:20:00,200,18,True
2016-05-06 18:30:00,190,18,True
2016-05-06 18:40:00,100,18,False
2016-05-06 18:50:00,110,18,False
2016-05-06 19:00:00,110,19,False
2016-05-06 19:10:00,110,19,False
2016-05-06 19:20:00,110,19,False
2016-05-06 19:30:00,140,19,False
2016-05-06 19:40:00,150,19,False
2016-05-06 19:50:00,140,19,False
2016-05-06 20:00:00,130,20,False
2016-05-06 20:10:00,130,20,False
2016-05-06 20:20:00,140,20,False
2016-05-06 20:30:00,120,20,False
2016-05-06 20:40:00,100,20,False
2016-05-06 20:50:00,80,20,False
2016-05-06 21:00:00,90,21,False
2016-05-06 21:10:00,80,21,False
2016-05-06 21:20:00,80,21,False
2016-05-06 21:30:00,80,21,False
2016-05-06 21:40:00,50,21,False
2016-05-06 21:50:00,50,21,False
2016-05-06 22:00:00,60,22,False
2016-05-06 22:10:00,50,22,False
2016-05-06 22:20:00,50,22,False
2016-05-06 22:30:00,50,22,False
2016-05-06 22:40:00,50,22,False
2016-05-06 22:50:00,60,22,False
2016-05-06 23:00:00,60,23,False
2016-05-06 23:10:00,60,23,False
2016-05-06 23:20:00,60,23,False
2016-05-06 23:30:00,60,23,False
2016-05-06 23:40:00,50,23,False
2016-05-06 23:50:00,60,23,False
2016-05-07 00:00:00,50,0,False
2016-05-07 00:10:00,50,0,False
2016-05-07 00:20:00,50,0,False
2016-05-07 00:30:00,50,0,False
2016-05-07 00:40:00,60,0,False
2016-05-07 00:50:00,50,0,False
2016-05-07 01:00:00,60,1,False
2016-05-07 01:10:00,60,1,False
2016-05-07 01:20:00,60,1,False
2016-05-07 01:30:00,60,1,False
2016-05-07 01:40:00,60,1,False
2016-05-07 01:50:00,40,1,False
2016-05-07 02:00:00,60,2,False
2016-05-07 02:10:00,40,2,False
2016-05-07 02:20:00,60,2,False
2016-05-07 02:30:00,40,2,False
2016-05-07 02:40:00,60,2,False
2016-05-07 02:50:00,60,2,False
2016-05-07 03:00:00,50,3,False
2016-05-07 03:10:00,70,3,False
2016-05-07 03:20:00,50,3,False
2016-05-07 03:30:00,60,3,False
2016-05-07 03:40:00,50,3,False
2016-05-07 03:50:00,50,3,False
2016-05-07 04:00:00,50,4,False
2016-05-07 04:10:00,60,4,False
2016-05-07 04:20:00,40,4,False
2016-05-07 04:30:00,60,4,False
2016-05-07 04:40:00,60,4,False
2016-05-07 04:50:00,60,4,False
2016-05-07 05:00:00,60,5,False
2016-05-07 05:10:00,50,5,False
2016-05-07 05:20:00,50,5,False
2016-05-07 05:30:00,50,5,False
2016-05-07 05:40:00,50,5,False
2016-05-07 05:50:00,50,5,False
2016-05-07 06:00:00,40,6,False
2016-05-07 06:10:00,50,6,False
2016-05-07 06:20:00,50,6,False
2016-05-07 06:30:00,60,6,False
2016-05-07 06:40:00,60,6,False
2016-05-07 06:50:00,60,6,False
2016-05-07 07:00:00,50,7,False
2016-05-07 07:10:00,60,7,False
2016-05-07 07:20:00,60,7,False
2016-05-07 07:30:00,260,7,True
2016-05-07 07:40:00,360,7,True
2016-05-07 07:50:00,100,7,False
2016-05-07 08:00:00,90,8,False
2016-05-07 08:10:00,90,8,False
2016-05-07 08:20:00,100,8,False
2016-05-07 08:30:00,120,8,False
2016-05-07 08:40:00,200,8,True
2016-05-07 08:50:00,130,8,False
2016-05-07 09:00:00,80,9,False
2016-05-07 09:10:00,210,9,True
2016-05-07 09:20:00,240,9,True
2016-05-07 09:30:00,210,9,True
2016-05-07 09:40:00,80,9,False
2016-05-07 09:50:00,100,9,False
2016-05-07 10:00:00,90,10,False
2016-05-07 10:10:00,110,10,False
2016-05-07 10:20:00,120,10,False
2016-05-07 10:30:00,360,10,True
2016-05-07 10:40:00,270,10,True
2016-05-07 10:50:00,120,10,False
2016-05-07 11:00:00,140,11,False
2016-05-07 11:10:00,120,11,False
2016-05-07 11:20:00,100,11,False
2016-05-07 11:30:00,260,11,True
2016-05-07 11:40:00,250,11,True
2016-05-07 11:50:00,100,11,False
2016-05-07 12:00:00,90,12,False
2016-05-07 12:10:00,80,12,False
2016-05-07 12:20:00,100,12,False
2016-05-07 12:30:00,80,12,False
2016-05-07 12:40:00,90,12,False
2016-05-07 12:50:00,80,12,False
2016-05-07 13:00:00,80,13,False
2016-05-07 13:10:00,80,13,False
2016-05-07 13:20:00,70,13,False
2016-05-07 13:30:00,80,13,False
2016-05-07 13:40:00,70,13,False
2016-05-07 13:50:00,70,13,False
2016-05-07 14:00:00,70,14,False
2016-05-07 14:10:00,80,14,False
2016-05-07 14:20:00,100,14,False
2016-05-07 14:30:00,90,14,False
2016-05-07 14:40:00,90,14,False
2016-05-07 14:50:00,100,14,False
2016-05-07 15:00:00,110,15,False
2016-05-07 15:10:00,110,15,False
2016-05-07 15:20:00,100,15,False
2016-05-07 15:30:00,110,15,False
2016-05-07 15:40:00,100,15,False
2016-05-07 15:50:00,90,15,False
2016-05-07 16:00:00,100,16,False
2016-05-07 16:10:00,90,16,False
2016-05-07 16:20:00,100,16,False
2016-05-07 16:30:00,90,16,False
2016-05-07 16:40:00,90,16,False
2016-05-07 16:50:00,80,16,False
2016-05-07 17:00:00,90,17,False
2016-05-07 17:10:00,80,17,False
2016-05-07 17:20:00,90,17,False
2016-05-07 17:30:00,90,17,False
2016-05-07 17:40:00,80,17,False
2016-05-07 17:50:00,70,17,False
2016-05-07 18:00:00,80,18,False
2016-05-07 18:10:00,560,18,True
2016-05-07 18:20:00,630,18,True
2016-05-07 18:30:00,230,18,True
2016-05-07 18:40:00,100,18,False
2016-05-07 18:50:00,110,18,False
2016-05-07 19:00:00,120,19,False
2016-05-07 19:10:00,130,19,False
2016-05-07 19:20:00,120,19,False
2016-05-07 19:30:00,140,19,False
2016-05-07 19:40:00,100,19,False
2016-05-07 19:50:00,110,19,False
2016-05-07 20:00:00,100,20,False
2016-05-07 20:10:00,100,20,False
2016-05-07 20:20:00,100,20,False
2016-05-07 20:30:00,100,20,False
2016-05-07 20:40:00,70,20,False
2016-05-07 20:50:00,50,20,False
2016-05-07 21:00:00,50,21,False
2016-05-07 21:10:00,60,21,False
2016-05-07 21:20:00,60,21,False
2016-05-07 21:30:00,50,21,False
2016-05-07 21:40:00,60,21,False
2016-05-07 21:50:00,60,21,False
2016-05-07 22:00:00,70,22,False
2016-05-07 22:10:00,60,22,False
2016-05-07 22:20:00,70,22,False
2016-05-07 22:30:00,50,22,False
2016-05-07 22:40:00,50,22,False
2016-05-07 22:50:00,50,22,False
2016-05-07 23:00:00,60,23,False
2016-05-07 23:10:00,50,23,False
2016-05-07 23:20:00,50,23,False
2016-05-07 23:30:00,60,23,False
2016-05-07 23:40:00,60,23,False
2016-05-07 23:50:00,60,23,False
2016-05-08 00:00:00,60,0,False
2016-05-08 00:10:00,60,0,False
2016-05-08 00:20:00,60,0,False
2016-05-08 00:30:00,50,0,False
2016-05-08 00:40:00,60,0,False
2016-05-08 00:50:00,60,0,False
2016-05-08 01:00:00,60,1,False
2016-05-08 01:10:00,50,1,False
2016-05-08 01:20:00,40,1,False
2016-05-08 01:30:00,60,1,False
2016-05-08 01:40:00,50,1,False
2016-05-08 01:50:00,50,1,False
2016-05-08 02:00:00,50,2,False
2016-05-08 02:10:00,60,2,False
2016-05-08 02:20:00,50,2,False
2016-05-08 02:30:00,60,2,False
2016-05-08 02:40:00,60,2,False
2016-05-08 02:50:00,50,2,False
2016-05-08 03:00:00,60,3,False
2016-05-08 03:10:00,50,3,False
2016-05-08 03:20:00,60,3,False
2016-05-08 03:30:00,60,3,False
2016-05-08 03:40:00,50,3,False
2016-05-08 03:50:00,60,3,False
2016-05-08 04:00:00,50,4,False
2016-05-08 04:10:00,40,4,False
2016-05-08 04:20:00,50,4,False
2016-05-08 04:30:00,50,4,False
2016-05-08 04:40:00,50,4,False
2016-05-08 04:50:00,60,4,False
2016-05-08 05:00:00,60,5,False
2016-05-08 05:10:00,60,5,False
2016-05-08 05:20:00,50,5,False
2016-05-08 05:30:00,60,5,False
2016-05-08 05:40:00,50,5,False
2016-05-08 05:50:00,60,5,False
2016-05-08 06:00:00,50,6,False
2016-05-08 06:10:00,60,6,False
2016-05-08 06:20:00,50,6,False
2016-05-08 06:30:00,50,6,False
2016-05-08 06:40:00,50,6,False
2016-05-08 06:50:00,40,6,False
2016-05-08 07:00:00,60,7,False
2016-05-08 07:10:00,40,7,False
2016-05-08 07:20:00,50,7,False
2016-05-08 07:30:00,60,7,False
2016-05-08 07:40:00,90,7,False
2016-05-08 07:50:00,60,7,False
2016-05-08 08:00:00,70,8,False
2016-05-08 08:10:00,60,8,False
2016-05-08 08:20:00,400,8,True
2016-05-08 08:30:00,130,8,False
2016-05-08 08:40:00,370,8,True
2016-05-08 08:50:00,70,8,False
2016-05-08 09:00:00,330,9,True
2016-05-08 09:10:00,230,9,True
2016-05-08 09:20:00,60,9,False
2016-05-08 09:30:00,80,9,False
2016-05-08 09:40:00,80,9,False
2016-05-08 09:50:00,80,9,False
2016-05-08 10:00:00,410,10,True
2016-05-08 10:10:00,180,10,True
2016-05-08 10:20:00,50,10,False
2016-05-08 10:30:00,60,10,False
2016-05-08 10:40:00,50,10,False
2016-05-08 10:50:00,60,10,False
2016-05-08 11:00:00,50,11,False
2016-05-08 11:10:00,50,11,False
2016-05-08 11:20:00,50,11,False
2016-05-08 11:30:00,50,11,False
2016-05-08 11:40:00,60,11,False
2016-05-08 11:50:00,40,11,False
2016-05-08 12:00:00,60,12,False
2016-05-08 12:10:00,50,12,False
2016-05-08 12:20:00,60,12,False
2016-05-08 12:30:00,60,12,False
2016-05-08 12:40:00,60,12,False
2016-05-08 12:50:00,50,12,False
2016-05-08 13:00:00,60,13,False
2016-05-08 13:10:00,60,13,False
2016-05-08 13:20:00,50,13,False
2016-05-08 13:30:00,60,13,False
2016-05-08 13:40:00,60,13,False
2016-05-08 13:50:00,50,13,False
2016-05-08 14:00:00,60,14,False
2016-05-08 14:10:00,60,14,False
2016-05-08 14:20:00,50,14,False
2016-05-08 14:30:00,60,14,False
2016-05-08 14:40:00,50,14,False
2016-05-08 14:50:00,60,14,False
2016-05-08 15:00:00,40,15,False
2016-05-08 15:10:00,50,15,False
2016-05-08 15:20:00,50,15,False
2016-05-08 15:30:00,50,15,False
2016-05-08 15:40:00,50,15,False
2016-05-08 15:50:00,60,15,False
2016-05-08 16:00:00,60,16,False
2016-05-08 16:10:00,50,16,False
2016-05-08 16:20:00,60,16,False
2016-05-08 16:30:00,50,16,False
2016-05-08 16:40:00,60,16,False
2016-05-08 16:50:00,50,16,False
2016-05-08 17:00:00,70,17,False
2016-05-08 17:10:00,50,17,False
2016-05-08 17:20:00,60,17,False
2016-05-08 17:30:00,60,17,False
2016-05-08 17:40:00,60,17,False
2016-05-08 17:50:00,40,17,False
2016-05-08 18:00:00,60,18,False
2016-05-08 18:10:00,40,18,False
2016-05-08 18:20:00,50,18,False
2016-05-08 18:30:00,40,18,False
2016-05-08 18:40:00,50,18,False
2016-05-08 18:50:00,60,18,False
2016-05-08 19:00:00,50,19,False
2016-05-08 19:10:00,60,19,False
2016-05-08 19:20:00,50,19,False
2016-05-08 19:30:00,50,19,False
2016-05-08 19:40:00,60,19,False
2016-05-08 19:50:00,90,19,False
2016-05-08 20:00:00,70,20,False
2016-05-08 20:10:00,90,20,False
2016-05-08 20:20:00,80,20,False
2016-05-08 20:30:00,80,20,False
2016-05-08 20:40:00,70,20,False
2016-05-08 20:50:00,80,20,False
2016-05-08 21:00:00,70,21,False
2016-05-08 21:10:00,80,21,False
2016-05-08 21:20:00,60,21,False
2016-05-08 21:30:00,50,21,False
2016-05-08 21:40:00,60,21,False
2016-05-08 21:50:00,60,21,False
2016-05-08 22:00:00,60,22,False
2016-05-08 22:10:00,60,22,False
2016-05-08 22:20:00,60,22,False
2016-05-08 22:30:00,60,22,False
2016-05-08 22:40:00,50,22,False
2016-05-08 22:50:00,60,22,False
2016-05-08 23:00:00,50,23,False
2016-05-08 23:10:00,60,23,False
2016-05-08 23:20:00,50,23,False
2016-05-08 23:30:00,60,23,False
2016-05-08 23:40:00,60,23,False
2016-05-08 23:50:00,40,23,False
2016-05-09 00:00:00,60,0,False
2016-05-09 00:10:00,50,0,False
2016-05-09 00:20:00,50,0,False
2016-05-09 00:30:00,50,0,False
2016-05-09 00:40:00,60,0,False
2016-05-09 00:50:00,60,0,False
2016-05-09 01:00:00,50,1,False
2016-05-09 01:10:00,70,1,False
2016-05-09 01:20:00,50,1,False
2016-05-09 01:30:00,60,1,False
2016-05-09 01:40:00,60,1,False
2016-05-09 01:50:00,60,1,False
2016-05-09 02:00:00,50,2,False
2016-05-09 02:10:00,60,2,False
2016-05-09 02:20:00,60,2,False
2016-05-09 02:30:00,60,2,False
2016-05-09 02:40:00,50,2,False
2016-05-09 02:50:00,50,2,False
2016-05-09 03:00:00,50,3,False
2016-05-09 03:10:00,60,3,False
2016-05-09 03:20:00,40,3,False
2016-05-09 03:30:00,50,3,False
2016-05-09 03:40:00,60,3,False
2016-05-09 03:50:00,60,3,False
2016-05-09 04:00:00,50,4,False
2016-05-09 04:10:00,60,4,False
2016-05-09 04:20:00,60,4,False
2016-05-09 04:30:00,50,4,False
2016-05-09 04:40:00,60,4,False
2016-05-09 04:50:00,60,4,False
2016-05-09 05:00:00,90,5,False
2016-05-09 05:10:00,70,5,False
2016-05-09 05:20:00,50,5,False
2016-05-09 05:30:00,60,5,False
2016-05-09 05:40:00,70,5,False
2016-05-09 05:50:00,50,5,False
2016-05-09 06:00:00,60,6,False
2016-05-09 06:10:00,40,6,False
2016-05-09 06:20:00,70,6,False
2016-05-09 06:30:00,50,6,False
2016-05-09 06:40:00,60,6,False
2016-05-09 06:50:00,50,6,False
2016-05-09 07:00:00,60,7,False
2016-05-09 07:10:00,50,7,False
2016-05-09 07:20:00,60,7,False
2016-05-09 07:30:00,60,7,False
2016-05-09 07:40:00,60,7,False
2016-05-09 07:50:00,50,7,False
2016-05-09 08:00:00,50,8,False
2016-05-09 08:10:00,70,8,False
2016-05-09 08:20:00,50,8,False
2016-05-09 08:30:00,70,8,False
2016-05-09 08:40:00,60,8,False
2016-05-09 08:50:00,70,8,False
2016-05-09 09:00:00,70,9,False
2016-05-09 09:10:00,70,9,False
2016-05-09 09:20:00,70,9,False
2016-05-09 09:30:00,70,9,False
2016-05-09 09:40:00,60,9,False
2016-05-09 09:50:00,60,9,False
2016-05-09 10:00:00,60,10,False
2016-05-09 10:10:00,60,10,False
2016-05-09 10:20:00,50,10,False
2016-05-09 10:30:00,60,10,False
2016-05-09 10:40:00,50,10,False
2016-05-09 10:50:00,50,10,False
2016-05-09 11:00:00,50,11,False
2016-05-09 11:10:00,50,11,False
2016-05-09 11:20:00,60,11,False
2016-05-09 11:30:00,60,11,False
2016-05-09 11:40:00,80,11,False
2016-05-09 11:50:00,70,11,False
2016-05-09 12:00:00,70,12,False
2016-05-09 12:10:00,60,12,False
2016-05-09 12:20:00,230,12,True
2016-05-09 12:30:00,190,12,True
2016-05-09 12:40:00,180,12,True
2016-05-09 12:50:00,80,12,False
2016-05-09 13:00:00,80,13,False
2016-05-09 13:10:00,60,13,False
2016-05-09 13:20:00,360,13,True
2016-05-09 13:30:00,370,13,True
2016-05-09 13:40:00,110,13,False
2016-05-09 13:50:00,60,13,False
2016-05-09 14:00:00,70,14,False
2016-05-09 14:10:00,240,14,True
2016-05-09 14:20:00,60,14,False
2016-05-09 14:30:00,50,14,False
2016-05-09 14:40:00,60,14,False
2016-05-09 14:50:00,50,14,False
2016-05-09 15:00:00,60,15,False
2016-05-09 15:10:00,80,15,False
2016-05-09 15:20:00,60,15,False
2016-05-09 15:30:00,80,15,False
2016-05-09 15:40:00,70,15,False
2016-05-09 15:50:00,70,15,False
2016-05-09 16:00:00,70,16,False
2016-05-09 16:10:00,70,16,False
2016-05-09 16:20:00,70,16,False
2016-05-09 16:30:00,70,16,False
2016-05-09 16:40:00,100,16,False
2016-05-09 16:50:00,90,16,False
2016-05-09 17:00:00,90,17,False
2016-05-09 17:10:00,90,17,False
2016-05-09 17:20:00,170,17,False
2016-05-09 17:30:00,410,17,True
2016-05-09 17:40:00,540,17,True
2016-05-09 17:50:00,310,17,True
2016-05-09 18:00:00,110,18,False
2016-05-09 18:10:00,110,18,False
2016-05-09 18:20:00,110,18,False
2016-05-09 18:30:00,120,18,False
2016-05-09 18:40:00,160,18,False
2016-05-09 18:50:00,110,18,False
2016-05-09 19:00:00,120,19,False
2016-05-09 19:10:00,110,19,False
2016-05-09 19:20:00,110,19,False
2016-05-09 19:30:00,110,19,False
2016-05-09 19:40:00,100,19,False
2016-05-09 19:50:00,110,19,False
2016-05-09 20:00:00,100,20,False
2016-05-09 20:10:00,100,20,False
2016-05-09 20:20:00,100,20,False
2016-05-09 20:30:00,120,20,False
2016-05-09 20:40:00,80,20,False
2016-05-09 20:50:00,70,20,False
2016-05-09 21:00:00,70,21,False
2016-05-09 21:10:00,70,21,False
2016-05-09 21:20:00,70,21,False
2016-05-09 21:30:00,70,21,False
2016-05-09 21:40:00,80,21,False
2016-05-09 21:50:00,70,21,False
2016-05-09 22:00:00,70,22,False
2016-05-09 22:10:00,80,22,False
2016-05-09 22:20:00,70,22,False
2016-05-09 22:30:00,70,22,False
2016-05-09 22:40:00,80,22,False
2016-05-09 22:50:00,60,22,False
2016-05-09 23:00:00,60,23,False
2016-05-09 23:10:00,60,23,False
2016-05-09 23:20:00,60,23,False
2016-05-09 23:30:00,60,23,False
2016-05-09 23:40:00,50,23,False
2016-05-09 23:50:00,70,23,False
2016-05-10 00:00:00,50,0,False
2016-05-10 00:10:00,50,0,False
2016-05-10 00:20:00,60,0,False
2016-05-10 00:30:00,50,0,False
2016-05-10 00:40:00,50,0,False
2016-05-10 00:50:00,50,0,False
2016-05-10 01:00:00,50,1,False
2016-05-10 01:10:00,50,1,False
2016-05-10 01:20:00,50,1,False
2016-05-10 01:30:00,60,1,False
2016-05-10 01:40:00,50,1,False
2016-05-10 01:50:00,70,1,False
2016-05-10 02:00:00,60,2,False
2016-05-10 02:10:00,50,2,False
2016-05-10 02:20:00,70,2,False
2016-05-10 02:30:00,50,2,False
2016-05-10 02:40:00,60,2,False
2016-05-10 02:50:00,50,2,False
2016-05-10 03:00:00,70,3,False
2016-05-10 03:10:00,50,3,False
2016-05-10 03:20:00,60,3,False
2016-05-10 03:30:00,50,3,False
2016-05-10 03:40:00,60,3,False
2016-05-10 03:50:00,50,3,False
2016-05-10 04:00:00,50,4,False
2016-05-10 04:10:00,50,4,False
2016-05-10 04:20:00,50,4,False
2016-05-10 04:30:00,50,4,False
2016-05-10 04:40:00,50,4,False
2016-05-10 04:50:00,50,4,False
2016-05-10 05:00:00,100,5,False
2016-05-10 05:10:00,50,5,False
2016-05-10 05:20:00,80,5,False
2016-05-10 05:30:00,60,5,False
2016-05-10 05:40:00,80,5,False
2016-05-10 05:50:00,60,5,False
2016-05-10 06:00:00,70,6,False
2016-05-10 06:10:00,70,6,False
2016-05-10 06:20:00,60,6,False
2016-05-10 06:30:00,60,6,False
2016-05-10 06:40:00,60,6,False
2016-05-10 06:50:00,60,6,False
2016-05-10 07:00:00,60,7,False
2016-05-10 07:10:00,80,7,False
2016-05-10 07:20:00,50,7,False
2016-05-10 07:30:00,60,7,False
2016-05-10 07:40:00,50,7,False
2016-05-10 07:50:00,60,7,False
2016-05-10 08:00:00,50,8,False
2016-05-10 08:10:00,60,8,False
2016-05-10 08:20:00,50,8,False
2016-05-10 08:30:00,60,8,False
2016-05-10 08:40:00,60,8,False
2016-05-10 08:50:00,60,8,False
2016-05-10 09:00:00,60,9,False
2016-05-10 09:10:00,60,9,False
2016-05-10 09:20:00,60,9,False
2016-05-10 09:30:00,50,9,False
2016-05-10 09:40:00,50,9,False
2016-05-10 09:50:00,50,9,False
2016-05-10 10:00:00,50,10,False
2016-05-10 10:10:00,50,10,False
2016-05-10 10:20:00,50,10,False
2016-05-10 10:30:00,60,10,False
2016-05-10 10:40:00,50,10,False
2016-05-10 10:50:00,60,10,False
2016-05-10 11:00:00,60,11,False
2016-05-10 11:10:00,60,11,False
2016-05-10 11:20:00,50,11,False
2016-05-10 11:30:00,60,11,False
2016-05-10 11:40:00,60,11,False
2016-05-10 11:50:00,50,11,False
2016-05-10 12:00:00,60,12,False
2016-05-10 12:10:00,60,12,False
2016-05-10 12:20:00,50,12,False
2016-05-10 12:30:00,60,12,False
2016-05-10 12:40:00,60,12,False
2016-05-10 12:50:00,60,12,False
2016-05-10 13:00:00,50,13,False
2016-05-10 13:10:00,60,13,False
2016-05-10 13:20:00,50,13,False
2016-05-10 13:30:00,60,13,False
2016-05-10 13:40:00,50,13,False
2016-05-10 13:50:00,50,13,False
2016-05-10 14:00:00,50,14,False
2016-05-10 14:10:00,50,14,False
2016-05-10 14:20:00,50,14,False
2016-05-10 14:30:00,50,14,False
2016-05-10 14:40:00,60,14,False
2016-05-10 14:50:00,60,14,False
2016-05-10 15:00:00,50,15,False
2016-05-10 15:10:00,60,15,False
2016-05-10 15:20:00,60,15,False
2016-05-10 15:30:00,60,15,False
2016-05-10 15:40:00,60,15,False
2016-05-10 15:50:00,50,15,False
2016-05-10 16:00:00,60,16,False
2016-05-10 16:10:00,50,16,False
2016-05-10 16:20:00,60,16,False
2016-05-10 16:30:00,70,16,False
2016-05-10 16:40:00,70,16,False
2016-05-10 16:50:00,70,16,False
2016-05-10 17:00:00,80,17,False
2016-05-10 17:10:00,70,17,False
2016-05-10 17:20:00,80,17,False
2016-05-10 17:30:00,80,17,False
2016-05-10 17:40:00,100,17,False
2016-05-10 17:50:00,350,17,True
2016-05-10 18:00:00,140,18,False
2016-05-10 18:10:00,80,18,False
2016-05-10 18:20:00,80,18,False
2016-05-10 18:30:00,100,18,False
2016-05-10 18:40:00,110,18,False
2016-05-10 18:50:00,100,18,False
2016-05-10 19:00:00,100,19,False
2016-05-10 19:10:00,100,19,False
2016-05-10 19:20:00,100,19,False
2016-05-10 19:30:00,140,19,False
2016-05-10 19:40:00,90,19,False
2016-05-10 19:50:00,100,19,False
2016-05-10 20:00:00,90,20,False
2016-05-10 20:10:00,100,20,False
2016-05-10 20:20:00,90,20,False
2016-05-10 20:30:00,90,20,False
2016-05-10 20:40:00,100,20,False
2016-05-10 20:50:00,100,20,False
2016-05-10 21:00:00,110,21,False
2016-05-10 21:10:00,70,21,False
2016-05-10 21:20:00,60,21,False
2016-05-10 21:30:00,60,21,False
2016-05-10 21:40:00,50,21,False
2016-05-10 21:50:00,60,21,False
2016-05-10 22:00:00,60,22,False
2016-05-10 22:10:00,60,22,False
2016-05-10 22:20:00,50,22,False
2016-05-10 22:30:00,60,22,False
2016-05-10 22:40:00,60,22,False
2016-05-10 22:50:00,60,22,False
2016-05-10 23:00:00,60,23,False
2016-05-10 23:10:00,50,23,False
2016-05-10 23:20:00,60,23,False
2016-05-10 23:30:00,50,23,False
2016-05-10 23:40:00,70,23,False
2016-05-10 23:50:00,50,23,False
2016-05-11 00:00:00,60,0,False
2016-05-11 00:10:00,40,0,False
2016-05-11 00:20:00,50,0,False
2016-05-11 00:30:00,50,0,False
2016-05-11 00:40:00,60,0,False
2016-05-11 00:50:00,50,0,False
2016-05-11 01:00:00,60,1,False
2016-05-11 01:10:00,50,1,False
2016-05-11 01:20:00,60,1,False
2016-05-11 01:30:00,50,1,False
2016-05-11 01:40:00,70,1,False
2016-05-11 01:50:00,50,1,False
2016-05-11 02:00:00,60,2,False
2016-05-11 02:10:00,50,2,False
2016-05-11 02:20:00,60,2,False
2016-05-11 02:30:00,60,2,False
2016-05-11 02:40:00,60,2,False
2016-05-11 02:50:00,50,2,False
2016-05-11 03:00:00,60,3,False
2016-05-11 03:10:00,50,3,False
2016-05-11 03:20:00,50,3,False
2016-05-11 03:30:00,50,3,False
2016-05-11 03:40:00,50,3,False
2016-05-11 03:50:00,60,3,False
2016-05-11 04:00:00,50,4,False
2016-05-11 04:10:00,50,4,False
2016-05-11 04:20:00,50,4,False
2016-05-11 04:30:00,50,4,False
2016-05-11 04:40:00,50,4,False
2016-05-11 04:50:00,60,4,False
2016-05-11 05:00:00,60,5,False
2016-05-11 05:10:00,50,5,False
2016-05-11 05:20:00,60,5,False
2016-05-11 05:30:00,100,5,False
2016-05-11 05:40:00,70,5,False
2016-05-11 05:50:00,70,5,False
2016-05-11 06:00:00,320,6,True
2016-05-11 06:10:00,80,6,False
2016-05-11 06:20:00,60,6,False
2016-05-11 06:30:00,70,6,False
2016-05-11 06:40:00,60,6,False
2016-05-11 06:50:00,70,6,False
2016-05-11 07:00:00,70,7,False
2016-05-11 07:10:00,70,7,False
2016-05-11 07:20:00,80,7,False
2016-05-11 07:30:00,70,7,False
2016-05-11 07:40:00,70,7,False
2016-05-11 07:50:00,100,7,False
2016-05-11 08:00:00,410,8,True
2016-05-11 08:10:00,270,8,True
2016-05-11 08:20:00,60,8,False
2016-05-11 08:30:00,70,8,False
2016-05-11 08:40:00,80,8,False
2016-05-11 08:50:00,80,8,False
2016-05-11 09:00:00,40,9,False
2016-05-11 09:10:00,50,9,False
2016-05-11 09:20:00,70,9,False
2016-05-11 09:30:00,70,9,False
2016-05-11 09:40:00,90,9,False
2016-05-11 09:50:00,70,9,False
2016-05-11 10:00:00,60,10,False
2016-05-11 10:10:00,50,10,False
2016-05-11 10:20:00,70,10,False
2016-05-11 10:30:00,90,10,False
2016-05-11 10:40:00,60,10,False
2016-05-11 10:50:00,50,10,False
2016-05-11 11:00:00,50,11,False
2016-05-11 11:10:00,60,11,False
2016-05-11 11:20:00,60,11,False
2016-05-11 11:30:00,50,11,False
2016-05-11 11:40:00,60,11,False
2016-05-11 11:50:00,50,11,False
2016-05-11 12:00:00,70,12,False
2016-05-11 12:10:00,50,12,False
2016-05-11 12:20:00,60,12,False
2016-05-11 12:30:00,50,12,False
2016-05-11 12:40:00,60,12,False
2016-05-11 12:50:00,50,12,False
2016-05-11 13:00:00,70,13,False
2016-05-11 13:10:00,70,13,False
2016-05-11 13:20:00,80,13,False
2016-05-11 13:30:00,60,13,False
2016-05-11 13:40:00,90,13,False
2016-05-11 13:50:00,70,13,False
2016-05-11 14:00:00,90,14,False
2016-05-11 14:10:00,70,14,False
2016-05-11 14:20:00,90,14,False
2016-05-11 14:30:00,70,14,False
2016-05-11 14:40:00,80,14,False
2016-05-11 14:50:00,80,14,False
2016-05-11 15:00:00,80,15,False
2016-05-11 15:10:00,80,15,False
2016-05-11 15:20:00,80,15,False
2016-05-11 15:30:00,70,15,False
2016-05-11 15:40:00,80,15,False
2016-05-11 15:50:00,70,15,False
2016-05-11 16:00:00,70,16,False
2016-05-11 16:10:00,70,16,False
2016-05-11 16:20:00,80,16,False
2016-05-11 16:30:00,70,16,False
2016-05-11 16:40:00,80,16,False
2016-05-11 16:50:00,80,16,False
2016-05-11 17:00:00,70,17,False
2016-05-11 17:10:00,90,17,False
2016-05-11 17:20:00,80,17,False
2016-05-11 17:30:00,100,17,False
2016-05-11 17:40:00,110,17,False
2016-05-11 17:50:00,100,17,False
2016-05-11 18:00:00,110,18,False
2016-05-11 18:10:00,90,18,False
2016-05-11 18:20:00,100,18,False
2016-05-11 18:30:00,100,18,False
2016-05-11 18:40:00,100,18,False
2016-05-11 18:50:00,110,18,False
2016-05-11 19:00:00,90,19,False
2016-05-11 19:10:00,120,19,False
2016-05-11 19:20:00,90,19,False
2016-05-11 19:30:00,100,19,False
2016-05-11 19:40:00,80,19,False
2016-05-11 19:50:00,90,19,False
2016-05-11 20:00:00,100,20,False
2016-05-11 20:10:00,90,20,False
2016-05-11 20:20:00,90,20,False
2016-05-11 20:30:00,80,20,False
2016-05-11 20:40:00,70,20,False
2016-05-11 20:50:00,80,20,False
2016-05-11 21:00:00,70,21,False
2016-05-11 21:10:00,60,21,False
2016-05-11 21:20:00,50,21,False
2016-05-11 21:30:00,70,21,False
2016-05-11 21:40:00,60,21,False
2016-05-11 21:50:00,60,21,False
2016-05-11 22:00:00,50,22,False
2016-05-11 22:10:00,60,22,False
2016-05-11 22:20:00,40,22,False
2016-05-11 22:30:00,60,22,False
2016-05-11 22:40:00,70,22,False
2016-05-11 22:50:00,50,22,False
2016-05-11 23:00:00,50,23,False
2016-05-11 23:10:00,60,23,False
2016-05-11 23:20:00,50,23,False
2016-05-11 23:30:00,60,23,False
2016-05-11 23:40:00,60,23,False
2016-05-11 23:50:00,60,23,False
2016-05-12 00:00:00,60,0,False
2016-05-12 00:10:00,50,0,False
2016-05-12 00:20:00,60,0,False
2016-05-12 00:30:00,60,0,False
2016-05-12 00:40:00,60,0,False
2016-05-12 00:50:00,50,0,False
2016-05-12 01:00:00,60,1,False
2016-05-12 01:10:00,50,1,False
2016-05-12 01:20:00,60,1,False
2016-05-12 01:30:00,60,1,False
2016-05-12 01:40:00,60,1,False
2016-05-12 01:50:00,50,1,False
2016-05-12 02:00:00,60,2,False
2016-05-12 02:10:00,50,2,False
2016-05-12 02:20:00,70,2,False
2016-05-12 02:30:00,50,2,False
2016-05-12 02:40:00,60,2,False
2016-05-12 02:50:00,50,2,False
2016-05-12 03:00:00,50,3,False
2016-05-12 03:10:00,50,3,False
2016-05-12 03:20:00,50,3,False
2016-05-12 03:30:00,50,3,False
2016-05-12 03:40:00,50,3,False
2016-05-12 03:50:00,50,3,False
2016-05-12 04:00:00,60,4,False
2016-05-12 04:10:00,50,4,False
2016-05-12 04:20:00,70,4,False
2016-05-12 04:30:00,50,4,False
2016-05-12 04:40:00,50,4,False
2016-05-12 04:50:00,60,4,False
2016-05-12 05:00:00,60,5,False
2016-05-12 05:10:00,50,5,False
2016-05-12 05:20:00,60,5,False
2016-05-12 05:30:00,90,5,False
2016-05-12 05:40:00,50,5,False
2016-05-12 05:50:00,60,5,False
2016-05-12 06:00:00,50,6,False
2016-05-12 06:10:00,40,6,False
2016-05-12 06:20:00,50,6,False
2016-05-12 06:30:00,40,6,False
2016-05-12 06:40:00,50,6,False
2016-05-12 06:50:00,60,6,False
2016-05-12 07:00:00,60,7,False
2016-05-12 07:10:00,60,7,False
2016-05-12 07:20:00,50,7,False
2016-05-12 07:30:00,60,7,False
2016-05-12 07:40:00,50,7,False
2016-05-12 07:50:00,70,7,False
2016-05-12 08:00:00,50,8,False
2016-05-12 08:10:00,60,8,False
2016-05-12 08:20:00,50,8,False
2016-05-12 08:30:00,50,8,False
2016-05-12 08:40:00,50,8,False
2016-05-12 08:50:00,50,8,False
2016-05-12 09:00:00,40,9,False
2016-05-12 09:10:00,50,9,False
2016-05-12 09:20:00,40,9,False
2016-05-12 09:30:00,50,9,False
2016-05-12 09:40:00,50,9,False
2016-05-12 09:50:00,60,9,False
2016-05-12 10:00:00,60,10,False
2016-05-12 10:10:00,60,10,False
2016-05-12 10:20:00,60,10,False
2016-05-12 10:30:00,50,10,False
2016-05-12 10:40:00,60,10,False
2016-05-12 10:50:00,60,10,False
2016-05-12 11:00:00,50,11,False
2016-05-12 11:10:00,50,11,False
2016-05-12 11:20:00,50,11,False
2016-05-12 11:30:00,50,11,False
2016-05-12 11:40:00,50,11,False
2016-05-12 11:50:00,50,11,False
2016-05-12 12:00:00,50,12,False
2016-05-12 12:10:00,60,12,False
2016-05-12 12:20:00,60,12,False
2016-05-12 12:30:00,50,12,False
2016-05-12 12:40:00,60,12,False
2016-05-12 12:50:00,50,12,False
2016-05-12 13:00:00,60,13,False
2016-05-12 13:10:00,60,13,False
2016-05-12 13:20:00,60,13,False
2016-05-12 13:30:00,50,13,False
2016-05-12 13:40:00,60,13,False
2016-05-12 13:50:00,50,13,False
2016-05-12 14:00:00,60,14,False
2016-05-12 14:10:00,60,14,False
2016-05-12 14:20:00,60,14,False
2016-05-12 14:30:00,50,14,False
2016-05-12 14:40:00,70,14,False
2016-05-12 14:50:00,40,14,False
2016-05-12 15:00:00,50,15,False
2016-05-12 15:10:00,60,15,False
2016-05-12 15:20:00,80,15,False
2016-05-12 15:30:00,60,15,False
2016-05-12 15:40:00,80,15,False
2016-05-12 15:50:00,80,15,False
2016-05-12 16:00:00,100,16,False
2016-05-12 16:10:00,100,16,False
2016-05-12 16:20:00,110,16,False
2016-05-12 16:30:00,200,16,True
2016-05-12 16:40:00,100,16,False
2016-05-12 16:50:00,100,16,False
2016-05-12 17:00:00,100,17,False
2016-05-12 17:10:00,110,17,False
2016-05-12 17:20:00,120,17,False
2016-05-12 17:30:00,110,17,False
2016-05-12 17:40:00,470,17,True
2016-05-12 17:50:00,340,17,True
2016-05-12 18:00:00,100,18,False
2016-05-12 18:10:00,110,18,False
2016-05-12 18:20:00,110,18,False
2016-05-12 18:30:00,90,18,False
2016-05-12 18:40:00,110,18,False
2016-05-12 18:50:00,110,18,False
2016-05-12 19:00:00,130,19,False
2016-05-12 19:10:00,120,19,False
2016-05-12 19:20:00,120,19,False
2016-05-12 19:30:00,120,19,False
2016-05-12 19:40:00,130,19,False
2016-05-12 19:50:00,120,19,False
2016-05-12 20:00:00,130,20,False
2016-05-12 20:10:00,120,20,False
2016-05-12 20:20:00,80,20,False
2016-05-12 20:30:00,70,20,False
2016-05-12 20:40:00,70,20,False
2016-05-12 20:50:00,130,20,False
2016-05-12 21:00:00,80,21,False
2016-05-12 21:10:00,70,21,False
2016-05-12 21:20:00,80,21,False
2016-05-12 21:30:00,80,21,False
2016-05-12 21:40:00,60,21,False
2016-05-12 21:50:00,60,21,False
2016-05-12 22:00:00,60,22,False
2016-05-12 22:10:00,60,22,False
2016-05-12 22:20:00,70,22,False
2016-05-12 22:30:00,50,22,False
2016-05-12 22:40:00,60,22,False
2016-05-12 22:50:00,60,22,False
2016-05-12 23:00:00,60,23,False
2016-05-12 23:10:00,60,23,False
2016-05-12 23:20:00,60,23,False
2016-05-12 23:30:00,50,23,False
2016-05-12 23:40:00,60,23,False
2016-05-12 23:50:00,50,23,False
2016-05-13 00:00:00,70,0,False
2016-05-13 00:10:00,50,0,False
2016-05-13 00:20:00,60,0,False
2016-05-13 00:30:00,40,0,False
2016-05-13 00:40:00,60,0,False
2016-05-13 00:50:00,50,0,False
2016-05-13 01:00:00,50,1,False
2016-05-13 01:10:00,50,1,False
2016-05-13 01:20:00,50,1,False
2016-05-13 01:30:00,60,1,False
2016-05-13 01:40:00,60,1,False
2016-05-13 01:50:00,50,1,False
2016-05-13 02:00:00,60,2,False
2016-05-13 02:10:00,60,2,False
2016-05-13 02:20:00,50,2,False
2016-05-13 02:30:00,60,2,False
2016-05-13 02:40:00,60,2,False
2016-05-13 02:50:00,60,2,False
2016-05-13 03:00:00,60,3,False
2016-05-13 03:10:00,60,3,False
2016-05-13 03:20:00,50,3,False
2016-05-13 03:30:00,60,3,False
2016-05-13 03:40:00,60,3,False
2016-05-13 03:50:00,60,3,False
2016-05-13 04:00:00,50,4,False
2016-05-13 04:10:00,50,4,False
2016-05-13 04:20:00,50,4,False
2016-05-13 04:30:00,50,4,False
2016-05-13 04:40:00,50,4,False
2016-05-13 04:50:00,50,4,False
2016-05-13 05:00:00,50,5,False
2016-05-13 05:10:00,60,5,False
2016-05-13 05:20:00,50,5,False
2016-05-13 05:30:00,60,5,False
2016-05-13 05:40:00,60,5,False
2016-05-13 05:50:00,70,5,False
2016-05-13 06:00:00,60,6,False
2016-05-13 06:10:00,70,6,False
2016-05-13 06:20:00,190,6,True
2016-05-13 06:30:00,370,6,True
2016-05-13 06:40:00,100,6,False
2016-05-13 06:50:00,90,6,False
2016-05-13 07:00:00,110,7,False
2016-05-13 07:10:00,80,7,False
2016-05-13 07:20:00,120,7,False
2016-05-13 07:30:00,110,7,False
2016-05-13 07:40:00,80,7,False
2016-05-13 07:50:00,560,7,True
2016-05-13 08:00:00,660,8,True
2016-05-13 08:10:00,330,8,True
2016-05-13 08:20:00,270,8,True
2016-05-13 08:30:00,290,8,True
2016-05-13 08:40:00,230,8,True
2016-05-13 08:50:00,250,8,True
2016-05-13 09:00:00,190,9,True
2016-05-13 09:10:00,80,9,False
2016-05-13 09:20:00,70,9,False
2016-05-13 09:30:00,60,9,False
2016-05-13 09:40:00,80,9,False
2016-05-13 09:50:00,80,9,False
2016-05-13 10:00:00,70,10,False
2016-05-13 10:10:00,60,10,False
2016-05-13 10:20:00,80,10,False
2016-05-13 10:30:00,70,10,False
2016-05-13 10:40:00,80,10,False
2016-05-13 10:50:00,80,10,False
2016-05-13 11:00:00,110,11,False
2016-05-13 11:10:00,600,11,True
2016-05-13 11:20:00,560,11,True
2016-05-13 11:30:00,320,11,True
2016-05-13 11:40:00,260,11,True
2016-05-13 11:50:00,280,11,True
2016-05-13 12:00:00,260,12,True
2016-05-13 12:10:00,240,12,True
2016-05-13 12:20:00,210,12,True
2016-05-13 12:30:00,100,12,False
2016-05-13 12:40:00,380,12,True
2016-05-13 12:50:00,620,12,True
2016-05-13 13:00:00,310,13,True
2016-05-13 13:10:00,270,13,True
2016-05-13 13:20:00,280,13,True
2016-05-13 13:30:00,240,13,True
2016-05-13 13:40:00,280,13,True
2016-05-13 13:50:00,230,13,True
2016-05-13 14:00:00,170,14,False
2016-05-13 14:10:00,170,14,False
2016-05-13 14:20:00,620,14,True
2016-05-13 14:30:00,460,14,True
2016-05-13 14:40:00,240,14,True
2016-05-13 14:50:00,250,14,True
2016-05-13 15:00:00,270,15,True
2016-05-13 15:10:00,250,15,True
2016-05-13 15:20:00,220,15,True
2016-05-13 15:30:00,170,15,False
2016-05-13 15:40:00,100,15,False
2016-05-13 15:50:00,200,15,True
2016-05-13 16:00:00,350,16,True
2016-05-13 16:10:00,300,16,True
2016-05-13 16:20:00,450,16,True
2016-05-13 16:30:00,450,16,True
2016-05-13 16:40:00,290,16,True
2016-05-13 16:50:00,270,16,True
2016-05-13 17:00:00,280,17,True
2016-05-13 17:10:00,200,17,True
2016-05-13 17:20:00,120,17,False
2016-05-13 17:30:00,120,17,False
2016-05-13 17:40:00,110,17,False
2016-05-13 17:50:00,560,17,True
2016-05-13 18:00:00,450,18,True
2016-05-13 18:10:00,490,18,True
2016-05-13 18:20:00,280,18,True
2016-05-13 18:30:00,280,18,True
2016-05-13 18:40:00,310,18,True
2016-05-13 18:50:00,280,18,True
2016-05-13 19:00:00,310,19,True
2016-05-13 19:10:00,330,19,True
2016-05-13 19:20:00,190,19,True
2016-05-13 19:30:00,130,19,False
2016-05-13 19:40:00,140,19,False
2016-05-13 19:50:00,150,19,False
2016-05-13 20:00:00,140,20,False
2016-05-13 20:10:00,130,20,False
2016-05-13 20:20:00,130,20,False
2016-05-13 20:30:00,100,20,False
2016-05-13 20:40:00,120,20,False
2016-05-13 20:50:00,100,20,False
2016-05-13 21:00:00,80,21,False
2016-05-13 21:10:00,60,21,False
2016-05-13 21:20:00,60,21,False
2016-05-13 21:30:00,60,21,False
2016-05-13 21:40:00,60,21,False
2016-05-13 21:50:00,60,21,False
2016-05-13 22:00:00,60,22,False
2016-05-13 22:10:00,50,22,False
2016-05-13 22:20:00,50,22,False
2016-05-13 22:30:00,50,22,False
2016-05-13 22:40:00,60,22,False
2016-05-13 22:50:00,60,22,False
2016-05-13 23:00:00,60,23,False
2016-05-13 23:10:00,70,23,False
2016-05-13 23:20:00,60,23,False
2016-05-13 23:30:00,60,23,False
2016-05-13 23:40:00,60,23,False
2016-05-13 23:50:00,60,23,False
2016-05-14 00:00:00,50,0,False
2016-05-14 00:10:00,60,0,False
2016-05-14 00:20:00,50,0,False
2016-05-14 00:30:00,60,0,False
2016-05-14 00:40:00,60,0,False
2016-05-14 00:50:00,70,0,False
2016-05-14 01:00:00,60,1,False
2016-05-14 01:10:00,70,1,False
2016-05-14 01:20:00,60,1,False
2016-05-14 01:30:00,60,1,False
2016-05-14 01:40:00,70,1,False
2016-05-14 01:50:00,60,1,False
2016-05-14 02:00:00,60,2,False
2016-05-14 02:10:00,50,2,False
2016-05-14 02:20:00,60,2,False
2016-05-14 02:30:00,60,2,False
2016-05-14 02:40:00,60,2,False
2016-05-14 02:50:00,70,2,False
2016-05-14 03:00:00,60,3,False
2016-05-14 03:10:00,70,3,False
2016-05-14 03:20:00,60,3,False
2016-05-14 03:30:00,60,3,False
2016-05-14 03:40:00,50,3,False
2016-05-14 03:50:00,60,3,False
2016-05-14 04:00:00,60,4,False
2016-05-14 04:10:00,50,4,False
2016-05-14 04:20:00,60,4,False
2016-05-14 04:30:00,60,4,False
2016-05-14 04:40:00,60,4,False
2016-05-14 04:50:00,70,4,False
2016-05-14 05:00:00,60,5,False
2016-05-14 05:10:00,60,5,False
2016-05-14 05:20:00,60,5,False
2016-05-14 05:30:00,50,5,False
2016-05-14 05:40:00,60,5,False
2016-05-14 05:50:00,50,5,False
2016-05-14 06:00:00,60,6,False
2016-05-14 06:10:00,70,6,False
2016-05-14 06:20:00,50,6,False
2016-05-14 06:30:00,70,6,False
2016-05-14 06:40:00,60,6,False
2016-05-14 06:50:00,70,6,False
2016-05-14 07:00:00,70,7,False
2016-05-14 07:10:00,60,7,False
2016-05-14 07:20:00,100,7,False
2016-05-14 07:30:00,50,7,False
2016-05-14 07:40:00,80,7,False
2016-05-14 07:50:00,320,7,True
2016-05-14 08:00:00,350,8,True
2016-05-14 08:10:00,160,8,False
2016-05-14 08:20:00,70,8,False
2016-05-14 08:30:00,80,8,False
2016-05-14 08:40:00,70,8,False
2016-05-14 08:50:00,70,8,False
2016-05-14 09:00:00,70,9,False
2016-05-14 09:10:00,80,9,False
2016-05-14 09:20:00,80,9,False
2016-05-14 09:30:00,100,9,False
2016-05-14 09:40:00,90,9,False
2016-05-14 09:50:00,290,9,True
2016-05-14 10:00:00,430,10,True
2016-05-14 10:10:00,100,10,False
2016-05-14 10:20:00,100,10,False
2016-05-14 10:30:00,100,10,False
2016-05-14 10:40:00,110,10,False
2016-05-14 10:50:00,110,10,False
2016-05-14 11:00:00,110,11,False
2016-05-14 11:10:00,90,11,False
2016-05-14 11:20:00,90,11,False
2016-05-14 11:30:00,100,11,False
2016-05-14 11:40:00,90,11,False
2016-05-14 11:50:00,100,11,False
2016-05-14 12:00:00,110,12,False
2016-05-14 12:10:00,110,12,False
2016-05-14 12:20:00,130,12,False
2016-05-14 12:30:00,110,12,False
2016-05-14 12:40:00,110,12,False
2016-05-14 12:50:00,130,12,False
2016-05-14 13:00:00,110,13,False
2016-05-14 13:10:00,130,13,False
2016-05-14 13:20:00,130,13,False
2016-05-14 13:30:00,120,13,False
2016-05-14 13:40:00,90,13,False
2016-05-14 13:50:00,100,13,False
2016-05-14 14:00:00,100,14,False
2016-05-14 14:10:00,110,14,False
2016-05-14 14:20:00,110,14,False
2016-05-14 14:30:00,100,14,False
2016-05-14 14:40:00,90,14,False
2016-05-14 14:50:00,130,14,False
2016-05-14 15:00:00,120,15,False
2016-05-14 15:10:00,140,15,False
2016-05-14 15:20:00,130,15,False
2016-05-14 15:30:00,130,15,False
2016-05-14 15:40:00,130,15,False
2016-05-14 15:50:00,130,15,False
2016-05-14 16:00:00,120,16,False
2016-05-14 16:10:00,110,16,False
2016-05-14 16:20:00,110,16,False
2016-05-14 16:30:00,110,16,False
2016-05-14 16:40:00,110,16,False
2016-05-14 16:50:00,110,16,False
2016-05-14 17:00:00,100,17,False
2016-05-14 17:10:00,100,17,False
2016-05-14 17:20:00,90,17,False
2016-05-14 17:30:00,100,17,False
2016-05-14 17:40:00,490,17,True
2016-05-14 17:50:00,570,17,True
2016-05-14 18:00:00,460,18,True
2016-05-14 18:10:00,120,18,False
2016-05-14 18:20:00,100,18,False
2016-05-14 18:30:00,110,18,False
2016-05-14 18:40:00,110,18,False
2016-05-14 18:50:00,100,18,False
2016-05-14 19:00:00,100,19,False
2016-05-14 19:10:00,90,19,False
2016-05-14 19:20:00,90,19,False
2016-05-14 19:30:00,90,19,False
2016-05-14 19:40:00,90,19,False
2016-05-14 19:50:00,80,19,False
2016-05-14 20:00:00,110,20,False
2016-05-14 20:10:00,90,20,False
2016-05-14 20:20:00,80,20,False
2016-05-14 20:30:00,80,20,False
2016-05-14 20:40:00,80,20,False
2016-05-14 20:50:00,80,20,False
2016-05-14 21:00:00,80,21,False
2016-05-14 21:10:00,80,21,False
2016-05-14 21:20:00,70,21,False
2016-05-14 21:30:00,80,21,False
2016-05-14 21:40:00,70,21,False
2016-05-14 21:50:00,70,21,False
2016-05-14 22:00:00,90,22,False
2016-05-14 22:10:00,70,22,False
2016-05-14 22:20:00,50,22,False
2016-05-14 22:30:00,50,22,False
2016-05-14 22:40:00,50,22,False
2016-05-14 22:50:00,60,22,False
2016-05-14 23:00:00,50,23,False
2016-05-14 23:10:00,40,23,False
2016-05-14 23:20:00,50,23,False
2016-05-14 23:30:00,50,23,False
2016-05-14 23:40:00,50,23,False
2016-05-14 23:50:00,50,23,False
2016-05-15 00:00:00,60,0,False
2016-05-15 00:10:00,50,0,False
2016-05-15 00:20:00,60,0,False
2016-05-15 00:30:00,50,0,False
2016-05-15 00:40:00,50,0,False
2016-05-15 00:50:00,50,0,False
2016-05-15 01:00:00,50,1,False
2016-05-15 01:10:00,60,1,False
2016-05-15 01:20:00,50,1,False
2016-05-15 01:30:00,50,1,False
2016-05-15 01:40:00,60,1,False
2016-05-15 01:50:00,60,1,False
2016-05-15 02:00:00,50,2,False
2016-05-15 02:10:00,60,2,False
2016-05-15 02:20:00,50,2,False
2016-05-15 02:30:00,60,2,False
2016-05-15 02:40:00,50,2,False
2016-05-15 02:50:00,40,2,False
2016-05-15 03:00:00,60,3,False
2016-05-15 03:10:00,30,3,False
2016-05-15 03:20:00,40,3,False
2016-05-15 03:30:00,30,3,False
2016-05-15 03:40:00,40,3,False
2016-05-15 03:50:00,40,3,False
2016-05-15 04:00:00,50,4,False
2016-05-15 04:10:00,60,4,False
2016-05-15 04:20:00,50,4,False
2016-05-15 04:30:00,60,4,False
2016-05-15 04:40:00,40,4,False
2016-05-15 04:50:00,50,4,False
2016-05-15 05:00:00,60,5,False
2016-05-15 05:10:00,40,5,False
2016-05-15 05:20:00,60,5,False
2016-05-15 05:30:00,60,5,False
2016-05-15 05:40:00,60,5,False
2016-05-15 05:50:00,60,5,False
2016-05-15 06:00:00,50,6,False
2016-05-15 06:10:00,50,6,False
2016-05-15 06:20:00,60,6,False
2016-05-15 06:30:00,40,6,False
2016-05-15 06:40:00,60,6,False
2016-05-15 06:50:00,50,6,False
2016-05-15 07:00:00,90,7,False
2016-05-15 07:10:00,80,7,False
2016-05-15 07:20:00,50,7,False
2016-05-15 07:30:00,60,7,False
2016-05-15 07:40:00,60,7,False
2016-05-15 07:50:00,220,7,True
2016-05-15 08:00:00,190,8,True
2016-05-15 08:10:00,120,8,False
2016-05-15 08:20:00,70,8,False
2016-05-15 08:30:00,50,8,False
2016-05-15 08:40:00,150,8,False
2016-05-15 08:50:00,130,8,False
2016-05-15 09:00:00,120,9,False
2016-05-15 09:10:00,110,9,False
2016-05-15 09:20:00,80,9,False
2016-05-15 09:30:00,100,9,False
2016-05-15 09:40:00,100,9,False
2016-05-15 09:50:00,100,9,False
2016-05-15 10:00:00,70,10,False
2016-05-15 10:10:00,80,10,False
2016-05-15 10:20:00,80,10,False
2016-05-15 10:30:00,200,10,True
2016-05-15 10:40:00,110,10,False
2016-05-15 10:50:00,110,10,False
2016-05-15 11:00:00,100,11,False
2016-05-15 11:10:00,100,11,False
2016-05-15 11:20:00,110,11,False
2016-05-15 11:30:00,100,11,False
2016-05-15 11:40:00,110,11,False
2016-05-15 11:50:00,110,11,False
2016-05-15 12:00:00,90,12,False
2016-05-15 12:10:00,100,12,False
2016-05-15 12:20:00,90,12,False
2016-05-15 12:30:00,110,12,False
2016-05-15 12:40:00,100,12,False
2016-05-15 12:50:00,90,12,False
2016-05-15 13:00:00,110,13,False
2016-05-15 13:10:00,110,13,False
2016-05-15 13:20:00,100,13,False
2016-05-15 13:30:00,260,13,True
2016-05-15 13:40:00,160,13,False
2016-05-15 13:50:00,80,13,False
2016-05-15 14:00:00,80,14,False
2016-05-15 14:10:00,90,14,False
2016-05-15 14:20:00,90,14,False
2016-05-15 14:30:00,70,14,False
2016-05-15 14:40:00,100,14,False
2016-05-15 14:50:00,100,14,False
2016-05-15 15:00:00,100,15,False
2016-05-15 15:10:00,80,15,False
2016-05-15 15:20:00,90,15,False
2016-05-15 15:30:00,100,15,False
2016-05-15 15:40:00,90,15,False
2016-05-15 15:50:00,100,15,False
2016-05-15 16:00:00,100,16,False
2016-05-15 16:10:00,110,16,False
2016-05-15 16:20:00,130,16,False
2016-05-15 16:30:00,110,16,False
2016-05-15 16:40:00,110,16,False
2016-05-15 16:50:00,300,16,True
2016-05-15 17:00:00,360,17,True
2016-05-15 17:10:00,140,17,False
2016-05-15 17:20:00,100,17,False
2016-05-15 17:30:00,200,17,True
2016-05-15 17:40:00,330,17,True
2016-05-15 17:50:00,290,17,True
2016-05-15 18:00:00,120,18,False
2016-05-15 18:10:00,80,18,False
2016-05-15 18:20:00,80,18,False
2016-05-15 18:30:00,100,18,False
2016-05-15 18:40:00,110,18,False
2016-05-15 18:50:00,100,18,False
2016-05-15 19:00:00,110,19,False
2016-05-15 19:10:00,100,19,False
2016-05-15 19:20:00,100,19,False
2016-05-15 19:30:00,80,19,False
2016-05-15 19:40:00,100,19,False
2016-05-15 19:50:00,90,19,False
2016-05-15 20:00:00,100,20,False
2016-05-15 20:10:00,90,20,False
2016-05-15 20:20:00,170,20,False
2016-05-15 20:30:00,500,20,True
2016-05-15 20:40:00,330,20,True
2016-05-15 20:50:00,290,20,True
2016-05-15 21:00:00,260,21,True
2016-05-15 21:10:00,230,21,True
2016-05-15 21:20:00,240,21,True
2016-05-15 21:30:00,240,21,True
2016-05-15 21:40:00,150,21,False
2016-05-15 21:50:00,100,21,False
2016-05-15 22:00:00,90,22,False
2016-05-15 22:10:00,90,22,False
2016-05-15 22:20:00,90,22,False
2016-05-15 22:30:00,80,22,False
2016-05-15 22:40:00,100,22,False
2016-05-15 22:50:00,70,22,False
2016-05-15 23:00:00,80,23,False
2016-05-15 23:10:00,80,23,False
2016-05-15 23:20:00,80,23,False
2016-05-15 23:30:00,80,23,False
2016-05-15 23:40:00,90,23,False
2016-05-15 23:50:00,90,23,False
2016-05-16 00:00:00,80,0,False
2016-05-16 00:10:00,70,0,False
2016-05-16 00:20:00,50,0,False
2016-05-16 00:30:00,60,0,False
2016-05-16 00:40:00,60,0,False
2016-05-16 00:50:00,50,0,False
2016-05-16 01:00:00,50,1,False
2016-05-16 01:10:00,60,1,False
2016-05-16 01:20:00,50,1,False
2016-05-16 01:30:00,50,1,False
2016-05-16 01:40:00,50,1,False
2016-05-16 01:50:00,60,1,False
2016-05-16 02:00:00,50,2,False
2016-05-16 02:10:00,70,2,False
2016-05-16 02:20:00,50,2,False
2016-05-16 02:30:00,60,2,False
2016-05-16 02:40:00,60,2,False
2016-05-16 02:50:00,50,2,False
2016-05-16 03:00:00,70,3,False
2016-05-16 03:10:00,50,3,False
2016-05-16 03:20:00,50,3,False
2016-05-16 03:30:00,50,3,False
2016-05-16 03:40:00,50,3,False
2016-05-16 03:50:00,50,3,False
2016-05-16 04:00:00,50,4,False
2016-05-16 04:10:00,50,4,False
2016-05-16 04:20:00,60,4,False
2016-05-16 04:30:00,50,4,False
2016-05-16 04:40:00,60,4,False
2016-05-16 04:50:00,60,4,False
2016-05-16 05:00:00,50,5,False
2016-05-16 05:10:00,60,5,False
2016-05-16 05:20:00,50,5,False
2016-05-16 05:30:00,50,5,False
2016-05-16 05:40:00,50,5,False
2016-05-16 05:50:00,50,5,False
2016-05-16 06:00:00,50,6,False
2016-05-16 06:10:00,50,6,False
2016-05-16 06:20:00,50,6,False
2016-05-16 06:30:00,60,6,False
2016-05-16 06:40:00,50,6,False
2016-05-16 06:50:00,60,6,False
2016-05-16 07:00:00,60,7,False
2016-05-16 07:10:00,60,7,False
2016-05-16 07:20:00,50,7,False
2016-05-16 07:30:00,50,7,False
2016-05-16 07:40:00,90,7,False
2016-05-16 07:50:00,60,7,False
2016-05-16 08:00:00,40,8,False
2016-05-16 08:10:00,50,8,False
2016-05-16 08:20:00,60,8,False
2016-05-16 08:30:00,50,8,False
2016-05-16 08:40:00,160,8,False
2016-05-16 08:50:00,170,8,False
2016-05-16 09:00:00,80,9,False
2016-05-16 09:10:00,60,9,False
2016-05-16 09:20:00,50,9,False
2016-05-16 09:30:00,50,9,False
2016-05-16 09:40:00,80,9,False
2016-05-16 09:50:00,100,9,False
2016-05-16 10:00:00,320,10,True
2016-05-16 10:10:00,160,10,False
2016-05-16 10:20:00,100,10,False
2016-05-16 10:30:00,100,10,False
2016-05-16 10:40:00,110,10,False
2016-05-16 10:50:00,100,10,False
2016-05-16 11:00:00,100,11,False
2016-05-16 11:10:00,100,11,False
2016-05-16 11:20:00,90,11,False
2016-05-16 11:30:00,110,11,False
2016-05-16 11:40:00,110,11,False
2016-05-16 11:50:00,110,11,False
2016-05-16 12:00:00,290,12,True
2016-05-16 12:10:00,450,12,True
2016-05-16 12:20:00,160,12,False
2016-05-16 12:30:00,100,12,False
2016-05-16 12:40:00,120,12,False
2016-05-16 12:50:00,120,12,False
2016-05-16 13:00:00,120,13,False
2016-05-16 13:10:00,330,13,True
2016-05-16 13:20:00,350,13,True
2016-05-16 13:30:00,360,13,True
2016-05-16 13:40:00,340,13,True
2016-05-16 13:50:00,100,13,False
2016-05-16 14:00:00,80,14,False
2016-05-16 14:10:00,90,14,False
2016-05-16 14:20:00,80,14,False
2016-05-16 14:30:00,80,14,False
2016-05-16 14:40:00,100,14,False
2016-05-16 14:50:00,100,14,False
2016-05-16 15:00:00,100,15,False
2016-05-16 15:10:00,80,15,False
2016-05-16 15:20:00,210,15,True
2016-05-16 15:30:00,90,15,False
2016-05-16 15:40:00,100,15,False
2016-05-16 15:50:00,90,15,False
2016-05-16 16:00:00,90,16,False
2016-05-16 16:10:00,90,16,False
2016-05-16 16:20:00,90,16,False
2016-05-16 16:30:00,90,16,False
2016-05-16 16:40:00,80,16,False
2016-05-16 16:50:00,90,16,False
2016-05-16 17:00:00,90,17,False
2016-05-16 17:10:00,120,17,False
2016-05-16 17:20:00,110,17,False
2016-05-16 17:30:00,110,17,False
2016-05-16 17:40:00,630,17,True
2016-05-16 17:50:00,400,17,True
2016-05-16 18:00:00,350,18,True
2016-05-16 18:10:00,120,18,False
2016-05-16 18:20:00,100,18,False
2016-05-16 18:30:00,110,18,False
2016-05-16 18:40:00,100,18,False
2016-05-16 18:50:00,150,18,False
2016-05-16 19:00:00,100,19,False
2016-05-16 19:10:00,120,19,False
2016-05-16 19:20:00,120,19,False
2016-05-16 19:30:00,110,19,False
2016-05-16 19:40:00,120,19,False
2016-05-16 19:50:00,120,19,False
2016-05-16 20:00:00,110,20,False
2016-05-16 20:10:00,100,20,False
2016-05-16 20:20:00,130,20,False
2016-05-16 20:30:00,80,20,False
2016-05-16 20:40:00,80,20,False
2016-05-16 20:50:00,80,20,False
2016-05-16 21:00:00,80,21,False
2016-05-16 21:10:00,80,21,False
2016-05-16 21:20:00,70,21,False
2016-05-16 21:30:00,60,21,False
2016-05-16 21:40:00,60,21,False
2016-05-16 21:50:00,60,21,False
2016-05-16 22:00:00,50,22,False
2016-05-16 22:10:00,50,22,False
2016-05-16 22:20:00,40,22,False
2016-05-16 22:30:00,60,22,False
2016-05-16 22:40:00,40,22,False
2016-05-16 22:50:00,40,22,False
2016-05-16 23:00:00,50,23,False
2016-05-16 23:10:00,60,23,False
2016-05-16 23:20:00,70,23,False
2016-05-16 23:30:00,60,23,False
2016-05-16 23:40:00,70,23,False
2016-05-16 23:50:00,50,23,False
2016-05-17 00:00:00,40,0,False
2016-05-17 00:10:00,50,0,False
2016-05-17 00:20:00,50,0,False
2016-05-17 00:30:00,50,0,False
2016-05-17 00:40:00,50,0,False
2016-05-17 00:50:00,60,0,False
2016-05-17 01:00:00,50,1,False
2016-05-17 01:10:00,60,1,False
2016-05-17 01:20:00,50,1,False
2016-05-17 01:30:00,60,1,False
2016-05-17 01:40:00,50,1,False
2016-05-17 01:50:00,60,1,False
2016-05-17 02:00:00,50,2,False
2016-05-17 02:10:00,40,2,False
2016-05-17 02:20:00,60,2,False
2016-05-17 02:30:00,40,2,False
2016-05-17 02:40:00,70,2,False
2016-05-17 02:50:00,50,2,False
2016-05-17 03:00:00,60,3,False
2016-05-17 03:10:00,60,3,False
2016-05-17 03:20:00,50,3,False
2016-05-17 03:30:00,60,3,False
2016-05-17 03:40:00,40,3,False
2016-05-17 03:50:00,50,3,False
2016-05-17 04:00:00,50,4,False
2016-05-17 04:10:00,50,4,False
2016-05-17 04:20:00,50,4,False
2016-05-17 04:30:00,60,4,False
2016-05-17 04:40:00,50,4,False
2016-05-17 04:50:00,60,4,False
2016-05-17 05:00:00,70,5,False
2016-05-17 05:10:00,80,5,False
2016-05-17 05:20:00,50,5,False
2016-05-17 05:30:00,50,5,False
2016-05-17 05:40:00,50,5,False
2016-05-17 05:50:00,50,5,False
2016-05-17 06:00:00,60,6,False
2016-05-17 06:10:00,40,6,False
2016-05-17 06:20:00,50,6,False
2016-05-17 06:30:00,40,6,False
2016-05-17 06:40:00,80,6,False
2016-05-17 06:50:00,70,6,False
2016-05-17 07:00:00,60,7,False
2016-05-17 07:10:00,70,7,False
2016-05-17 07:20:00,110,7,False
2016-05-17 07:30:00,50,7,False
2016-05-17 07:40:00,50,7,False
2016-05-17 07:50:00,50,7,False
2016-05-17 08:00:00,50,8,False
2016-05-17 08:10:00,70,8,False
2016-05-17 08:20:00,50,8,False
2016-05-17 08:30:00,60,8,False
2016-05-17 08:40:00,60,8,False
2016-05-17 08:50:00,50,8,False
2016-05-17 09:00:00,50,9,False
2016-05-17 09:10:00,50,9,False
2016-05-17 09:20:00,50,9,False
2016-05-17 09:30:00,50,9,False
2016-05-17 09:40:00,50,9,False
2016-05-17 09:50:00,60,9,False
2016-05-17 10:00:00,50,10,False
2016-05-17 10:10:00,50,10,False
2016-05-17 10:20:00,60,10,False
2016-05-17 10:30:00,50,10,False
2016-05-17 10:40:00,60,10,False
2016-05-17 10:50:00,50,10,False
2016-05-17 11:00:00,60,11,False
2016-05-17 11:10:00,40,11,False
2016-05-17 11:20:00,60,11,False
2016-05-17 11:30:00,40,11,False
2016-05-17 11:40:00,60,11,False
2016-05-17 11:50:00,50,11,False
2016-05-17 12:00:00,60,12,False
2016-05-17 12:10:00,50,12,False
2016-05-17 12:20:00,50,12,False
2016-05-17 12:30:00,60,12,False
2016-05-17 12:40:00,50,12,False
2016-05-17 12:50:00,50,12,False
2016-05-17 13:00:00,40,13,False
2016-05-17 13:10:00,50,13,False
2016-05-17 13:20:00,50,13,False
2016-05-17 13:30:00,40,13,False
2016-05-17 13:40:00,30,13,False
2016-05-17 13:50:00,40,13,False
2016-05-17 14:00:00,40,14,False
2016-05-17 14:10:00,60,14,False
2016-05-17 14:20:00,60,14,False
2016-05-17 14:30:00,50,14,False
2016-05-17 14:40:00,60,14,False
2016-05-17 14:50:00,50,14,False
2016-05-17 15:00:00,50,15,False
2016-05-17 15:10:00,40,15,False
2016-05-17 15:20:00,50,15,False
2016-05-17 15:30:00,60,15,False
2016-05-17 15:40:00,60,15,False
2016-05-17 15:50:00,50,15,False
2016-05-17 16:00:00,60,16,False
2016-05-17 16:10:00,60,16,False
2016-05-17 16:20:00,50,16,False
2016-05-17 16:30:00,80,16,False
2016-05-17 16:40:00,70,16,False
2016-05-17 16:50:00,80,16,False
2016-05-17 17:00:00,80,17,False
2016-05-17 17:10:00,80,17,False
2016-05-17 17:20:00,90,17,False
2016-05-17 17:30:00,100,17,False
2016-05-17 17:40:00,190,17,True
2016-05-17 17:50:00,380,17,True
2016-05-17 18:00:00,100,18,False
2016-05-17 18:10:00,90,18,False
2016-05-17 18:20:00,110,18,False
2016-05-17 18:30:00,90,18,False
2016-05-17 18:40:00,110,18,False
2016-05-17 18:50:00,100,18,False
2016-05-17 19:00:00,90,19,False
2016-05-17 19:10:00,140,19,False
2016-05-17 19:20:00,140,19,False
2016-05-17 19:30:00,130,19,False
2016-05-17 19:40:00,120,19,False
2016-05-17 19:50:00,120,19,False
2016-05-17 20:00:00,130,20,False
2016-05-17 20:10:00,140,20,False
2016-05-17 20:20:00,110,20,False
2016-05-17 20:30:00,110,20,False
2016-05-17 20:40:00,110,20,False
2016-05-17 20:50:00,110,20,False
2016-05-17 21:00:00,90,21,False
2016-05-17 21:10:00,60,21,False
2016-05-17 21:20:00,80,21,False
2016-05-17 21:30:00,50,21,False
2016-05-17 21:40:00,60,21,False
2016-05-17 21:50:00,50,21,False
2016-05-17 22:00:00,60,22,False
2016-05-17 22:10:00,80,22,False
2016-05-17 22:20:00,50,22,False
2016-05-17 22:30:00,40,22,False
2016-05-17 22:40:00,20,22,False
2016-05-17 22:50:00,30,22,False
2016-05-17 23:00:00,30,23,False
2016-05-17 23:10:00,60,23,False
2016-05-17 23:20:00,60,23,False
2016-05-17 23:30:00,60,23,False
2016-05-17 23:40:00,60,23,False
2016-05-17 23:50:00,60,23,False
2016-05-18 00:00:00,50,0,False
2016-05-18 00:10:00,60,0,False
2016-05-18 00:20:00,50,0,False
2016-05-18 00:30:00,50,0,False
2016-05-18 00:40:00,50,0,False
2016-05-18 00:50:00,50,0,False
2016-05-18 01:00:00,50,1,False
2016-05-18 01:10:00,40,1,False
2016-05-18 01:20:00,60,1,False
2016-05-18 01:30:00,50,1,False
2016-05-18 01:40:00,60,1,False
2016-05-18 01:50:00,60,1,False
2016-05-18 02:00:00,60,2,False
2016-05-18 02:10:00,50,2,False
2016-05-18 02:20:00,60,2,False
2016-05-18 02:30:00,50,2,False
2016-05-18 02:40:00,50,2,False
2016-05-18 02:50:00,60,2,False
2016-05-18 03:00:00,40,3,False
2016-05-18 03:10:00,60,3,False
2016-05-18 03:20:00,40,3,False
2016-05-18 03:30:00,60,3,False
2016-05-18 03:40:00,60,3,False
2016-05-18 03:50:00,50,3,False
2016-05-18 04:00:00,60,4,False
2016-05-18 04:10:00,50,4,False
2016-05-18 04:20:00,60,4,False
2016-05-18 04:30:00,50,4,False
2016-05-18 04:40:00,50,4,False
2016-05-18 04:50:00,40,4,False
2016-05-18 05:00:00,80,5,False
2016-05-18 05:10:00,70,5,False
2016-05-18 05:20:00,60,5,False
2016-05-18 05:30:00,50,5,False
2016-05-18 05:40:00,70,5,False
2016-05-18 05:50:00,60,5,False
2016-05-18 06:00:00,60,6,False
2016-05-18 06:10:00,130,6,False
2016-05-18 06:20:00,60,6,False
2016-05-18 06:30:00,70,6,False
2016-05-18 06:40:00,50,6,False
2016-05-18 06:50:00,50,6,False
2016-05-18 07:00:00,50,7,False
2016-05-18 07:10:00,50,7,False
2016-05-18 07:20:00,50,7,False
2016-05-18 07:30:00,50,7,False
2016-05-18 07:40:00,60,7,False
2016-05-18 07:50:00,60,7,False
2016-05-18 08:00:00,50,8,False
2016-05-18 08:10:00,70,8,False
2016-05-18 08:20:00,70,8,False
2016-05-18 08:30:00,80,8,False
2016-05-18 08:40:00,50,8,False
2016-05-18 08:50:00,50,8,False
2016-05-18 09:00:00,50,9,False
2016-05-18 09:10:00,40,9,False
2016-05-18 09:20:00,90,9,False
2016-05-18 09:30:00,60,9,False
2016-05-18 09:40:00,80,9,False
2016-05-18 09:50:00,70,9,False
2016-05-18 10:00:00,60,10,False
2016-05-18 10:10:00,40,10,False
2016-05-18 10:20:00,60,10,False
2016-05-18 10:30:00,50,10,False
2016-05-18 10:40:00,50,10,False
2016-05-18 10:50:00,90,10,False
2016-05-18 11:00:00,100,11,False
2016-05-18 11:10:00,80,11,False
2016-05-18 11:20:00,60,11,False
2016-05-18 11:30:00,70,11,False
2016-05-18 11:40:00,50,11,False
2016-05-18 11:50:00,60,11,False
2016-05-18 12:00:00,50,12,False
2016-05-18 12:10:00,50,12,False
2016-05-18 12:20:00,50,12,False
2016-05-18 12:30:00,40,12,False
2016-05-18 12:40:00,80,12,False
2016-05-18 12:50:00,70,12,False
2016-05-18 13:00:00,90,13,False
2016-05-18 13:10:00,80,13,False
2016-05-18 13:20:00,90,13,False
2016-05-18 13:30:00,80,13,False
2016-05-18 13:40:00,90,13,False
2016-05-18 13:50:00,90,13,False
2016-05-18 14:00:00,90,14,False
2016-05-18 14:10:00,80,14,False
2016-05-18 14:20:00,80,14,False
2016-05-18 14:30:00,80,14,False
2016-05-18 14:40:00,80,14,False
2016-05-18 14:50:00,80,14,False
2016-05-18 15:00:00,90,15,False
2016-05-18 15:10:00,90,15,False
2016-05-18 15:20:00,90,15,False
2016-05-18 15:30:00,80,15,False
2016-05-18 15:40:00,80,15,False
2016-05-18 15:50:00,70,15,False
2016-05-18 16:00:00,70,16,False
2016-05-18 16:10:00,50,16,False
2016-05-18 16:20:00,70,16,False
2016-05-18 16:30:00,140,16,False
2016-05-18 16:40:00,240,16,True
2016-05-18 16:50:00,60,16,False
2016-05-18 17:00:00,70,17,False
2016-05-18 17:10:00,90,17,False
2016-05-18 17:20:00,100,17,False
2016-05-18 17:30:00,110,17,False
2016-05-18 17:40:00,100,17,False
2016-05-18 17:50:00,240,17,True
2016-05-18 18:00:00,130,18,False
2016-05-18 18:10:00,150,18,False
2016-05-18 18:20:00,120,18,False
2016-05-18 18:30:00,210,18,True
2016-05-18 18:40:00,330,18,True
2016-05-18 18:50:00,130,18,False
2016-05-18 19:00:00,130,19,False
2016-05-18 19:10:00,150,19,False
2016-05-18 19:20:00,140,19,False
2016-05-18 19:30:00,160,19,False
2016-05-18 19:40:00,140,19,False
2016-05-18 19:50:00,140,19,False
2016-05-18 20:00:00,160,20,False
2016-05-18 20:10:00,140,20,False
2016-05-18 20:20:00,130,20,False
2016-05-18 20:30:00,290,20,True
2016-05-18 20:40:00,460,20,True
2016-05-18 20:50:00,160,20,False
2016-05-18 21:00:00,100,21,False
2016-05-18 21:10:00,110,21,False
2016-05-18 21:20:00,90,21,False
2016-05-18 21:30:00,70,21,False
2016-05-18 21:40:00,60,21,False
2016-05-18 21:50:00,60,21,False
2016-05-18 22:00:00,50,22,False
2016-05-18 22:10:00,60,22,False
2016-05-18 22:20:00,50,22,False
2016-05-18 22:30:00,60,22,False
2016-05-18 22:40:00,40,22,False
2016-05-18 22:50:00,50,22,False
2016-05-18 23:00:00,50,23,False
2016-05-18 23:10:00,50,23,False
2016-05-18 23:20:00,60,23,False
2016-05-18 23:30:00,50,23,False
2016-05-18 23:40:00,70,23,False
2016-05-18 23:50:00,60,23,False
2016-05-19 00:00:00,60,0,False
2016-05-19 00:10:00,50,0,False
2016-05-19 00:20:00,60,0,False
2016-05-19 00:30:00,40,0,False
2016-05-19 00:40:00,50,0,False
2016-05-19 00:50:00,50,0,False
2016-05-19 01:00:00,40,1,False
2016-05-19 01:10:00,50,1,False
2016-05-19 01:20:00,50,1,False
2016-05-19 01:30:00,60,1,False
2016-05-19 01:40:00,50,1,False
2016-05-19 01:50:00,60,1,False
2016-05-19 02:00:00,50,2,False
2016-05-19 02:10:00,50,2,False
2016-05-19 02:20:00,50,2,False
2016-05-19 02:30:00,50,2,False
2016-05-19 02:40:00,60,2,False
2016-05-19 02:50:00,40,2,False
2016-05-19 03:00:00,50,3,False
2016-05-19 03:10:00,40,3,False
2016-05-19 03:20:00,60,3,False
2016-05-19 03:30:00,40,3,False
2016-05-19 03:40:00,60,3,False
2016-05-19 03:50:00,60,3,False
2016-05-19 04:00:00,60,4,False
2016-05-19 04:10:00,60,4,False
2016-05-19 04:20:00,50,4,False
2016-05-19 04:30:00,60,4,False
2016-05-19 04:40:00,50,4,False
2016-05-19 04:50:00,60,4,False
2016-05-19 05:00:00,50,5,False
2016-05-19 05:10:00,80,5,False
2016-05-19 05:20:00,40,5,False
2016-05-19 05:30:00,50,5,False
2016-05-19 05:40:00,50,5,False
2016-05-19 05:50:00,60,5,False
2016-05-19 06:00:00,60,6,False
2016-05-19 06:10:00,60,6,False
2016-05-19 06:20:00,70,6,False
2016-05-19 06:30:00,60,6,False
2016-05-19 06:40:00,50,6,False
2016-05-19 06:50:00,50,6,False
2016-05-19 07:00:00,50,7,False
2016-05-19 07:10:00,40,7,False
2016-05-19 07:20:00,60,7,False
2016-05-19 07:30:00,40,7,False
2016-05-19 07:40:00,60,7,False
2016-05-19 07:50:00,50,7,False
2016-05-19 08:00:00,60,8,False
2016-05-19 08:10:00,50,8,False
2016-05-19 08:20:00,60,8,False
2016-05-19 08:30:00,50,8,False
2016-05-19 08:40:00,50,8,False
2016-05-19 08:50:00,50,8,False
2016-05-19 09:00:00,50,9,False
2016-05-19 09:10:00,40,9,False
2016-05-19 09:20:00,20,9,False
2016-05-19 09:30:00,40,9,False
2016-05-19 09:40:00,30,9,False
2016-05-19 09:50:00,40,9,False
2016-05-19 10:00:00,60,10,False
2016-05-19 10:10:00,50,10,False
2016-05-19 10:20:00,60,10,False
2016-05-19 10:30:00,50,10,False
2016-05-19 10:40:00,50,10,False
2016-05-19 10:50:00,60,10,False
2016-05-19 11:00:00,40,11,False
2016-05-19 11:10:00,50,11,False
2016-05-19 11:20:00,50,11,False
2016-05-19 11:30:00,50,11,False
2016-05-19 11:40:00,60,11,False
2016-05-19 11:50:00,60,11,False
2016-05-19 12:00:00,60,12,False
2016-05-19 12:10:00,50,12,False
2016-05-19 12:20:00,70,12,False
2016-05-19 12:30:00,50,12,False
2016-05-19 12:40:00,60,12,False
2016-05-19 12:50:00,40,12,False
2016-05-19 13:00:00,50,13,False
2016-05-19 13:10:00,40,13,False
2016-05-19 13:20:00,50,13,False
2016-05-19 13:30:00,50,13,False
2016-05-19 13:40:00,50,13,False
2016-05-19 13:50:00,60,13,False
2016-05-19 14:00:00,50,14,False
2016-05-19 14:10:00,60,14,False
2016-05-19 14:20:00,50,14,False
2016-05-19 14:30:00,60,14,False
2016-05-19 14:40:00,80,14,False
2016-05-19 14:50:00,80,14,False
2016-05-19 15:00:00,80,15,False
2016-05-19 15:10:00,80,15,False
2016-05-19 15:20:00,80,15,False
2016-05-19 15:30:00,80,15,False
2016-05-19 15:40:00,90,15,False
2016-05-19 15:50:00,80,15,False
2016-05-19 16:00:00,100,16,False
2016-05-19 16:10:00,90,16,False
2016-05-19 16:20:00,90,16,False
2016-05-19 16:30:00,80,16,False
2016-05-19 16:40:00,100,16,False
2016-05-19 16:50:00,80,16,False
2016-05-19 17:00:00,70,17,False
2016-05-19 17:10:00,90,17,False
2016-05-19 17:20:00,70,17,False
2016-05-19 17:30:00,100,17,False
2016-05-19 17:40:00,400,17,True
2016-05-19 17:50:00,520,17,True
2016-05-19 18:00:00,160,18,False
2016-05-19 18:10:00,100,18,False
2016-05-19 18:20:00,210,18,True
2016-05-19 18:30:00,110,18,False
2016-05-19 18:40:00,70,18,False
2016-05-19 18:50:00,70,18,False
2016-05-19 19:00:00,70,19,False
2016-05-19 19:10:00,100,19,False
2016-05-19 19:20:00,110,19,False
2016-05-19 19:30:00,100,19,False
2016-05-19 19:40:00,110,19,False
2016-05-19 19:50:00,100,19,False
2016-05-19 20:00:00,170,20,False
2016-05-19 20:10:00,110,20,False
2016-05-19 20:20:00,130,20,False
2016-05-19 20:30:00,120,20,False
2016-05-19 20:40:00,90,20,False
2016-05-19 20:50:00,90,20,False
2016-05-19 21:00:00,70,21,False
2016-05-19 21:10:00,80,21,False
2016-05-19 21:20:00,70,21,False
2016-05-19 21:30:00,60,21,False
2016-05-19 21:40:00,60,21,False
2016-05-19 21:50:00,60,21,False
2016-05-19 22:00:00,50,22,False
2016-05-19 22:10:00,50,22,False
2016-05-19 22:20:00,50,22,False
2016-05-19 22:30:00,50,22,False
2016-05-19 22:40:00,50,22,False
2016-05-19 22:50:00,50,22,False
2016-05-19 23:00:00,60,23,False
2016-05-19 23:10:00,50,23,False
2016-05-19 23:20:00,60,23,False
2016-05-19 23:30:00,60,23,False
2016-05-19 23:40:00,50,23,False
2016-05-19 23:50:00,60,23,False
2016-05-20 00:00:00,40,0,False
2016-05-20 00:10:00,50,0,False
2016-05-20 00:20:00,50,0,False
2016-05-20 00:30:00,60,0,False
2016-05-20 00:40:00,40,0,False
2016-05-20 00:50:00,70,0,False
2016-05-20 01:00:00,50,1,False
2016-05-20 01:10:00,50,1,False
2016-05-20 01:20:00,60,1,False
2016-05-20 01:30:00,50,1,False
2016-05-20 01:40:00,60,1,False
2016-05-20 01:50:00,40,1,False
2016-05-20 02:00:00,50,2,False
2016-05-20 02:10:00,40,2,False
2016-05-20 02:20:00,30,2,False
2016-05-20 02:30:00,20,2,False
2016-05-20 02:40:00,30,2,False
2016-05-20 02:50:00,50,2,False
2016-05-20 03:00:00,70,3,False
2016-05-20 03:10:00,60,3,False
2016-05-20 03:20:00,50,3,False
2016-05-20 03:30:00,60,3,False
2016-05-20 03:40:00,60,3,False
2016-05-20 03:50:00,50,3,False
2016-05-20 04:00:00,50,4,False
2016-05-20 04:10:00,50,4,False
2016-05-20 04:20:00,50,4,False
2016-05-20 04:30:00,50,4,False
2016-05-20 04:40:00,50,4,False
2016-05-20 04:50:00,60,4,False
2016-05-20 05:00:00,80,5,False
2016-05-20 05:10:00,80,5,False
2016-05-20 05:20:00,50,5,False
2016-05-20 05:30:00,60,5,False
2016-05-20 05:40:00,60,5,False
2016-05-20 05:50:00,40,5,False
2016-05-20 06:00:00,60,6,False
2016-05-20 06:10:00,50,6,False
2016-05-20 06:20:00,50,6,False
2016-05-20 06:30:00,60,6,False
2016-05-20 06:40:00,90,6,False
2016-05-20 06:50:00,90,6,False
2016-05-20 07:00:00,80,7,False
2016-05-20 07:10:00,90,7,False
2016-05-20 07:20:00,80,7,False
2016-05-20 07:30:00,70,7,False
2016-05-20 07:40:00,80,7,False
2016-05-20 07:50:00,80,7,False
2016-05-20 08:00:00,110,8,False
2016-05-20 08:10:00,130,8,False
2016-05-20 08:20:00,170,8,False
2016-05-20 08:30:00,130,8,False
2016-05-20 08:40:00,130,8,False
2016-05-20 08:50:00,90,8,False
2016-05-20 09:00:00,70,9,False
2016-05-20 09:10:00,60,9,False
2016-05-20 09:20:00,90,9,False
2016-05-20 09:30:00,80,9,False
2016-05-20 09:40:00,80,9,False
2016-05-20 09:50:00,60,9,False
2016-05-20 10:00:00,100,10,False
2016-05-20 10:10:00,80,10,False
2016-05-20 10:20:00,70,10,False
2016-05-20 10:30:00,90,10,False
2016-05-20 10:40:00,70,10,False
2016-05-20 10:50:00,80,10,False
2016-05-20 11:00:00,70,11,False
2016-05-20 11:10:00,80,11,False
2016-05-20 11:20:00,60,11,False
2016-05-20 11:30:00,60,11,False
2016-05-20 11:40:00,120,11,False
2016-05-20 11:50:00,50,11,False
2016-05-20 12:00:00,70,12,False
2016-05-20 12:10:00,60,12,False
2016-05-20 12:20:00,90,12,False
2016-05-20 12:30:00,70,12,False
2016-05-20 12:40:00,70,12,False
2016-05-20 12:50:00,70,12,False
2016-05-20 13:00:00,70,13,False
2016-05-20 13:10:00,60,13,False
2016-05-20 13:20:00,70,13,False
2016-05-20 13:30:00,60,13,False
2016-05-20 13:40:00,50,13,False
2016-05-20 13:50:00,60,13,False
2016-05-20 14:00:00,60,14,False
2016-05-20 14:10:00,70,14,False
2016-05-20 14:20:00,60,14,False
2016-05-20 14:30:00,60,14,False
2016-05-20 14:40:00,50,14,False
2016-05-20 14:50:00,60,14,False
2016-05-20 15:00:00,50,15,False
2016-05-20 15:10:00,40,15,False
2016-05-20 15:20:00,50,15,False
2016-05-20 15:30:00,50,15,False
2016-05-20 15:40:00,50,15,False
2016-05-20 15:50:00,40,15,False
2016-05-20 16:00:00,30,16,False
2016-05-20 16:10:00,40,16,False
2016-05-20 16:20:00,30,16,False
2016-05-20 16:30:00,60,16,False
2016-05-20 16:40:00,60,16,False
2016-05-20 16:50:00,70,16,False
2016-05-20 17:00:00,90,17,False
2016-05-20 17:10:00,60,17,False
2016-05-20 17:20:00,80,17,False
2016-05-20 17:30:00,70,17,False
2016-05-20 17:40:00,80,17,False
2016-05-20 17:50:00,70,17,False
2016-05-20 18:00:00,90,18,False
2016-05-20 18:10:00,80,18,False
2016-05-20 18:20:00,80,18,False
2016-05-20 18:30:00,70,18,False
2016-05-20 18:40:00,70,18,False
2016-05-20 18:50:00,80,18,False
2016-05-20 19:00:00,70,19,False
2016-05-20 19:10:00,60,19,False
2016-05-20 19:20:00,60,19,False
2016-05-20 19:30:00,70,19,False
2016-05-20 19:40:00,60,19,False
2016-05-20 19:50:00,70,19,False
2016-05-20 20:00:00,70,20,False
2016-05-20 20:10:00,70,20,False
2016-05-20 20:20:00,70,20,False
2016-05-20 20:30:00,70,20,False
2016-05-20 20:40:00,80,20,False
2016-05-20 20:50:00,60,20,False
2016-05-20 21:00:00,70,21,False
2016-05-20 21:10:00,60,21,False
2016-05-20 21:20:00,80,21,False
2016-05-20 21:30:00,70,21,False
2016-05-20 21:40:00,50,21,False
2016-05-20 21:50:00,60,21,False
2016-05-20 22:00:00,40,22,False
2016-05-20 22:10:00,60,22,False
2016-05-20 22:20:00,50,22,False
2016-05-20 22:30:00,60,22,False
2016-05-20 22:40:00,60,22,False
2016-05-20 22:50:00,50,22,False
2016-05-20 23:00:00,50,23,False
2016-05-20 23:10:00,50,23,False
2016-05-20 23:20:00,50,23,False
2016-05-20 23:30:00,50,23,False
2016-05-20 23:40:00,40,23,False
2016-05-20 23:50:00,30,23,False
2016-05-21 00:00:00,40,0,False
2016-05-21 00:10:00,40,0,False
2016-05-21 00:20:00,40,0,False
2016-05-21 00:30:00,60,0,False
2016-05-21 00:40:00,60,0,False
2016-05-21 00:50:00,50,0,False
2016-05-21 01:00:00,60,1,False
2016-05-21 01:10:00,50,1,False
2016-05-21 01:20:00,50,1,False
2016-05-21 01:30:00,50,1,False
2016-05-21 01:40:00,50,1,False
2016-05-21 01:50:00,50,1,False
2016-05-21 02:00:00,60,2,False
2016-05-21 02:10:00,50,2,False
2016-05-21 02:20:00,60,2,False
2016-05-21 02:30:00,50,2,False
2016-05-21 02:40:00,60,2,False
2016-05-21 02:50:00,60,2,False
2016-05-21 03:00:00,40,3,False
2016-05-21 03:10:00,50,3,False
2016-05-21 03:20:00,50,3,False
2016-05-21 03:30:00,40,3,False
2016-05-21 03:40:00,60,3,False
2016-05-21 03:50:00,50,3,False
2016-05-21 04:00:00,60,4,False
2016-05-21 04:10:00,60,4,False
2016-05-21 04:20:00,60,4,False
2016-05-21 04:30:00,50,4,False
2016-05-21 04:40:00,60,4,False
2016-05-21 04:50:00,50,4,False
2016-05-21 05:00:00,70,5,False
2016-05-21 05:10:00,40,5,False
2016-05-21 05:20:00,50,5,False
2016-05-21 05:30:00,50,5,False
2016-05-21 05:40:00,50,5,False
2016-05-21 05:50:00,50,5,False
2016-05-21 06:00:00,50,6,False
2016-05-21 06:10:00,60,6,False
2016-05-21 06:20:00,60,6,False
2016-05-21 06:30:00,50,6,False
2016-05-21 06:40:00,60,6,False
2016-05-21 06:50:00,80,6,False
2016-05-21 07:00:00,80,7,False
2016-05-21 07:10:00,50,7,False
2016-05-21 07:20:00,50,7,False
2016-05-21 07:30:00,60,7,False
2016-05-21 07:40:00,50,7,False
2016-05-21 07:50:00,50,7,False
2016-05-21 08:00:00,80,8,False
2016-05-21 08:10:00,330,8,True
2016-05-21 08:20:00,280,8,True
2016-05-21 08:30:00,130,8,False
2016-05-21 08:40:00,330,8,True
2016-05-21 08:50:00,100,8,False
2016-05-21 09:00:00,100,9,False
2016-05-21 09:10:00,80,9,False
2016-05-21 09:20:00,90,9,False
2016-05-21 09:30:00,390,9,True
2016-05-21 09:40:00,790,9,True
2016-05-21 09:50:00,410,9,True
2016-05-21 10:00:00,270,10,True
2016-05-21 10:10:00,340,10,True
2016-05-21 10:20:00,270,10,True
2016-05-21 10:30:00,340,10,True
2016-05-21 10:40:00,610,10,True
2016-05-21 10:50:00,470,10,True
2016-05-21 11:00:00,110,11,False
2016-05-21 11:10:00,590,11,True
2016-05-21 11:20:00,720,11,True
2016-05-21 11:30:00,600,11,True
2016-05-21 11:40:00,260,11,True
2016-05-21 11:50:00,310,11,True
2016-05-21 12:00:00,270,12,True
2016-05-21 12:10:00,250,12,True
2016-05-21 12:20:00,270,12,True
2016-05-21 12:30:00,230,12,True
2016-05-21 12:40:00,200,12,True
2016-05-21 12:50:00,150,12,False
2016-05-21 13:00:00,80,13,False
2016-05-21 13:10:00,550,13,True
2016-05-21 13:20:00,620,13,True
2016-05-21 13:30:00,250,13,True
2016-05-21 13:40:00,300,13,True
2016-05-21 13:50:00,260,13,True
2016-05-21 14:00:00,220,14,True
2016-05-21 14:10:00,270,14,True
2016-05-21 14:20:00,220,14,True
2016-05-21 14:30:00,110,14,False
2016-05-21 14:40:00,480,14,True
2016-05-21 14:50:00,520,14,True
2016-05-21 15:00:00,380,15,True
2016-05-21 15:10:00,550,15,True
2016-05-21 15:20:00,540,15,True
2016-05-21 15:30:00,340,15,True
2016-05-21 15:40:00,220,15,True
2016-05-21 15:50:00,140,15,False
2016-05-21 16:00:00,110,16,False
2016-05-21 16:10:00,90,16,False
2016-05-21 16:20:00,110,16,False
2016-05-21 16:30:00,100,16,False
2016-05-21 16:40:00,90,16,False
2016-05-21 16:50:00,100,16,False
2016-05-21 17:00:00,120,17,False
2016-05-21 17:10:00,110,17,False
2016-05-21 17:20:00,90,17,False
2016-05-21 17:30:00,80,17,False
2016-05-21 17:40:00,90,17,False
2016-05-21 17:50:00,80,17,False
2016-05-21 18:00:00,150,18,False
2016-05-21 18:10:00,130,18,False
2016-05-21 18:20:00,120,18,False
2016-05-21 18:30:00,120,18,False
2016-05-21 18:40:00,120,18,False
2016-05-21 18:50:00,110,18,False
2016-05-21 19:00:00,110,19,False
2016-05-21 19:10:00,110,19,False
2016-05-21 19:20:00,110,19,False
2016-05-21 19:30:00,110,19,False
2016-05-21 19:40:00,110,19,False
2016-05-21 19:50:00,100,19,False
2016-05-21 20:00:00,110,20,False
2016-05-21 20:10:00,100,20,False
2016-05-21 20:20:00,100,20,False
2016-05-21 20:30:00,100,20,False
2016-05-21 20:40:00,70,20,False
2016-05-21 20:50:00,90,20,False
2016-05-21 21:00:00,100,21,False
2016-05-21 21:10:00,110,21,False
2016-05-21 21:20:00,340,21,True
2016-05-21 21:30:00,90,21,False
2016-05-21 21:40:00,90,21,False
2016-05-21 21:50:00,80,21,False
2016-05-21 22:00:00,90,22,False
2016-05-21 22:10:00,60,22,False
2016-05-21 22:20:00,80,22,False
2016-05-21 22:30:00,70,22,False
2016-05-21 22:40:00,70,22,False
2016-05-21 22:50:00,70,22,False
2016-05-21 23:00:00,70,23,False
2016-05-21 23:10:00,160,23,False
2016-05-21 23:20:00,410,23,True
2016-05-21 23:30:00,140,23,False
2016-05-21 23:40:00,60,23,False
2016-05-21 23:50:00,50,23,False
2016-05-22 00:00:00,60,0,False
2016-05-22 00:10:00,60,0,False
2016-05-22 00:20:00,60,0,False
2016-05-22 00:30:00,60,0,False
2016-05-22 00:40:00,60,0,False
2016-05-22 00:50:00,60,0,False
2016-05-22 01:00:00,50,1,False
2016-05-22 01:10:00,60,1,False
2016-05-22 01:20:00,60,1,False
2016-05-22 01:30:00,50,1,False
2016-05-22 01:40:00,60,1,False
2016-05-22 01:50:00,60,1,False
2016-05-22 02:00:00,50,2,False
2016-05-22 02:10:00,50,2,False
2016-05-22 02:20:00,50,2,False
2016-05-22 02:30:00,50,2,False
2016-05-22 02:40:00,50,2,False
2016-05-22 02:50:00,60,2,False
2016-05-22 03:00:00,50,3,False
2016-05-22 03:10:00,50,3,False
2016-05-22 03:20:00,60,3,False
2016-05-22 03:30:00,50,3,False
2016-05-22 03:40:00,60,3,False
2016-05-22 03:50:00,50,3,False
2016-05-22 04:00:00,60,4,False
2016-05-22 04:10:00,50,4,False
2016-05-22 04:20:00,60,4,False
2016-05-22 04:30:00,50,4,False
2016-05-22 04:40:00,60,4,False
2016-05-22 04:50:00,50,4,False
2016-05-22 05:00:00,60,5,False
2016-05-22 05:10:00,50,5,False
2016-05-22 05:20:00,50,5,False
2016-05-22 05:30:00,40,5,False
2016-05-22 05:40:00,50,5,False
2016-05-22 05:50:00,50,5,False
2016-05-22 06:00:00,50,6,False
2016-05-22 06:10:00,50,6,False
2016-05-22 06:20:00,60,6,False
2016-05-22 06:30:00,70,6,False
2016-05-22 06:40:00,60,6,False
2016-05-22 06:50:00,60,6,False
2016-05-22 07:00:00,60,7,False
2016-05-22 07:10:00,60,7,False
2016-05-22 07:20:00,60,7,False
2016-05-22 07:30:00,70,7,False
2016-05-22 07:40:00,70,7,False
2016-05-22 07:50:00,60,7,False
2016-05-22 08:00:00,60,8,False
2016-05-22 08:10:00,50,8,False
2016-05-22 08:20:00,60,8,False
2016-05-22 08:30:00,220,8,True
2016-05-22 08:40:00,490,8,True
2016-05-22 08:50:00,260,8,True
2016-05-22 09:00:00,120,9,False
2016-05-22 09:10:00,120,9,False
2016-05-22 09:20:00,100,9,False
2016-05-22 09:30:00,130,9,False
2016-05-22 09:40:00,100,9,False
2016-05-22 09:50:00,110,9,False
2016-05-22 10:00:00,80,10,False
2016-05-22 10:10:00,90,10,False
2016-05-22 10:20:00,80,10,False
2016-05-22 10:30:00,150,10,False
2016-05-22 10:40:00,490,10,True
2016-05-22 10:50:00,320,10,True
2016-05-22 11:00:00,360,11,True
2016-05-22 11:10:00,470,11,True
2016-05-22 11:20:00,410,11,True
2016-05-22 11:30:00,290,11,True
2016-05-22 11:40:00,280,11,True
2016-05-22 11:50:00,250,11,True
2016-05-22 12:00:00,190,12,True
2016-05-22 12:10:00,130,12,False
2016-05-22 12:20:00,110,12,False
2016-05-22 12:30:00,110,12,False
2016-05-22 12:40:00,120,12,False
2016-05-22 12:50:00,100,12,False
2016-05-22 13:00:00,100,13,False
2016-05-22 13:10:00,100,13,False
2016-05-22 13:20:00,110,13,False
2016-05-22 13:30:00,110,13,False
2016-05-22 13:40:00,100,13,False
2016-05-22 13:50:00,100,13,False
2016-05-22 14:00:00,110,14,False
2016-05-22 14:10:00,110,14,False
2016-05-22 14:20:00,110,14,False
2016-05-22 14:30:00,110,14,False
2016-05-22 14:40:00,100,14,False
2016-05-22 14:50:00,100,14,False
2016-05-22 15:00:00,90,15,False
2016-05-22 15:10:00,100,15,False
2016-05-22 15:20:00,100,15,False
2016-05-22 15:30:00,110,15,False
2016-05-22 15:40:00,90,15,False
2016-05-22 15:50:00,90,15,False
2016-05-22 16:00:00,90,16,False
2016-05-22 16:10:00,80,16,False
2016-05-22 16:20:00,100,16,False
2016-05-22 16:30:00,90,16,False
2016-05-22 16:40:00,90,16,False
2016-05-22 16:50:00,80,16,False
2016-05-22 17:00:00,210,17,True
2016-05-22 17:10:00,440,17,True
2016-05-22 17:20:00,340,17,True
2016-05-22 17:30:00,240,17,True
2016-05-22 17:40:00,200,17,True
2016-05-22 17:50:00,160,17,False
2016-05-22 18:00:00,130,18,False
2016-05-22 18:10:00,110,18,False
2016-05-22 18:20:00,120,18,False
2016-05-22 18:30:00,110,18,False
2016-05-22 18:40:00,120,18,False
2016-05-22 18:50:00,130,18,False
2016-05-22 19:00:00,110,19,False
2016-05-22 19:10:00,110,19,False
2016-05-22 19:20:00,110,19,False
2016-05-22 19:30:00,90,19,False
2016-05-22 19:40:00,80,19,False
2016-05-22 19:50:00,80,19,False
2016-05-22 20:00:00,90,20,False
2016-05-22 20:10:00,120,20,False
2016-05-22 20:20:00,120,20,False
2016-05-22 20:30:00,130,20,False
2016-05-22 20:40:00,120,20,False
2016-05-22 20:50:00,120,20,False
2016-05-22 21:00:00,90,21,False
2016-05-22 21:10:00,100,21,False
2016-05-22 21:20:00,100,21,False
2016-05-22 21:30:00,90,21,False
2016-05-22 21:40:00,80,21,False
2016-05-22 21:50:00,70,21,False
2016-05-22 22:00:00,80,22,False
2016-05-22 22:10:00,60,22,False
2016-05-22 22:20:00,80,22,False
2016-05-22 22:30:00,100,22,False
2016-05-22 22:40:00,80,22,False
2016-05-22 22:50:00,70,22,False
2016-05-22 23:00:00,60,23,False
2016-05-22 23:10:00,60,23,False
2016-05-22 23:20:00,60,23,False
2016-05-22 23:30:00,60,23,False
2016-05-22 23:40:00,60,23,False
2016-05-22 23:50:00,60,23,False
2016-05-23 00:00:00,60,0,False
2016-05-23 00:10:00,60,0,False
2016-05-23 00:20:00,60,0,False
2016-05-23 00:30:00,60,0,False
2016-05-23 00:40:00,60,0,False
2016-05-23 00:50:00,50,0,False
2016-05-23 01:00:00,50,1,False
2016-05-23 01:10:00,50,1,False
2016-05-23 01:20:00,50,1,False
2016-05-23 01:30:00,50,1,False
2016-05-23 01:40:00,50,1,False
2016-05-23 01:50:00,60,1,False
2016-05-23 02:00:00,50,2,False
2016-05-23 02:10:00,60,2,False
2016-05-23 02:20:00,60,2,False
2016-05-23 02:30:00,60,2,False
2016-05-23 02:40:00,60,2,False
2016-05-23 02:50:00,60,2,False
2016-05-23 03:00:00,50,3,False
2016-05-23 03:10:00,60,3,False
2016-05-23 03:20:00,50,3,False
2016-05-23 03:30:00,50,3,False
2016-05-23 03:40:00,50,3,False
2016-05-23 03:50:00,50,3,False
2016-05-23 04:00:00,50,4,False
2016-05-23 04:10:00,50,4,False
2016-05-23 04:20:00,40,4,False
2016-05-23 04:30:00,50,4,False
2016-05-23 04:40:00,50,4,False
2016-05-23 04:50:00,60,4,False
2016-05-23 05:00:00,90,5,False
2016-05-23 05:10:00,60,5,False
2016-05-23 05:20:00,70,5,False
2016-05-23 05:30:00,70,5,False
2016-05-23 05:40:00,50,5,False
2016-05-23 05:50:00,60,5,False
2016-05-23 06:00:00,60,6,False
2016-05-23 06:10:00,60,6,False
2016-05-23 06:20:00,50,6,False
2016-05-23 06:30:00,80,6,False
2016-05-23 06:40:00,50,6,False
2016-05-23 06:50:00,60,6,False
2016-05-23 07:00:00,60,7,False
2016-05-23 07:10:00,50,7,False
2016-05-23 07:20:00,70,7,False
2016-05-23 07:30:00,50,7,False
2016-05-23 07:40:00,60,7,False
2016-05-23 07:50:00,50,7,False
2016-05-23 08:00:00,50,8,False
2016-05-23 08:10:00,50,8,False
2016-05-23 08:20:00,50,8,False
2016-05-23 08:30:00,50,8,False
2016-05-23 08:40:00,60,8,False
2016-05-23 08:50:00,50,8,False
2016-05-23 09:00:00,60,9,False
2016-05-23 09:10:00,50,9,False
2016-05-23 09:20:00,60,9,False
2016-05-23 09:30:00,50,9,False
2016-05-23 09:40:00,60,9,False
2016-05-23 09:50:00,50,9,False
2016-05-23 10:00:00,50,10,False
2016-05-23 10:10:00,50,10,False
2016-05-23 10:20:00,40,10,False
2016-05-23 10:30:00,60,10,False
2016-05-23 10:40:00,50,10,False
2016-05-23 10:50:00,60,10,False
2016-05-23 11:00:00,50,11,False
2016-05-23 11:10:00,60,11,False
2016-05-23 11:20:00,50,11,False
2016-05-23 11:30:00,60,11,False
2016-05-23 11:40:00,60,11,False
2016-05-23 11:50:00,60,11,False
2016-05-23 12:00:00,40,12,False
2016-05-23 12:10:00,50,12,False
2016-05-23 12:20:00,60,12,False
2016-05-23 12:30:00,60,12,False
2016-05-23 12:40:00,80,12,False
2016-05-23 12:50:00,80,12,False
2016-05-23 13:00:00,50,13,False
2016-05-23 13:10:00,60,13,False
2016-05-23 13:20:00,60,13,False
2016-05-23 13:30:00,50,13,False
2016-05-23 13:40:00,60,13,False
2016-05-23 13:50:00,60,13,False
2016-05-23 14:00:00,60,14,False
2016-05-23 14:10:00,50,14,False
2016-05-23 14:20:00,60,14,False
2016-05-23 14:30:00,40,14,False
2016-05-23 14:40:00,70,14,False
2016-05-23 14:50:00,70,14,False
2016-05-23 15:00:00,70,15,False
2016-05-23 15:10:00,70,15,False
2016-05-23 15:20:00,80,15,False
2016-05-23 15:30:00,60,15,False
2016-05-23 15:40:00,90,15,False
2016-05-23 15:50:00,70,15,False
2016-05-23 16:00:00,70,16,False
2016-05-23 16:10:00,60,16,False
2016-05-23 16:20:00,70,16,False
2016-05-23 16:30:00,100,16,False
2016-05-23 16:40:00,290,16,True
2016-05-23 16:50:00,350,16,True
2016-05-23 17:00:00,270,17,True
2016-05-23 17:10:00,230,17,True
2016-05-23 17:20:00,240,17,True
2016-05-23 17:30:00,590,17,True
2016-05-23 17:40:00,490,17,True
2016-05-23 17:50:00,460,17,True
2016-05-23 18:00:00,160,18,False
2016-05-23 18:10:00,120,18,False
2016-05-23 18:20:00,110,18,False
2016-05-23 18:30:00,120,18,False
2016-05-23 18:40:00,120,18,False
2016-05-23 18:50:00,110,18,False
2016-05-23 19:00:00,170,19,False
2016-05-23 19:10:00,110,19,False
2016-05-23 19:20:00,110,19,False
2016-05-23 19:30:00,110,19,False
2016-05-23 19:40:00,110,19,False
2016-05-23 19:50:00,110,19,False
2016-05-23 20:00:00,110,20,False
2016-05-23 20:10:00,110,20,False
2016-05-23 20:20:00,100,20,False
2016-05-23 20:30:00,110,20,False
2016-05-23 20:40:00,100,20,False
2016-05-23 20:50:00,100,20,False
2016-05-23 21:00:00,80,21,False
2016-05-23 21:10:00,70,21,False
2016-05-23 21:20:00,70,21,False
2016-05-23 21:30:00,60,21,False
2016-05-23 21:40:00,70,21,False
2016-05-23 21:50:00,60,21,False
2016-05-23 22:00:00,60,22,False
2016-05-23 22:10:00,70,22,False
2016-05-23 22:20:00,70,22,False
2016-05-23 22:30:00,70,22,False
2016-05-23 22:40:00,60,22,False
2016-05-23 22:50:00,50,22,False
2016-05-23 23:00:00,70,23,False
2016-05-23 23:10:00,50,23,False
2016-05-23 23:20:00,60,23,False
2016-05-23 23:30:00,60,23,False
2016-05-23 23:40:00,50,23,False
2016-05-23 23:50:00,60,23,False
2016-05-24 00:00:00,60,0,False
2016-05-24 00:10:00,50,0,False
2016-05-24 00:20:00,40,0,False
2016-05-24 00:30:00,50,0,False
2016-05-24 00:40:00,50,0,False
2016-05-24 00:50:00,50,0,False
2016-05-24 01:00:00,50,1,False
2016-05-24 01:10:00,60,1,False
2016-05-24 01:20:00,60,1,False
2016-05-24 01:30:00,60,1,False
2016-05-24 01:40:00,60,1,False
2016-05-24 01:50:00,50,1,False
2016-05-24 02:00:00,60,2,False
2016-05-24 02:10:00,50,2,False
2016-05-24 02:20:00,60,2,False
2016-05-24 02:30:00,50,2,False
2016-05-24 02:40:00,60,2,False
2016-05-24 02:50:00,50,2,False
2016-05-24 03:00:00,50,3,False
2016-05-24 03:10:00,50,3,False
2016-05-24 03:20:00,50,3,False
2016-05-24 03:30:00,50,3,False
2016-05-24 03:40:00,60,3,False
2016-05-24 03:50:00,60,3,False
2016-05-24 04:00:00,50,4,False
2016-05-24 04:10:00,50,4,False
2016-05-24 04:20:00,50,4,False
2016-05-24 04:30:00,60,4,False
2016-05-24 04:40:00,60,4,False
2016-05-24 04:50:00,50,4,False
2016-05-24 05:00:00,90,5,False
2016-05-24 05:10:00,50,5,False
2016-05-24 05:20:00,40,5,False
2016-05-24 05:30:00,60,5,False
2016-05-24 05:40:00,340,5,True
2016-05-24 05:50:00,60,5,False
2016-05-24 06:00:00,70,6,False
2016-05-24 06:10:00,70,6,False
2016-05-24 06:20:00,70,6,False
2016-05-24 06:30:00,70,6,False
2016-05-24 06:40:00,80,6,False
2016-05-24 06:50:00,70,6,False
2016-05-24 07:00:00,90,7,False
2016-05-24 07:10:00,70,7,False
2016-05-24 07:20:00,80,7,False
2016-05-24 07:30:00,120,7,False
2016-05-24 07:40:00,400,7,True
2016-05-24 07:50:00,210,7,True
2016-05-24 08:00:00,60,8,False
2016-05-24 08:10:00,60,8,False
2016-05-24 08:20:00,60,8,False
2016-05-24 08:30:00,50,8,False
2016-05-24 08:40:00,60,8,False
2016-05-24 08:50:00,50,8,False
2016-05-24 09:00:00,30,9,False
2016-05-24 09:10:00,30,9,False
2016-05-24 09:20:00,30,9,False
2016-05-24 09:30:00,30,9,False
2016-05-24 09:40:00,60,9,False
2016-05-24 09:50:00,50,9,False
2016-05-24 10:00:00,60,10,False
2016-05-24 10:10:00,60,10,False
2016-05-24 10:20:00,60,10,False
2016-05-24 10:30:00,60,10,False
2016-05-24 10:40:00,70,10,False
2016-05-24 10:50:00,90,10,False
2016-05-24 11:00:00,90,11,False
2016-05-24 11:10:00,100,11,False
2016-05-24 11:20:00,110,11,False
2016-05-24 11:30:00,100,11,False
2016-05-24 11:40:00,110,11,False
2016-05-24 11:50:00,100,11,False
2016-05-24 12:00:00,170,12,False
2016-05-24 12:10:00,180,12,True
2016-05-24 12:20:00,110,12,False
2016-05-24 12:30:00,100,12,False
2016-05-24 12:40:00,110,12,False
2016-05-24 12:50:00,100,12,False
2016-05-24 13:00:00,110,13,False
2016-05-24 13:10:00,100,13,False
2016-05-24 13:20:00,110,13,False
2016-05-24 13:30:00,110,13,False
2016-05-24 13:40:00,140,13,False
2016-05-24 13:50:00,140,13,False
2016-05-24 14:00:00,150,14,False
2016-05-24 14:10:00,150,14,False
2016-05-24 14:20:00,150,14,False
2016-05-24 14:30:00,150,14,False
2016-05-24 14:40:00,150,14,False
2016-05-24 14:50:00,150,14,False
2016-05-24 15:00:00,160,15,False
2016-05-24 15:10:00,140,15,False
2016-05-24 15:20:00,140,15,False
2016-05-24 15:30:00,140,15,False
2016-05-24 15:40:00,140,15,False
2016-05-24 15:50:00,130,15,False
2016-05-24 16:00:00,140,16,False
2016-05-24 16:10:00,140,16,False
2016-05-24 16:20:00,140,16,False
2016-05-24 16:30:00,150,16,False
2016-05-24 16:40:00,140,16,False
2016-05-24 16:50:00,140,16,False
2016-05-24 17:00:00,150,17,False
2016-05-24 17:10:00,150,17,False
2016-05-24 17:20:00,150,17,False
2016-05-24 17:30:00,130,17,False
2016-05-24 17:40:00,160,17,False
2016-05-24 17:50:00,480,17,True
2016-05-24 18:00:00,260,18,True
2016-05-24 18:10:00,100,18,False
2016-05-24 18:20:00,110,18,False
2016-05-24 18:30:00,110,18,False
2016-05-24 18:40:00,120,18,False
2016-05-24 18:50:00,120,18,False
2016-05-24 19:00:00,110,19,False
2016-05-24 19:10:00,160,19,False
2016-05-24 19:20:00,110,19,False
2016-05-24 19:30:00,110,19,False
2016-05-24 19:40:00,120,19,False
2016-05-24 19:50:00,130,19,False
2016-05-24 20:00:00,120,20,False
2016-05-24 20:10:00,100,20,False
2016-05-24 20:20:00,90,20,False
2016-05-24 20:30:00,110,20,False
2016-05-24 20:40:00,80,20,False
2016-05-24 20:50:00,80,20,False
2016-05-24 21:00:00,80,21,False
2016-05-24 21:10:00,90,21,False
2016-05-24 21:20:00,80,21,False
2016-05-24 21:30:00,70,21,False
2016-05-24 21:40:00,60,21,False
2016-05-24 21:50:00,80,21,False
2016-05-24 22:00:00,60,22,False
2016-05-24 22:10:00,70,22,False
2016-05-24 22:20:00,60,22,False
2016-05-24 22:30:00,60,22,False
2016-05-24 22:40:00,70,22,False
2016-05-24 22:50:00,50,22,False
2016-05-24 23:00:00,70,23,False
2016-05-24 23:10:00,50,23,False
2016-05-24 23:20:00,60,23,False
2016-05-24 23:30:00,60,23,False
2016-05-24 23:40:00,50,23,False
2016-05-24 23:50:00,60,23,False
2016-05-25 00:00:00,60,0,False
2016-05-25 00:10:00,50,0,False
2016-05-25 00:20:00,60,0,False
2016-05-25 00:30:00,50,0,False
2016-05-25 00:40:00,50,0,False
2016-05-25 00:50:00,50,0,False
2016-05-25 01:00:00,50,1,False
2016-05-25 01:10:00,50,1,False
2016-05-25 01:20:00,50,1,False
2016-05-25 01:30:00,50,1,False
2016-05-25 01:40:00,70,1,False
2016-05-25 01:50:00,50,1,False
2016-05-25 02:00:00,60,2,False
2016-05-25 02:10:00,50,2,False
2016-05-25 02:20:00,50,2,False
2016-05-25 02:30:00,60,2,False
2016-05-25 02:40:00,60,2,False
2016-05-25 02:50:00,60,2,False
2016-05-25 03:00:00,40,3,False
2016-05-25 03:10:00,50,3,False
2016-05-25 03:20:00,50,3,False
2016-05-25 03:30:00,50,3,False
2016-05-25 03:40:00,50,3,False
2016-05-25 03:50:00,50,3,False
2016-05-25 04:00:00,50,4,False
2016-05-25 04:10:00,60,4,False
2016-05-25 04:20:00,60,4,False
2016-05-25 04:30:00,50,4,False
2016-05-25 04:40:00,50,4,False
2016-05-25 04:50:00,60,4,False
2016-05-25 05:00:00,60,5,False
2016-05-25 05:10:00,80,5,False
2016-05-25 05:20:00,50,5,False
2016-05-25 05:30:00,50,5,False
2016-05-25 05:40:00,50,5,False
2016-05-25 05:50:00,40,5,False
2016-05-25 06:00:00,30,6,False
2016-05-25 06:10:00,50,6,False
2016-05-25 06:20:00,50,6,False
2016-05-25 06:30:00,50,6,False
2016-05-25 06:40:00,80,6,False
2016-05-25 06:50:00,70,6,False
2016-05-25 07:00:00,70,7,False
2016-05-25 07:10:00,90,7,False
2016-05-25 07:20:00,50,7,False
2016-05-25 07:30:00,60,7,False
2016-05-25 07:40:00,60,7,False
2016-05-25 07:50:00,60,7,False
2016-05-25 08:00:00,70,8,False
2016-05-25 08:10:00,110,8,False
2016-05-25 08:20:00,60,8,False
2016-05-25 08:30:00,110,8,False
2016-05-25 08:40:00,70,8,False
2016-05-25 08:50:00,80,8,False
2016-05-25 09:00:00,100,9,False
2016-05-25 09:10:00,110,9,False
2016-05-25 09:20:00,70,9,False
2016-05-25 09:30:00,90,9,False
2016-05-25 09:40:00,80,9,False
2016-05-25 09:50:00,90,9,False
2016-05-25 10:00:00,50,10,False
2016-05-25 10:10:00,100,10,False
2016-05-25 10:20:00,70,10,False
2016-05-25 10:30:00,120,10,False
2016-05-25 10:40:00,80,10,False
2016-05-25 10:50:00,50,10,False
2016-05-25 11:00:00,60,11,False
2016-05-25 11:10:00,50,11,False
2016-05-25 11:20:00,50,11,False
2016-05-25 11:30:00,50,11,False
2016-05-25 11:40:00,50,11,False
2016-05-25 11:50:00,40,11,False
2016-05-25 12:00:00,60,12,False
2016-05-25 12:10:00,60,12,False
2016-05-25 12:20:00,60,12,False
2016-05-25 12:30:00,50,12,False
2016-05-25 12:40:00,60,12,False
2016-05-25 12:50:00,70,12,False
2016-05-25 13:00:00,50,13,False
2016-05-25 13:10:00,70,13,False
2016-05-25 13:20:00,80,13,False
2016-05-25 13:30:00,70,13,False
2016-05-25 13:40:00,90,13,False
2016-05-25 13:50:00,70,13,False
2016-05-25 14:00:00,80,14,False
2016-05-25 14:10:00,80,14,False
2016-05-25 14:20:00,80,14,False
2016-05-25 14:30:00,80,14,False
2016-05-25 14:40:00,70,14,False
2016-05-25 14:50:00,90,14,False
2016-05-25 15:00:00,80,15,False
2016-05-25 15:10:00,90,15,False
2016-05-25 15:20:00,70,15,False
2016-05-25 15:30:00,80,15,False
2016-05-25 15:40:00,80,15,False
2016-05-25 15:50:00,80,15,False
2016-05-25 16:00:00,90,16,False
2016-05-25 16:10:00,420,16,True
2016-05-25 16:20:00,240,16,True
2016-05-25 16:30:00,270,16,True
2016-05-25 16:40:00,190,16,True
2016-05-25 16:50:00,180,16,True
2016-05-25 17:00:00,70,17,False
2016-05-25 17:10:00,80,17,False
2016-05-25 17:20:00,120,17,False
2016-05-25 17:30:00,190,17,True
2016-05-25 17:40:00,160,17,False
2016-05-25 17:50:00,90,17,False
2016-05-25 18:00:00,100,18,False
2016-05-25 18:10:00,170,18,False
2016-05-25 18:20:00,310,18,True
2016-05-25 18:30:00,120,18,False
2016-05-25 18:40:00,120,18,False
2016-05-25 18:50:00,120,18,False
2016-05-25 19:00:00,120,19,False
2016-05-25 19:10:00,120,19,False
2016-05-25 19:20:00,130,19,False
2016-05-25 19:30:00,110,19,False
2016-05-25 19:40:00,120,19,False
2016-05-25 19:50:00,110,19,False
2016-05-25 20:00:00,110,20,False
2016-05-25 20:10:00,240,20,True
2016-05-25 20:20:00,440,20,True
2016-05-25 20:30:00,160,20,False
2016-05-25 20:40:00,80,20,False
2016-05-25 20:50:00,110,20,False
2016-05-25 21:00:00,70,21,False
2016-05-25 21:10:00,70,21,False
2016-05-25 21:20:00,50,21,False
2016-05-25 21:30:00,50,21,False
2016-05-25 21:40:00,60,21,False
2016-05-25 21:50:00,40,21,False
2016-05-25 22:00:00,50,22,False
2016-05-25 22:10:00,50,22,False
2016-05-25 22:20:00,60,22,False
2016-05-25 22:30:00,50,22,False
2016-05-25 22:40:00,60,22,False
2016-05-25 22:50:00,50,22,False
2016-05-25 23:00:00,60,23,False
2016-05-25 23:10:00,50,23,False
2016-05-25 23:20:00,60,23,False
2016-05-25 23:30:00,50,23,False
2016-05-25 23:40:00,50,23,False
2016-05-25 23:50:00,50,23,False
2016-05-26 00:00:00,50,0,False
2016-05-26 00:10:00,50,0,False
2016-05-26 00:20:00,50,0,False
2016-05-26 00:30:00,60,0,False
2016-05-26 00:40:00,50,0,False
2016-05-26 00:50:00,60,0,False
2016-05-26 01:00:00,60,1,False
2016-05-26 01:10:00,60,1,False
2016-05-26 01:20:00,50,1,False
2016-05-26 01:30:00,50,1,False
2016-05-26 01:40:00,60,1,False
2016-05-26 01:50:00,50,1,False
2016-05-26 02:00:00,50,2,False
2016-05-26 02:10:00,40,2,False
2016-05-26 02:20:00,50,2,False
2016-05-26 02:30:00,50,2,False
2016-05-26 02:40:00,60,2,False
2016-05-26 02:50:00,50,2,False
2016-05-26 03:00:00,60,3,False
2016-05-26 03:10:00,50,3,False
2016-05-26 03:20:00,60,3,False
2016-05-26 03:30:00,50,3,False
2016-05-26 03:40:00,60,3,False
2016-05-26 03:50:00,60,3,False
2016-05-26 04:00:00,50,4,False
2016-05-26 04:10:00,50,4,False
2016-05-26 04:20:00,50,4,False
2016-05-26 04:30:00,50,4,False
2016-05-26 04:40:00,50,4,False
2016-05-26 04:50:00,50,4,False
2016-05-26 05:00:00,60,5,False
2016-05-26 05:10:00,50,5,False
2016-05-26 05:20:00,60,5,False
2016-05-26 05:30:00,50,5,False
2016-05-26 05:40:00,60,5,False
2016-05-26 05:50:00,60,5,False
2016-05-26 06:00:00,60,6,False
2016-05-26 06:10:00,70,6,False
2016-05-26 06:20:00,100,6,False
2016-05-26 06:30:00,40,6,False
2016-05-26 06:40:00,50,6,False
2016-05-26 06:50:00,50,6,False
2016-05-26 07:00:00,80,7,False
2016-05-26 07:10:00,50,7,False
2016-05-26 07:20:00,180,7,True
2016-05-26 07:30:00,90,7,False
2016-05-26 07:40:00,70,7,False
2016-05-26 07:50:00,130,7,False
2016-05-26 08:00:00,360,8,True
2016-05-26 08:10:00,160,8,False
2016-05-26 08:20:00,90,8,False
2016-05-26 08:30:00,90,8,False
2016-05-26 08:40:00,110,8,False
2016-05-26 08:50:00,130,8,False
2016-05-26 09:00:00,100,9,False
2016-05-26 09:10:00,110,9,False
2016-05-26 09:20:00,90,9,False
2016-05-26 09:30:00,80,9,False
2016-05-26 09:40:00,460,9,True
2016-05-26 09:50:00,820,9,True
2016-05-26 10:00:00,350,10,True
2016-05-26 10:10:00,300,10,True
2016-05-26 10:20:00,260,10,True
2016-05-26 10:30:00,290,10,True
2016-05-26 10:40:00,220,10,True
2016-05-26 10:50:00,170,10,False
2016-05-26 11:00:00,90,11,False
2016-05-26 11:10:00,80,11,False
2016-05-26 11:20:00,80,11,False
2016-05-26 11:30:00,100,11,False
2016-05-26 11:40:00,600,11,True
2016-05-26 11:50:00,510,11,True
2016-05-26 12:00:00,280,12,True
2016-05-26 12:10:00,250,12,True
2016-05-26 12:20:00,260,12,True
2016-05-26 12:30:00,250,12,True
2016-05-26 12:40:00,180,12,True
2016-05-26 12:50:00,110,12,False
2016-05-26 13:00:00,80,13,False
2016-05-26 13:10:00,70,13,False
2016-05-26 13:20:00,80,13,False
2016-05-26 13:30:00,70,13,False
2016-05-26 13:40:00,80,13,False
2016-05-26 13:50:00,70,13,False
2016-05-26 14:00:00,80,14,False
2016-05-26 14:10:00,70,14,False
2016-05-26 14:20:00,70,14,False
2016-05-26 14:30:00,70,14,False
2016-05-26 14:40:00,60,14,False
2016-05-26 14:50:00,60,14,False
2016-05-26 15:00:00,60,15,False
2016-05-26 15:10:00,60,15,False
2016-05-26 15:20:00,60,15,False
2016-05-26 15:30:00,50,15,False
2016-05-26 15:40:00,70,15,False
2016-05-26 15:50:00,70,15,False
2016-05-26 16:00:00,130,16,False
2016-05-26 16:10:00,390,16,True
2016-05-26 16:20:00,420,16,True
2016-05-26 16:30:00,710,16,True
2016-05-26 16:40:00,850,16,True
2016-05-26 16:50:00,470,16,True
2016-05-26 17:00:00,360,17,True
2016-05-26 17:10:00,620,17,True
2016-05-26 17:20:00,600,17,True
2016-05-26 17:30:00,520,17,True
2016-05-26 17:40:00,290,17,True
2016-05-26 17:50:00,250,17,True
2016-05-26 18:00:00,190,18,True
2016-05-26 18:10:00,120,18,False
2016-05-26 18:20:00,100,18,False
2016-05-26 18:30:00,320,18,True
2016-05-26 18:40:00,270,18,True
2016-05-26 18:50:00,290,18,True
2016-05-26 19:00:00,270,19,True
2016-05-26 19:10:00,260,19,True
2016-05-26 19:20:00,310,19,True
2016-05-26 19:30:00,250,19,True
2016-05-26 19:40:00,130,19,False
2016-05-26 19:50:00,120,19,False
2016-05-26 20:00:00,100,20,False
2016-05-26 20:10:00,90,20,False
2016-05-26 20:20:00,100,20,False
2016-05-26 20:30:00,80,20,False
2016-05-26 20:40:00,90,20,False
2016-05-26 20:50:00,90,20,False
2016-05-26 21:00:00,100,21,False
2016-05-26 21:10:00,80,21,False
2016-05-26 21:20:00,60,21,False
2016-05-26 21:30:00,80,21,False
2016-05-26 21:40:00,60,21,False
2016-05-26 21:50:00,80,21,False
2016-05-26 22:00:00,70,22,False
2016-05-26 22:10:00,80,22,False
2016-05-26 22:20:00,70,22,False
2016-05-26 22:30:00,70,22,False
2016-05-26 22:40:00,60,22,False
2016-05-26 22:50:00,70,22,False
2016-05-26 23:00:00,60,23,False
2016-05-26 23:10:00,70,23,False
2016-05-26 23:20:00,60,23,False
2016-05-26 23:30:00,70,23,False
2016-05-26 23:40:00,70,23,False
2016-05-26 23:50:00,60,23,False
2016-05-27 00:00:00,60,0,False
2016-05-27 00:10:00,70,0,False
2016-05-27 00:20:00,50,0,False
2016-05-27 00:30:00,60,0,False
2016-05-27 00:40:00,60,0,False
2016-05-27 00:50:00,60,0,False
2016-05-27 01:00:00,60,1,False
2016-05-27 01:10:00,60,1,False
2016-05-27 01:20:00,50,1,False
2016-05-27 01:30:00,60,1,False
2016-05-27 01:40:00,60,1,False
2016-05-27 01:50:00,60,1,False
2016-05-27 02:00:00,40,2,False
2016-05-27 02:10:00,60,2,False
2016-05-27 02:20:00,40,2,False
2016-05-27 02:30:00,60,2,False
2016-05-27 02:40:00,50,2,False
2016-05-27 02:50:00,50,2,False
2016-05-27 03:00:00,60,3,False
2016-05-27 03:10:00,60,3,False
2016-05-27 03:20:00,60,3,False
2016-05-27 03:30:00,60,3,False
2016-05-27 03:40:00,50,3,False
2016-05-27 03:50:00,60,3,False
2016-05-27 04:00:00,60,4,False
2016-05-27 04:10:00,60,4,False
2016-05-27 04:20:00,60,4,False
2016-05-27 04:30:00,50,4,False
2016-05-27 04:40:00,60,4,False
2016-05-27 04:50:00,60,4,False
2016-05-27 05:00:00,60,5,False
2016-05-27 05:10:00,60,5,False
2016-05-27 05:20:00,60,5,False
2016-05-27 05:30:00,60,5,False
2016-05-27 05:40:00,50,5,False
2016-05-27 05:50:00,60,5,False
2016-05-27 06:00:00,50,6,False
2016-05-27 06:10:00,110,6,False
2016-05-27 06:20:00,70,6,False
2016-05-27 06:30:00,50,6,False
2016-05-27 06:40:00,50,6,False
2016-05-27 06:50:00,50,6,False
2016-05-27 07:00:00,50,7,False
2016-05-27 07:10:00,60,7,False
2016-05-27 07:20:00,60,7,False
2016-05-27 07:30:00,190,7,True
2016-05-27 07:40:00,130,7,False
2016-05-27 07:50:00,180,7,True
2016-05-27 08:00:00,360,8,True
2016-05-27 08:10:00,100,8,False
2016-05-27 08:20:00,70,8,False
2016-05-27 08:30:00,80,8,False
2016-05-27 08:40:00,80,8,False
2016-05-27 08:50:00,90,8,False
2016-05-27 09:00:00,90,9,False
2016-05-27 09:10:00,60,9,False
2016-05-27 09:20:00,70,9,False
2016-05-27 09:30:00,50,9,False
2016-05-27 09:40:00,580,9,True
2016-05-27 09:50:00,660,9,True
2016-05-27 10:00:00,300,10,True
2016-05-27 10:10:00,260,10,True
2016-05-27 10:20:00,290,10,True
2016-05-27 10:30:00,240,10,True
2016-05-27 10:40:00,240,10,True
2016-05-27 10:50:00,180,10,True
2016-05-27 11:00:00,190,11,True
2016-05-27 11:10:00,70,11,False
2016-05-27 11:20:00,400,11,True
2016-05-27 11:30:00,620,11,True
2016-05-27 11:40:00,330,11,True
2016-05-27 11:50:00,250,11,True
2016-05-27 12:00:00,260,12,True
2016-05-27 12:10:00,240,12,True
2016-05-27 12:20:00,230,12,True
2016-05-27 12:30:00,220,12,True
2016-05-27 12:40:00,90,12,False
2016-05-27 12:50:00,70,12,False
2016-05-27 13:00:00,370,13,True
2016-05-27 13:10:00,280,13,True
2016-05-27 13:20:00,240,13,True
2016-05-27 13:30:00,250,13,True
2016-05-27 13:40:00,220,13,True
2016-05-27 13:50:00,230,13,True
2016-05-27 14:00:00,190,14,True
2016-05-27 14:10:00,160,14,False
2016-05-27 14:20:00,80,14,False
2016-05-27 14:30:00,60,14,False
2016-05-27 14:40:00,60,14,False
2016-05-27 14:50:00,60,14,False
2016-05-27 15:00:00,60,15,False
2016-05-27 15:10:00,70,15,False
2016-05-27 15:20:00,80,15,False
2016-05-27 15:30:00,80,15,False
2016-05-27 15:40:00,70,15,False
2016-05-27 15:50:00,100,15,False
2016-05-27 16:00:00,100,16,False
2016-05-27 16:10:00,90,16,False
2016-05-27 16:20:00,100,16,False
2016-05-27 16:30:00,220,16,True
2016-05-27 16:40:00,180,16,True
2016-05-27 16:50:00,120,16,False
2016-05-27 17:00:00,110,17,False
2016-05-27 17:10:00,90,17,False
2016-05-27 17:20:00,100,17,False
2016-05-27 17:30:00,90,17,False
2016-05-27 17:40:00,270,17,True
2016-05-27 17:50:00,420,17,True
2016-05-27 18:00:00,430,18,True
